variant,trial,request,elapsed_ns,status,response_bytes,connection_will_close
baseline,1,1,7019291,200,155,0
baseline,1,2,7739817,200,155,0
baseline,1,3,7694757,200,155,0
baseline,1,4,6892780,200,155,0
baseline,1,5,7904568,200,155,0
baseline,1,6,7020672,200,155,0
baseline,1,7,7006930,200,155,0
baseline,1,8,6944941,200,155,0
baseline,1,9,6994940,200,155,0
baseline,1,10,7265124,200,155,0
baseline,1,11,7040431,200,155,0
baseline,1,12,6974030,200,155,0
baseline,1,13,7595046,200,155,0
baseline,1,14,7270503,200,155,0
baseline,1,15,7140092,200,155,0
baseline,1,16,7407745,200,155,0
baseline,1,17,7141692,200,155,0
baseline,1,18,7187792,200,155,0
baseline,1,19,7444075,200,155,0
baseline,1,20,7454875,200,155,0
baseline,1,21,7193082,200,155,0
baseline,1,22,7103492,200,155,0
baseline,1,23,8961158,200,155,0
baseline,1,24,7194612,200,155,0
baseline,1,25,7124992,200,155,0
baseline,1,26,7168052,200,155,0
baseline,1,27,7009532,200,155,0
baseline,1,28,7194312,200,155,0
baseline,1,29,7143932,200,155,0
baseline,1,30,6944000,200,155,0
baseline,1,31,6902000,200,155,0
baseline,1,32,6971981,200,155,0
baseline,1,33,7251803,200,155,0
baseline,1,34,7055641,200,155,0
baseline,1,35,7053111,200,155,0
baseline,1,36,6911320,200,155,0
baseline,1,37,7127172,200,155,0
baseline,1,38,7044422,200,155,0
baseline,1,39,6929420,200,155,0
baseline,1,40,7215253,200,155,0
baseline,1,41,7056221,200,155,0
baseline,1,42,7037631,200,155,0
baseline,1,43,7050701,200,155,0
baseline,1,44,6855810,200,155,0
baseline,1,45,6957280,200,155,0
baseline,1,46,6978021,200,155,0
baseline,1,47,7089581,200,155,0
baseline,1,48,7474075,200,155,0
baseline,1,49,7064012,200,155,0
baseline,1,50,7026561,200,155,0
baseline,1,51,7165922,200,155,0
baseline,1,52,7007271,200,155,0
baseline,1,53,6991651,200,155,0
baseline,1,54,7162822,200,155,0
baseline,1,55,7061791,200,155,0
baseline,1,56,7021021,200,155,0
baseline,1,57,7142762,200,155,0
baseline,1,58,6992201,200,155,0
baseline,1,59,6832099,200,155,0
baseline,1,60,7022321,200,155,0
baseline,1,61,7211553,200,155,0
baseline,1,62,6928070,200,155,0
baseline,1,63,6865940,200,155,0
baseline,1,64,7008051,200,155,0
baseline,1,65,7110441,200,155,0
baseline,1,66,6993870,200,155,0
baseline,1,67,7095052,200,155,0
baseline,1,68,6931050,200,155,0
baseline,1,69,6993321,200,155,0
baseline,1,70,7060311,200,155,0
baseline,1,71,7113222,200,155,0
baseline,1,72,7264983,200,155,0
baseline,1,73,6895340,200,155,0
baseline,1,74,6826709,200,155,0
baseline,1,75,7075172,200,155,0
baseline,1,76,6827469,200,155,0
baseline,1,77,6991501,200,155,0
baseline,1,78,7160922,200,155,0
baseline,1,79,6858630,200,155,0
baseline,1,80,6904420,200,155,0
baseline,1,81,6968180,200,155,0
baseline,1,82,6826890,200,155,0
baseline,1,83,6966190,200,155,0
baseline,1,84,6924640,200,155,0
baseline,1,85,6976231,200,155,0
baseline,1,86,6878020,200,155,0
baseline,1,87,6999790,200,155,0
baseline,1,88,7232423,200,155,0
baseline,1,89,7015011,200,155,0
baseline,1,90,6967611,200,155,0
baseline,1,91,6987570,200,155,0
baseline,1,92,7015901,200,155,0
baseline,1,93,7044432,200,155,0
baseline,1,94,7016711,200,155,0
baseline,1,95,7141902,200,155,0
baseline,1,96,7067231,200,155,0
baseline,1,97,7027591,200,155,0
baseline,1,98,6908750,200,155,0
baseline,1,99,7009401,200,155,0
baseline,1,100,7019431,200,155,0
baseline,1,101,6965300,200,155,0
baseline,1,102,6886290,200,155,0
baseline,1,103,6949460,200,155,0
baseline,1,104,6987340,200,155,0
baseline,1,105,7024291,200,155,0
baseline,1,106,6869460,200,155,0
baseline,1,107,6969181,200,155,0
baseline,1,108,7231662,200,155,0
baseline,1,109,6982231,200,155,0
baseline,1,110,7059191,200,155,0
baseline,1,111,6878530,200,155,0
baseline,1,112,7063831,200,155,0
baseline,1,113,7029601,200,155,0
baseline,1,114,7085691,200,155,0
baseline,1,115,6972021,200,155,0
baseline,1,116,6821289,200,155,0
baseline,1,117,7042281,200,155,0
baseline,1,118,6943941,200,155,0
baseline,1,119,7050931,200,155,0
baseline,1,120,7071681,200,155,0
baseline,1,121,6820839,200,155,0
baseline,1,122,6959271,200,155,0
baseline,1,123,7141362,200,155,0
baseline,1,124,6856669,200,155,0
baseline,1,125,6960271,200,155,0
baseline,1,126,6839799,200,155,0
baseline,1,127,7070652,200,155,0
baseline,1,128,6994581,200,155,0
baseline,1,129,6892530,200,155,0
baseline,1,130,7012280,200,155,0
baseline,1,131,7067162,200,155,0
baseline,1,132,7043951,200,155,0
baseline,1,133,6929390,200,155,0
baseline,1,134,7038971,200,155,0
baseline,1,135,7069512,200,155,0
baseline,1,136,7039311,200,155,0
baseline,1,137,6793209,200,155,0
baseline,1,138,6822589,200,155,0
baseline,1,139,7042611,200,155,0
baseline,1,140,6855710,200,155,0
baseline,1,141,7005201,200,155,0
baseline,1,142,7132082,200,155,0
baseline,1,143,6980630,200,155,0
baseline,1,144,6840160,200,155,0
baseline,1,145,6889300,200,155,0
baseline,1,146,7044021,200,155,0
baseline,1,147,6863579,200,155,0
baseline,1,148,7115562,200,155,0
baseline,1,149,6654948,200,155,0
baseline,1,150,7031741,200,155,0
baseline,1,151,7485455,200,155,0
baseline,1,152,7985559,200,155,0
baseline,1,153,7200073,200,155,0
baseline,1,154,7424424,200,155,0
baseline,1,155,8352873,200,155,0
baseline,1,156,7836118,200,155,0
baseline,1,157,7262973,200,155,0
baseline,1,158,7027321,200,155,0
baseline,1,159,7851638,200,155,0
baseline,1,160,7111772,200,155,0
baseline,1,161,7466035,200,155,0
baseline,1,162,6787939,200,155,0
baseline,1,163,6873369,200,155,0
baseline,1,164,7142232,200,155,0
baseline,1,165,7470605,200,155,0
baseline,1,166,7379574,200,155,0
baseline,1,167,6770849,200,155,0
baseline,1,168,6825819,200,155,0
baseline,1,169,7128542,200,155,0
baseline,1,170,7110222,200,155,0
baseline,1,171,6862690,200,155,0
baseline,1,172,6738278,200,155,0
baseline,1,173,6869790,200,155,0
baseline,1,174,7012901,200,155,0
baseline,1,175,7008171,200,155,0
baseline,1,176,7079361,200,155,0
baseline,1,177,7039801,200,155,0
baseline,1,178,6956261,200,155,0
baseline,1,179,7098041,200,155,0
baseline,1,180,6973271,200,155,0
baseline,1,181,6839519,200,155,0
baseline,1,182,7095152,200,155,0
baseline,1,183,6991361,200,155,0
baseline,1,184,7105861,200,155,0
baseline,1,185,7060562,200,155,0
baseline,1,186,7194872,200,155,0
baseline,1,187,7127872,200,155,0
baseline,1,188,6870570,200,155,0
baseline,1,189,7096151,200,155,0
baseline,1,190,6998291,200,155,0
baseline,1,191,6827909,200,155,0
baseline,1,192,6741059,200,155,0
baseline,1,193,6728578,200,155,0
baseline,1,194,6776429,200,155,0
baseline,1,195,6709918,200,155,0
baseline,1,196,6821179,200,155,0
baseline,1,197,6863990,200,155,0
baseline,1,198,6793079,200,155,0
baseline,1,199,6676908,200,155,0
baseline,1,200,6705628,200,155,0
baseline,1,201,6926520,200,155,0
baseline,1,202,6863290,200,155,0
baseline,1,203,6852449,200,155,0
baseline,1,204,9001498,200,155,0
baseline,1,205,6549497,200,155,0
baseline,1,206,6644448,200,155,0
baseline,1,207,6921670,200,155,0
baseline,1,208,6745989,200,155,0
baseline,1,209,6759308,200,155,0
baseline,1,210,6633688,200,155,0
baseline,1,211,7022371,200,155,0
baseline,1,212,6783499,200,155,0
baseline,1,213,6806709,200,155,0
baseline,1,214,7012181,200,155,0
baseline,1,215,8667975,200,155,0
baseline,1,216,6765539,200,155,0
baseline,1,217,7028821,200,155,0
baseline,1,218,6917230,200,155,0
baseline,1,219,6888519,200,155,0
baseline,1,220,6917620,200,155,0
baseline,1,221,6796499,200,155,0
baseline,1,222,6619588,200,155,0
baseline,1,223,6570357,200,155,0
baseline,1,224,6862510,200,155,0
baseline,1,225,6859449,200,155,0
baseline,1,226,6973571,200,155,0
baseline,1,227,6976290,200,155,0
baseline,1,228,6967631,200,155,0
baseline,1,229,6773358,200,155,0
baseline,1,230,6859280,200,155,0
baseline,1,231,6775859,200,155,0
baseline,1,232,6780349,200,155,0
baseline,1,233,6734488,200,155,0
baseline,1,234,6756429,200,155,0
baseline,1,235,6630587,200,155,0
baseline,1,236,6714859,200,155,0
baseline,1,237,6752638,200,155,0
baseline,1,238,6663158,200,155,0
baseline,1,239,6667728,200,155,0
baseline,1,240,6428896,200,155,0
baseline,1,241,6728988,200,155,0
baseline,1,242,6389716,200,155,0
baseline,1,243,6486386,200,155,0
baseline,1,244,6626907,200,155,0
baseline,1,245,6575877,200,155,0
baseline,1,246,6594698,200,155,0
baseline,1,247,6589967,200,155,0
baseline,1,248,6581807,200,155,0
baseline,1,249,6641298,200,155,0
baseline,1,250,7112901,200,155,0
baseline,1,251,6710739,200,155,0
baseline,1,252,8564224,200,155,0
baseline,1,253,9095479,200,155,0
baseline,1,254,6706128,200,155,0
baseline,1,255,6472316,200,155,0
baseline,1,256,6875920,200,155,0
baseline,1,257,6639177,200,155,0
baseline,1,258,7403634,200,155,0
baseline,1,259,6817789,200,155,0
baseline,1,260,6836049,200,155,0
baseline,1,261,6690158,200,155,0
baseline,1,262,6841880,200,155,0
baseline,1,263,7068131,200,155,0
baseline,1,264,6818729,200,155,0
baseline,1,265,7158642,200,155,0
baseline,1,266,7145382,200,155,0
baseline,1,267,6657898,200,155,0
baseline,1,268,6949831,200,155,0
baseline,1,269,6911880,200,155,0
baseline,1,270,9304680,200,155,0
baseline,1,271,6879210,200,155,0
baseline,1,272,6606037,200,155,0
baseline,1,273,6936621,200,155,0
baseline,1,274,7841278,200,155,0
baseline,1,275,7219142,200,155,0
baseline,1,276,7091332,200,155,0
baseline,1,277,6818939,200,155,0
baseline,1,278,8058860,200,155,0
baseline,1,279,7232173,200,155,0
baseline,1,280,6812429,200,155,0
baseline,1,281,7179022,200,155,0
baseline,1,282,7081112,200,155,0
baseline,1,283,8181401,200,155,0
baseline,1,284,7498905,200,155,0
baseline,1,285,7010381,200,155,0
baseline,1,286,6980590,200,155,0
baseline,1,287,7152922,200,155,0
baseline,1,288,7240313,200,155,0
baseline,1,289,7422395,200,155,0
baseline,1,290,8494323,200,155,0
baseline,1,291,8746166,200,155,0
baseline,1,292,7037331,200,155,0
baseline,1,293,6744559,200,155,0
baseline,1,294,8583224,200,155,0
baseline,1,295,6976870,200,155,0
baseline,1,296,6853830,200,155,0
baseline,1,297,6583227,200,155,0
baseline,1,298,6835729,200,155,0
baseline,1,299,8375453,200,155,0
baseline,1,300,6655697,200,155,0
baseline,1,301,6586418,200,155,0
baseline,1,302,6612967,200,155,0
baseline,1,303,6661898,200,155,0
baseline,1,304,6747718,200,155,0
baseline,1,305,6929950,200,155,0
baseline,1,306,6804149,200,155,0
baseline,1,307,6710689,200,155,0
baseline,1,308,7895528,200,155,0
baseline,1,309,6639308,200,155,0
baseline,1,310,6728678,200,155,0
baseline,1,311,7668367,200,155,0
baseline,1,312,8313532,200,155,0
baseline,1,313,6693818,200,155,0
baseline,1,314,6869319,200,155,0
baseline,1,315,6741529,200,155,0
baseline,1,316,6395736,200,155,0
baseline,1,317,6614487,200,155,0
baseline,1,318,6612517,200,155,0
baseline,1,319,6771459,200,155,0
baseline,1,320,6746599,200,155,0
baseline,1,321,6633997,200,155,0
baseline,1,322,6567227,200,155,0
baseline,1,323,6862680,200,155,0
baseline,1,324,6578157,200,155,0
baseline,1,325,6719148,200,155,0
baseline,1,326,6617688,200,155,0
baseline,1,327,6733648,200,155,0
baseline,1,328,6879060,200,155,0
baseline,1,329,6725338,200,155,0
baseline,1,330,6764729,200,155,0
baseline,1,331,6685768,200,155,0
baseline,1,332,6790019,200,155,0
baseline,1,333,6806569,200,155,0
baseline,1,334,6840939,200,155,0
baseline,1,335,6764219,200,155,0
baseline,1,336,6949770,200,155,0
baseline,1,337,6791458,200,155,0
baseline,1,338,6824969,200,155,0
baseline,1,339,6792888,200,155,0
baseline,1,340,6747748,200,155,0
baseline,1,341,6745429,200,155,0
baseline,1,342,6654967,200,155,0
baseline,1,343,6778439,200,155,0
baseline,1,344,6780159,200,155,0
baseline,1,345,6777829,200,155,0
baseline,1,346,6638617,200,155,0
baseline,1,347,6658808,200,155,0
baseline,1,348,7940279,200,155,0
baseline,1,349,6755749,200,155,0
baseline,1,350,7778657,200,155,0
baseline,1,351,6821010,200,155,0
baseline,1,352,6665398,200,155,0
baseline,1,353,6691247,200,155,0
baseline,1,354,6880750,200,155,0
baseline,1,355,6820449,200,155,0
baseline,1,356,6748929,200,155,0
baseline,1,357,6790879,200,155,0
baseline,1,358,6704418,200,155,0
baseline,1,359,6784689,200,155,0
baseline,1,360,6642458,200,155,0
baseline,1,361,6783109,200,155,0
baseline,1,362,6598407,200,155,0
baseline,1,363,6803899,200,155,0
baseline,1,364,6782599,200,155,0
baseline,1,365,6764319,200,155,0
baseline,1,366,6731318,200,155,0
baseline,1,367,6803259,200,155,0
baseline,1,368,6713008,200,155,0
baseline,1,369,6571346,200,155,0
baseline,1,370,6732809,200,155,0
baseline,1,371,6860729,200,155,0
baseline,1,372,6832030,200,155,0
baseline,1,373,6670878,200,155,0
baseline,1,374,6680868,200,155,0
baseline,1,375,6834909,200,155,0
baseline,1,376,6683378,200,155,0
baseline,1,377,6686848,200,155,0
baseline,1,378,6773269,200,155,0
baseline,1,379,6731718,200,155,0
baseline,1,380,6800829,200,155,0
baseline,1,381,6811709,200,155,0
baseline,1,382,7030711,200,155,0
baseline,1,383,6607008,200,155,0
baseline,1,384,6798919,200,155,0
baseline,1,385,7111281,200,155,0
baseline,1,386,6750009,200,155,0
baseline,1,387,7161972,200,155,0
baseline,1,388,6755979,200,155,0
baseline,1,389,9080449,200,155,0
baseline,1,390,6933940,200,155,0
baseline,1,391,6843029,200,155,0
baseline,1,392,6861139,200,155,0
baseline,1,393,7207042,200,155,0
baseline,1,394,6917700,200,155,0
baseline,1,395,7022531,200,155,0
baseline,1,396,6646058,200,155,0
baseline,1,397,8122851,200,155,0
baseline,1,398,7197912,200,155,0
baseline,1,399,7160702,200,155,0
baseline,1,400,7038061,200,155,0
baseline,1,401,8090641,200,155,0
baseline,1,402,7105551,200,155,0
baseline,1,403,7298874,200,155,0
baseline,1,404,6863209,200,155,0
baseline,1,405,7451695,200,155,0
baseline,1,406,6707058,200,155,0
baseline,1,407,6887590,200,155,0
baseline,1,408,7138612,200,155,0
baseline,1,409,6937410,200,155,0
baseline,1,410,7401414,200,155,0
baseline,1,411,8085690,200,155,0
baseline,1,412,6582437,200,155,0
baseline,1,413,6952760,200,155,0
baseline,1,414,6786969,200,155,0
baseline,1,415,6769329,200,155,0
baseline,1,416,6967990,200,155,0
baseline,1,417,6974231,200,155,0
baseline,1,418,6732378,200,155,0
baseline,1,419,6710038,200,155,0
baseline,1,420,6817330,200,155,0
baseline,1,421,7022831,200,155,0
baseline,1,422,6819559,200,155,0
baseline,1,423,6946780,200,155,0
baseline,1,424,6624107,200,155,0
baseline,1,425,6906270,200,155,0
baseline,1,426,6872800,200,155,0
baseline,1,427,6716098,200,155,0
baseline,1,428,6938381,200,155,0
baseline,1,429,6667238,200,155,0
baseline,1,430,6805029,200,155,0
baseline,1,431,7003050,200,155,0
baseline,1,432,6893270,200,155,0
baseline,1,433,6782009,200,155,0
baseline,1,434,6923500,200,155,0
baseline,1,435,6846610,200,155,0
baseline,1,436,7032031,200,155,0
baseline,1,437,6676017,200,155,0
baseline,1,438,7509746,200,155,0
baseline,1,439,6797319,200,155,0
baseline,1,440,6884239,200,155,0
baseline,1,441,7056621,200,155,0
baseline,1,442,6938720,200,155,0
baseline,1,443,6860289,200,155,0
baseline,1,444,6808329,200,155,0
baseline,1,445,6925660,200,155,0
baseline,1,446,7052932,200,155,0
baseline,1,447,7014511,200,155,0
baseline,1,448,6804269,200,155,0
baseline,1,449,6849299,200,155,0
baseline,1,450,6750678,200,155,0
baseline,1,451,7400814,200,155,0
baseline,1,452,6869119,200,155,0
baseline,1,453,6913360,200,155,0
baseline,1,454,6853410,200,155,0
baseline,1,455,6848149,200,155,0
baseline,1,456,7003561,200,155,0
baseline,1,457,6933330,200,155,0
baseline,1,458,6895960,200,155,0
baseline,1,459,6814349,200,155,0
baseline,1,460,6748369,200,155,0
baseline,1,461,6800469,200,155,0
baseline,1,462,6658807,200,155,0
baseline,1,463,6996501,200,155,0
baseline,1,464,6650008,200,155,0
baseline,1,465,6775109,200,155,0
baseline,1,466,6945090,200,155,0
baseline,1,467,6634627,200,155,0
baseline,1,468,6945111,200,155,0
baseline,1,469,7063071,200,155,0
baseline,1,470,6830999,200,155,0
baseline,1,471,6799569,200,155,0
baseline,1,472,6627678,200,155,0
baseline,1,473,6724938,200,155,0
baseline,1,474,9031828,200,155,0
baseline,1,475,6788419,200,155,0
baseline,1,476,6782639,200,155,0
baseline,1,477,6868330,200,155,0
baseline,1,478,6632257,200,155,0
baseline,1,479,6998421,200,155,0
baseline,1,480,6676498,200,155,0
baseline,1,481,6917540,200,155,0
baseline,1,482,6912170,200,155,0
baseline,1,483,6776518,200,155,0
baseline,1,484,6788068,200,155,0
baseline,1,485,7067842,200,155,0
baseline,1,486,6621667,200,155,0
baseline,1,487,6900770,200,155,0
baseline,1,488,6790379,200,155,0
baseline,1,489,6924440,200,155,0
baseline,1,490,7046571,200,155,0
baseline,1,491,6619308,200,155,0
baseline,1,492,6767688,200,155,0
baseline,1,493,6730809,200,155,0
baseline,1,494,6865669,200,155,0
baseline,1,495,6808139,200,155,0
baseline,1,496,9421411,200,155,0
baseline,1,497,7195623,200,155,0
baseline,1,498,6815419,200,155,0
baseline,1,499,6968140,200,155,0
baseline,1,500,6821199,200,155,0
baseline,1,501,6692078,200,155,0
baseline,1,502,6851920,200,155,0
baseline,1,503,6811409,200,155,0
baseline,1,504,6707878,200,155,0
baseline,1,505,6975221,200,155,0
baseline,1,506,6942950,200,155,0
baseline,1,507,6803479,200,155,0
baseline,1,508,6999061,200,155,0
baseline,1,509,6974050,200,155,0
baseline,1,510,6999031,200,155,0
baseline,1,511,6712978,200,155,0
baseline,1,512,6864020,200,155,0
baseline,1,513,6921960,200,155,0
baseline,1,514,7008701,200,155,0
baseline,1,515,6878539,200,155,0
baseline,1,516,6957081,200,155,0
baseline,1,517,6818779,200,155,0
baseline,1,518,7036131,200,155,0
baseline,1,519,6991851,200,155,0
baseline,1,520,6874739,200,155,0
baseline,1,521,6636728,200,155,0
baseline,1,522,8769586,200,155,0
baseline,1,523,8141820,200,155,0
baseline,1,524,6875859,200,155,0
baseline,1,525,7118072,200,155,0
baseline,1,526,7083841,200,155,0
baseline,1,527,6903730,200,155,0
baseline,1,528,6887340,200,155,0
baseline,1,529,7067941,200,155,0
baseline,1,530,7759218,200,155,0
baseline,1,531,7018951,200,155,0
baseline,1,532,6787639,200,155,0
baseline,1,533,7083951,200,155,0
baseline,1,534,7111252,200,155,0
baseline,1,535,6879959,200,155,0
baseline,1,536,6825250,200,155,0
baseline,1,537,6906030,200,155,0
baseline,1,538,7543895,200,155,0
baseline,1,539,6774959,200,155,0
baseline,1,540,6766278,200,155,0
baseline,1,541,6685619,200,155,0
baseline,1,542,6939110,200,155,0
baseline,1,543,6594377,200,155,0
baseline,1,544,6509976,200,155,0
baseline,1,545,6663188,200,155,0
baseline,1,546,6584367,200,155,0
baseline,1,547,6562427,200,155,0
baseline,1,548,6812039,200,155,0
baseline,1,549,6503717,200,155,0
baseline,1,550,6614777,200,155,0
baseline,1,551,6800979,200,155,0
baseline,1,552,6999051,200,155,0
baseline,1,553,6760369,200,155,0
baseline,1,554,6476196,200,155,0
baseline,1,555,6529526,200,155,0
baseline,1,556,6544877,200,155,0
baseline,1,557,6764169,200,155,0
baseline,1,558,6506556,200,155,0
baseline,1,559,6653518,200,155,0
baseline,1,560,6765659,200,155,0
baseline,1,561,6601607,200,155,0
baseline,1,562,6786079,200,155,0
baseline,1,563,6635717,200,155,0
baseline,1,564,6683518,200,155,0
baseline,1,565,6744929,200,155,0
baseline,1,566,6672718,200,155,0
baseline,1,567,6654518,200,155,0
baseline,1,568,6486096,200,155,0
baseline,1,569,6635217,200,155,0
baseline,1,570,6434246,200,155,0
baseline,1,571,6711138,200,155,0
baseline,1,572,6505397,200,155,0
baseline,1,573,6574067,200,155,0
baseline,1,574,6718038,200,155,0
baseline,1,575,6613377,200,155,0
baseline,1,576,6402876,200,155,0
baseline,1,577,6653028,200,155,0
baseline,1,578,6528046,200,155,0
baseline,1,579,6531527,200,155,0
baseline,1,580,6541537,200,155,0
baseline,1,581,6750298,200,155,0
baseline,1,582,6630558,200,155,0
baseline,1,583,6575987,200,155,0
baseline,1,584,6871579,200,155,0
baseline,1,585,6512697,200,155,0
baseline,1,586,6524487,200,155,0
baseline,1,587,6629077,200,155,0
baseline,1,588,6856269,200,155,0
baseline,1,589,6848720,200,155,0
baseline,1,590,6685788,200,155,0
baseline,1,591,6782159,200,155,0
baseline,1,592,6885609,200,155,0
baseline,1,593,6763279,200,155,0
baseline,1,594,6616457,200,155,0
baseline,1,595,6923440,200,155,0
baseline,1,596,6797399,200,155,0
baseline,1,597,6758709,200,155,0
baseline,1,598,6696678,200,155,0
baseline,1,599,6494396,200,155,0
baseline,1,600,6545047,200,155,0
baseline,1,601,6765819,200,155,0
baseline,1,602,6692708,200,155,0
baseline,1,603,6746648,200,155,0
baseline,1,604,6671708,200,155,0
baseline,1,605,6821469,200,155,0
baseline,1,606,6793679,200,155,0
baseline,1,607,6713108,200,155,0
baseline,1,608,6783298,200,155,0
baseline,1,609,6504517,200,155,0
baseline,1,610,6529636,200,155,0
baseline,1,611,6767169,200,155,0
baseline,1,612,6658598,200,155,0
baseline,1,613,6714328,200,155,0
baseline,1,614,6683558,200,155,0
baseline,1,615,6607367,200,155,0
baseline,1,616,6795619,200,155,0
baseline,1,617,6774809,200,155,0
baseline,1,618,6576097,200,155,0
baseline,1,619,6772779,200,155,0
baseline,1,620,6773818,200,155,0
baseline,1,621,6733029,200,155,0
baseline,1,622,6661358,200,155,0
baseline,1,623,6729168,200,155,0
baseline,1,624,6663528,200,155,0
baseline,1,625,6642597,200,155,0
baseline,1,626,8802787,200,155,0
baseline,1,627,6715218,200,155,0
baseline,1,628,6416906,200,155,0
baseline,1,629,6598877,200,155,0
baseline,1,630,6554017,200,155,0
baseline,1,631,6489416,200,155,0
baseline,1,632,6426595,200,155,0
baseline,1,633,6695869,200,155,0
baseline,1,634,6474886,200,155,0
baseline,1,635,6610537,200,155,0
baseline,1,636,6586277,200,155,0
baseline,1,637,6555467,200,155,0
baseline,1,638,6691208,200,155,0
baseline,1,639,6511036,200,155,0
baseline,1,640,6546756,200,155,0
baseline,1,641,6759849,200,155,0
baseline,1,642,6723548,200,155,0
baseline,1,643,6768759,200,155,0
baseline,1,644,6750318,200,155,0
baseline,1,645,6639078,200,155,0
baseline,1,646,6769659,200,155,0
baseline,1,647,6723138,200,155,0
baseline,1,648,6677088,200,155,0
baseline,1,649,6706768,200,155,0
baseline,1,650,6779879,200,155,0
baseline,1,651,6515566,200,155,0
baseline,1,652,6714349,200,155,0
baseline,1,653,6546266,200,155,0
baseline,1,654,6731759,200,155,0
baseline,1,655,6663088,200,155,0
baseline,1,656,6461355,200,155,0
baseline,1,657,8058020,200,155,0
baseline,1,658,7516766,200,155,0
baseline,1,659,6582217,200,155,0
baseline,1,660,6554236,200,155,0
baseline,1,661,6714238,200,155,0
baseline,1,662,6732168,200,155,0
baseline,1,663,6776429,200,155,0
baseline,1,664,6819229,200,155,0
baseline,1,665,6831029,200,155,0
baseline,1,666,6893700,200,155,0
baseline,1,667,7123352,200,155,0
baseline,1,668,8471523,200,155,0
baseline,1,669,6683018,200,155,0
baseline,1,670,6915090,200,155,0
baseline,1,671,7018891,200,155,0
baseline,1,672,6883490,200,155,0
baseline,1,673,6913069,200,155,0
baseline,1,674,6654538,200,155,0
baseline,1,675,7044421,200,155,0
baseline,1,676,6956601,200,155,0
baseline,1,677,6941830,200,155,0
baseline,1,678,7067731,200,155,0
baseline,1,679,6585187,200,155,0
baseline,1,680,9212280,200,155,0
baseline,1,681,7032791,200,155,0
baseline,1,682,6943540,200,155,0
baseline,1,683,6866110,200,155,0
baseline,1,684,6835079,200,155,0
baseline,1,685,6939930,200,155,0
baseline,1,686,6738259,200,155,0
baseline,1,687,6773338,200,155,0
baseline,1,688,6766288,200,155,0
baseline,1,689,6827889,200,155,0
baseline,1,690,6820799,200,155,0
baseline,1,691,6793989,200,155,0
baseline,1,692,6780779,200,155,0
baseline,1,693,6859710,200,155,0
baseline,1,694,6850839,200,155,0
baseline,1,695,6663778,200,155,0
baseline,1,696,6851499,200,155,0
baseline,1,697,6836459,200,155,0
baseline,1,698,6711559,200,155,0
baseline,1,699,6795168,200,155,0
baseline,1,700,6580917,200,155,0
baseline,1,701,6708949,200,155,0
baseline,1,702,6917099,200,155,0
baseline,1,703,6915060,200,155,0
baseline,1,704,6844270,200,155,0
baseline,1,705,6671997,200,155,0
baseline,1,706,6787828,200,155,0
baseline,1,707,6758989,200,155,0
baseline,1,708,6814069,200,155,0
baseline,1,709,6796169,200,155,0
baseline,1,710,6922570,200,155,0
baseline,1,711,6843539,200,155,0
baseline,1,712,6686658,200,155,0
baseline,1,713,6930250,200,155,0
baseline,1,714,6876600,200,155,0
baseline,1,715,6743968,200,155,0
baseline,1,716,6930801,200,155,0
baseline,1,717,6779448,200,155,0
baseline,1,718,6915860,200,155,0
baseline,1,719,6893820,200,155,0
baseline,1,720,6907540,200,155,0
baseline,1,721,6856789,200,155,0
baseline,1,722,6629128,200,155,0
baseline,1,723,6915950,200,155,0
baseline,1,724,6688768,200,155,0
baseline,1,725,6854749,200,155,0
baseline,1,726,6605888,200,155,0
baseline,1,727,6677428,200,155,0
baseline,1,728,6792008,200,155,0
baseline,1,729,6763679,200,155,0
baseline,1,730,6785769,200,155,0
baseline,1,731,7016631,200,155,0
baseline,1,732,6955450,200,155,0
baseline,1,733,6753688,200,155,0
baseline,1,734,6832970,200,155,0
baseline,1,735,6851229,200,155,0
baseline,1,736,6682688,200,155,0
baseline,1,737,6712768,200,155,0
baseline,1,738,6646708,200,155,0
baseline,1,739,6785029,200,155,0
baseline,1,740,6813129,200,155,0
baseline,1,741,6861159,200,155,0
baseline,1,742,6674398,200,155,0
baseline,1,743,6895340,200,155,0
baseline,1,744,6845949,200,155,0
baseline,1,745,6803349,200,155,0
baseline,1,746,6692578,200,155,0
baseline,1,747,6679238,200,155,0
baseline,1,748,6645718,200,155,0
baseline,1,749,6795048,200,155,0
baseline,1,750,6810900,200,155,0
baseline,1,751,6620517,200,155,0
baseline,1,752,6822239,200,155,0
baseline,1,753,6627807,200,155,0
baseline,1,754,6956981,200,155,0
baseline,1,755,6761748,200,155,0
baseline,1,756,6613908,200,155,0
baseline,1,757,6858989,200,155,0
baseline,1,758,6810469,200,155,0
baseline,1,759,6908290,200,155,0
baseline,1,760,6864240,200,155,0
baseline,1,761,6853679,200,155,0
baseline,1,762,6941940,200,155,0
baseline,1,763,6970871,200,155,0
baseline,1,764,6972700,200,155,0
baseline,1,765,6786209,200,155,0
baseline,1,766,6684858,200,155,0
baseline,1,767,6815549,200,155,0
baseline,1,768,6632327,200,155,0
baseline,1,769,6722409,200,155,0
baseline,1,770,6592717,200,155,0
baseline,1,771,6857659,200,155,0
baseline,1,772,6773729,200,155,0
baseline,1,773,7046751,200,155,0
baseline,1,774,6917520,200,155,0
baseline,1,775,6962920,200,155,0
baseline,1,776,6802629,200,155,0
baseline,1,777,6919820,200,155,0
baseline,1,778,6844989,200,155,0
baseline,1,779,6929830,200,155,0
baseline,1,780,6973450,200,155,0
baseline,1,781,6858990,200,155,0
baseline,1,782,6814488,200,155,0
baseline,1,783,6788399,200,155,0
baseline,1,784,6625368,200,155,0
baseline,1,785,6895140,200,155,0
baseline,1,786,6826629,200,155,0
baseline,1,787,6949230,200,155,0
baseline,1,788,6821309,200,155,0
baseline,1,789,6934080,200,155,0
baseline,1,790,6809759,200,155,0
baseline,1,791,6620668,200,155,0
baseline,1,792,6779918,200,155,0
baseline,1,793,6770879,200,155,0
baseline,1,794,6803829,200,155,0
baseline,1,795,6685168,200,155,0
baseline,1,796,6704878,200,155,0
baseline,1,797,6652308,200,155,0
baseline,1,798,6639967,200,155,0
baseline,1,799,6728929,200,155,0
baseline,1,800,6581297,200,155,0
baseline,1,801,6605237,200,155,0
baseline,1,802,6670278,200,155,0
baseline,1,803,6650737,200,155,0
baseline,1,804,6622028,200,155,0
baseline,1,805,6579397,200,155,0
baseline,1,806,6705278,200,155,0
baseline,1,807,6614047,200,155,0
baseline,1,808,6627258,200,155,0
baseline,1,809,6618427,200,155,0
baseline,1,810,6812799,200,155,0
baseline,1,811,6485537,200,155,0
baseline,1,812,6704087,200,155,0
baseline,1,813,6478326,200,155,0
baseline,1,814,6578517,200,155,0
baseline,1,815,6796569,200,155,0
baseline,1,816,6631427,200,155,0
baseline,1,817,6687628,200,155,0
baseline,1,818,6796799,200,155,0
baseline,1,819,6636917,200,155,0
baseline,1,820,6717438,200,155,0
baseline,1,821,6611507,200,155,0
baseline,1,822,6628618,200,155,0
baseline,1,823,6749268,200,155,0
baseline,1,824,6576707,200,155,0
baseline,1,825,6688658,200,155,0
baseline,1,826,6586887,200,155,0
baseline,1,827,6780339,200,155,0
baseline,1,828,6628057,200,155,0
baseline,1,829,6525027,200,155,0
baseline,1,830,6575227,200,155,0
baseline,1,831,6683918,200,155,0
baseline,1,832,6835819,200,155,0
baseline,1,833,6557967,200,155,0
baseline,1,834,6663948,200,155,0
baseline,1,835,6627817,200,155,0
baseline,1,836,6791929,200,155,0
baseline,1,837,6643097,200,155,0
baseline,1,838,6495856,200,155,0
baseline,1,839,6649628,200,155,0
baseline,1,840,6568816,200,155,0
baseline,1,841,6544997,200,155,0
baseline,1,842,6622048,200,155,0
baseline,1,843,6442165,200,155,0
baseline,1,844,6667007,200,155,0
baseline,1,845,6654088,200,155,0
baseline,1,846,6554697,200,155,0
baseline,1,847,6628597,200,155,0
baseline,1,848,6527237,200,155,0
baseline,1,849,6501006,200,155,0
baseline,1,850,6754919,200,155,0
baseline,1,851,6663817,200,155,0
baseline,1,852,6583718,200,155,0
baseline,1,853,6721698,200,155,0
baseline,1,854,6520466,200,155,0
baseline,1,855,6428376,200,155,0
baseline,1,856,6441316,200,155,0
baseline,1,857,6485116,200,155,0
baseline,1,858,6660298,200,155,0
baseline,1,859,6760558,200,155,0
baseline,1,860,6454106,200,155,0
baseline,1,861,6478906,200,155,0
baseline,1,862,6762049,200,155,0
baseline,1,863,6437546,200,155,0
baseline,1,864,6696468,200,155,0
baseline,1,865,6534997,200,155,0
baseline,1,866,6430405,200,155,0
baseline,1,867,6782509,200,155,0
baseline,1,868,6457046,200,155,0
baseline,1,869,6606657,200,155,0
baseline,1,870,6597107,200,155,0
baseline,1,871,6579657,200,155,0
baseline,1,872,6593577,200,155,0
baseline,1,873,6617577,200,155,0
baseline,1,874,6514007,200,155,0
baseline,1,875,6549486,200,155,0
baseline,1,876,6510967,200,155,0
baseline,1,877,6642847,200,155,0
baseline,1,878,6644508,200,155,0
baseline,1,879,6531736,200,155,0
baseline,1,880,6673018,200,155,0
baseline,1,881,6483486,200,155,0
baseline,1,882,7275823,200,155,0
baseline,1,883,6486757,200,155,0
baseline,1,884,6594887,200,155,0
baseline,1,885,6465826,200,155,0
baseline,1,886,6581717,200,155,0
baseline,1,887,6925710,200,155,0
baseline,1,888,6292554,200,155,0
baseline,1,889,6624058,200,155,0
baseline,1,890,6695178,200,155,0
baseline,1,891,6524636,200,155,0
baseline,1,892,6861750,200,155,0
baseline,1,893,6489006,200,155,0
baseline,1,894,6596757,200,155,0
baseline,1,895,6510666,200,155,0
baseline,1,896,6648428,200,155,0
baseline,1,897,6908670,200,155,0
baseline,1,898,6510606,200,155,0
baseline,1,899,6567307,200,155,0
baseline,1,900,6586527,200,155,0
baseline,1,901,6756979,200,155,0
baseline,1,902,7201692,200,155,0
baseline,1,903,6498246,200,155,0
baseline,1,904,6422625,200,155,0
baseline,1,905,6481426,200,155,0
baseline,1,906,6686708,200,155,0
baseline,1,907,7081282,200,155,0
baseline,1,908,6736668,200,155,0
baseline,1,909,6434076,200,155,0
baseline,1,910,6560626,200,155,0
baseline,1,911,6580208,200,155,0
baseline,1,912,6704168,200,155,0
baseline,1,913,6389355,200,155,0
baseline,1,914,6719898,200,155,0
baseline,1,915,6495977,200,155,0
baseline,1,916,6505736,200,155,0
baseline,1,917,6868629,200,155,0
baseline,1,918,6490427,200,155,0
baseline,1,919,6481806,200,155,0
baseline,1,920,6606027,200,155,0
baseline,1,921,6699648,200,155,0
baseline,1,922,6787539,200,155,0
baseline,1,923,6700278,200,155,0
baseline,1,924,6374145,200,155,0
baseline,1,925,6591107,200,155,0
baseline,1,926,6428236,200,155,0
baseline,1,927,6993660,200,155,0
baseline,1,928,6556827,200,155,0
baseline,1,929,6622928,200,155,0
baseline,1,930,6532886,200,155,0
baseline,1,931,6655178,200,155,0
baseline,1,932,7226243,200,155,0
baseline,1,933,6427965,200,155,0
baseline,1,934,6547357,200,155,0
baseline,1,935,6760768,200,155,0
baseline,1,936,6703828,200,155,0
baseline,1,937,6544717,200,155,0
baseline,1,938,6731488,200,155,0
baseline,1,939,6564557,200,155,0
baseline,1,940,6478666,200,155,0
baseline,1,941,6666398,200,155,0
baseline,1,942,6717238,200,155,0
baseline,1,943,6631878,200,155,0
baseline,1,944,6529576,200,155,0
baseline,1,945,6609498,200,155,0
baseline,1,946,6500696,200,155,0
baseline,1,947,6763459,200,155,0
baseline,1,948,6692058,200,155,0
baseline,1,949,6735868,200,155,0
baseline,1,950,6785609,200,155,0
baseline,1,951,6375905,200,155,0
baseline,1,952,6854709,200,155,0
baseline,1,953,6689628,200,155,0
baseline,1,954,6645278,200,155,0
baseline,1,955,6775719,200,155,0
baseline,1,956,6714978,200,155,0
baseline,1,957,6727768,200,155,0
baseline,1,958,7169562,200,155,0
baseline,1,959,6697478,200,155,0
baseline,1,960,6522217,200,155,0
baseline,1,961,6683558,200,155,0
baseline,1,962,6506346,200,155,0
baseline,1,963,6626137,200,155,0
baseline,1,964,6721798,200,155,0
baseline,1,965,6448766,200,155,0
baseline,1,966,6586497,200,155,0
baseline,1,967,6748219,200,155,0
baseline,1,968,6608857,200,155,0
baseline,1,969,6726478,200,155,0
baseline,1,970,6445335,200,155,0
baseline,1,971,6570507,200,155,0
baseline,1,972,6679628,200,155,0
baseline,1,973,7339764,200,155,0
baseline,1,974,6585337,200,155,0
baseline,1,975,6998060,200,155,0
baseline,1,976,6679158,200,155,0
baseline,1,977,6828879,200,155,0
baseline,1,978,6558537,200,155,0
baseline,1,979,6599047,200,155,0
baseline,1,980,6606518,200,155,0
baseline,1,981,6770338,200,155,0
baseline,1,982,6771449,200,155,0
baseline,1,983,6656117,200,155,0
baseline,1,984,6792988,200,155,0
baseline,1,985,6660567,200,155,0
baseline,1,986,6761139,200,155,0
baseline,1,987,9192869,200,155,0
baseline,1,988,6041423,200,155,0
baseline,1,989,6078882,200,155,0
baseline,1,990,5877101,200,155,0
baseline,1,991,5832371,200,155,0
baseline,1,992,5836010,200,155,0
baseline,1,993,6207734,200,155,0
baseline,1,994,6516757,200,155,0
baseline,1,995,6637607,200,155,0
baseline,1,996,6768979,200,155,0
baseline,1,997,6751278,200,155,0
baseline,1,998,6470186,200,155,0
baseline,1,999,6475627,200,155,0
baseline,1,1000,6480696,200,155,0
baseline,2,1,5625598,200,155,0
baseline,2,2,5693389,200,155,0
baseline,2,3,5650839,200,155,0
baseline,2,4,5555938,200,155,0
baseline,2,5,5605288,200,155,0
baseline,2,6,6021402,200,155,0
baseline,2,7,5748710,200,155,0
baseline,2,8,5939171,200,155,0
baseline,2,9,5822960,200,155,0
baseline,2,10,5493537,200,155,0
baseline,2,11,5825720,200,155,0
baseline,2,12,5470947,200,155,0
baseline,2,13,5774790,200,155,0
baseline,2,14,5975241,200,155,0
baseline,2,15,5742650,200,155,0
baseline,2,16,5687848,200,155,0
baseline,2,17,5680630,200,155,0
baseline,2,18,5428576,200,155,0
baseline,2,19,5667539,200,155,0
baseline,2,20,5703079,200,155,0
baseline,2,21,5542038,200,155,0
baseline,2,22,5782900,200,155,0
baseline,2,23,7515885,200,155,0
baseline,2,24,5938721,200,155,0
baseline,2,25,5906901,200,155,0
baseline,2,26,5766419,200,155,0
baseline,2,27,6180203,200,155,0
baseline,2,28,5933671,200,155,0
baseline,2,29,5602428,200,155,0
baseline,2,30,7078031,200,155,0
baseline,2,31,5750820,200,155,0
baseline,2,32,6029382,200,155,0
baseline,2,33,5816530,200,155,0
baseline,2,34,5608978,200,155,0
baseline,2,35,5855750,200,155,0
baseline,2,36,5729160,200,155,0
baseline,2,37,5833300,200,155,0
baseline,2,38,5622009,200,155,0
baseline,2,39,5608468,200,155,0
baseline,2,40,5666049,200,155,0
baseline,2,41,5811170,200,155,0
baseline,2,42,5673569,200,155,0
baseline,2,43,5616748,200,155,0
baseline,2,44,5645649,200,155,0
baseline,2,45,5489327,200,155,0
baseline,2,46,5502108,200,155,0
baseline,2,47,5711759,200,155,0
baseline,2,48,6429305,200,155,0
baseline,2,49,5753110,200,155,0
baseline,2,50,5507307,200,155,0
baseline,2,51,5485497,200,155,0
baseline,2,52,5709300,200,155,0
baseline,2,53,6010681,200,155,0
baseline,2,54,5741620,200,155,0
baseline,2,55,5688859,200,155,0
baseline,2,56,6217693,200,155,0
baseline,2,57,5560728,200,155,0
baseline,2,58,5481047,200,155,0
baseline,2,59,5942321,200,155,0
baseline,2,60,5751719,200,155,0
baseline,2,61,5704200,200,155,0
baseline,2,62,6648007,200,155,0
baseline,2,63,5722149,200,155,0
baseline,2,64,5529338,200,155,0
baseline,2,65,6075232,200,155,0
baseline,2,66,6134363,200,155,0
baseline,2,67,6891529,200,155,0
baseline,2,68,5906480,200,155,0
baseline,2,69,6242564,200,155,0
baseline,2,70,6040002,200,155,0
baseline,2,71,6833749,200,155,0
baseline,2,72,5740489,200,155,0
baseline,2,73,5784690,200,155,0
baseline,2,74,5495128,200,155,0
baseline,2,75,7089861,200,155,0
baseline,2,76,5730069,200,155,0
baseline,2,77,5748420,200,155,0
baseline,2,78,5719619,200,155,0
baseline,2,79,5572048,200,155,0
baseline,2,80,5692949,200,155,0
baseline,2,81,5723849,200,155,0
baseline,2,82,6174583,200,155,0
baseline,2,83,6883770,200,155,0
baseline,2,84,5852000,200,155,0
baseline,2,85,5614189,200,155,0
baseline,2,86,5523817,200,155,0
baseline,2,87,6133223,200,155,0
baseline,2,88,7179592,200,155,0
baseline,2,89,6756358,200,155,0
baseline,2,90,6556286,200,155,0
baseline,2,91,7953579,200,155,0
baseline,2,92,6624747,200,155,0
baseline,2,93,6741168,200,155,0
baseline,2,94,6606127,200,155,0
baseline,2,95,6467746,200,155,0
baseline,2,96,6550576,200,155,0
baseline,2,97,6761348,200,155,0
baseline,2,98,6769509,200,155,0
baseline,2,99,6626807,200,155,0
baseline,2,100,6875159,200,155,0
baseline,2,101,6721918,200,155,0
baseline,2,102,6744798,200,155,0
baseline,2,103,6782218,200,155,0
baseline,2,104,6652378,200,155,0
baseline,2,105,6672687,200,155,0
baseline,2,106,6687668,200,155,0
baseline,2,107,6775008,200,155,0
baseline,2,108,6914630,200,155,0
baseline,2,109,6438375,200,155,0
baseline,2,110,6552737,200,155,0
baseline,2,111,6558576,200,155,0
baseline,2,112,6784499,200,155,0
baseline,2,113,6830428,200,155,0
baseline,2,114,6631388,200,155,0
baseline,2,115,6700237,200,155,0
baseline,2,116,6657658,200,155,0
baseline,2,117,6466875,200,155,0
baseline,2,118,6705278,200,155,0
baseline,2,119,6736708,200,155,0
baseline,2,120,6579677,200,155,0
baseline,2,121,6663517,200,155,0
baseline,2,122,6545237,200,155,0
baseline,2,123,6769148,200,155,0
baseline,2,124,6695808,200,155,0
baseline,2,125,6842699,200,155,0
baseline,2,126,6533316,200,155,0
baseline,2,127,6589637,200,155,0
baseline,2,128,6870389,200,155,0
baseline,2,129,6728108,200,155,0
baseline,2,130,6767948,200,155,0
baseline,2,131,6885130,200,155,0
baseline,2,132,6935629,200,155,0
baseline,2,133,6673197,200,155,0
baseline,2,134,6675297,200,155,0
baseline,2,135,6903789,200,155,0
baseline,2,136,6886399,200,155,0
baseline,2,137,6703008,200,155,0
baseline,2,138,6676218,200,155,0
baseline,2,139,6473245,200,155,0
baseline,2,140,6836759,200,155,0
baseline,2,141,6927360,200,155,0
baseline,2,142,6844679,200,155,0
baseline,2,143,6695568,200,155,0
baseline,2,144,6660277,200,155,0
baseline,2,145,6882969,200,155,0
baseline,2,146,6858089,200,155,0
baseline,2,147,6802099,200,155,0
baseline,2,148,6836629,200,155,0
baseline,2,149,6717438,200,155,0
baseline,2,150,6872829,200,155,0
baseline,2,151,6826469,200,155,0
baseline,2,152,6840659,200,155,0
baseline,2,153,6695658,200,155,0
baseline,2,154,6785858,200,155,0
baseline,2,155,6953850,200,155,0
baseline,2,156,6818739,200,155,0
baseline,2,157,6892779,200,155,0
baseline,2,158,6896940,200,155,0
baseline,2,159,6797188,200,155,0
baseline,2,160,6766489,200,155,0
baseline,2,161,6885239,200,155,0
baseline,2,162,6759708,200,155,0
baseline,2,163,6542927,200,155,0
baseline,2,164,6602086,200,155,0
baseline,2,165,6858309,200,155,0
baseline,2,166,6792788,200,155,0
baseline,2,167,6708618,200,155,0
baseline,2,168,6614087,200,155,0
baseline,2,169,7379904,200,155,0
baseline,2,170,6767738,200,155,0
baseline,2,171,6746778,200,155,0
baseline,2,172,6908710,200,155,0
baseline,2,173,6848979,200,155,0
baseline,2,174,6783428,200,155,0
baseline,2,175,6876089,200,155,0
baseline,2,176,6747088,200,155,0
baseline,2,177,6877280,200,155,0
baseline,2,178,6783018,200,155,0
baseline,2,179,6785919,200,155,0
baseline,2,180,6826208,200,155,0
baseline,2,181,6936410,200,155,0
baseline,2,182,6817709,200,155,0
baseline,2,183,6891809,200,155,0
baseline,2,184,6521087,200,155,0
baseline,2,185,6600266,200,155,0
baseline,2,186,6705148,200,155,0
baseline,2,187,6783629,200,155,0
baseline,2,188,6580466,200,155,0
baseline,2,189,6712468,200,155,0
baseline,2,190,6731918,200,155,0
baseline,2,191,6684188,200,155,0
baseline,2,192,6875749,200,155,0
baseline,2,193,6678367,200,155,0
baseline,2,194,6881700,200,155,0
baseline,2,195,6879759,200,155,0
baseline,2,196,6678308,200,155,0
baseline,2,197,6828758,200,155,0
baseline,2,198,6722658,200,155,0
baseline,2,199,6757828,200,155,0
baseline,2,200,6747039,200,155,0
baseline,2,201,6703977,200,155,0
baseline,2,202,6750449,200,155,0
baseline,2,203,6810638,200,155,0
baseline,2,204,6707598,200,155,0
baseline,2,205,6553106,200,155,0
baseline,2,206,6671988,200,155,0
baseline,2,207,6617997,200,155,0
baseline,2,208,6565116,200,155,0
baseline,2,209,6722968,200,155,0
baseline,2,210,6662668,200,155,0
baseline,2,211,6646317,200,155,0
baseline,2,212,6419125,200,155,0
baseline,2,213,6742538,200,155,0
baseline,2,214,6698818,200,155,0
baseline,2,215,6732968,200,155,0
baseline,2,216,6394595,200,155,0
baseline,2,217,6523966,200,155,0
baseline,2,218,6442826,200,155,0
baseline,2,219,6757748,200,155,0
baseline,2,220,6597387,200,155,0
baseline,2,221,6795288,200,155,0
baseline,2,222,6677968,200,155,0
baseline,2,223,6716908,200,155,0
baseline,2,224,6881719,200,155,0
baseline,2,225,6586157,200,155,0
baseline,2,226,6643327,200,155,0
baseline,2,227,6709688,200,155,0
baseline,2,228,6406375,200,155,0
baseline,2,229,6635337,200,155,0
baseline,2,230,6736888,200,155,0
baseline,2,231,6815769,200,155,0
baseline,2,232,6797068,200,155,0
baseline,2,233,6763978,200,155,0
baseline,2,234,6850999,200,155,0
baseline,2,235,6814579,200,155,0
baseline,2,236,6732868,200,155,0
baseline,2,237,6657227,200,155,0
baseline,2,238,6880820,200,155,0
baseline,2,239,6750738,200,155,0
baseline,2,240,6555976,200,155,0
baseline,2,241,6592187,200,155,0
baseline,2,242,6562506,200,155,0
baseline,2,243,6582317,200,155,0
baseline,2,244,6658818,200,155,0
baseline,2,245,6496196,200,155,0
baseline,2,246,5867820,200,155,0
baseline,2,247,5708449,200,155,0
baseline,2,248,5702789,200,155,0
baseline,2,249,5647429,200,155,0
baseline,2,250,5805770,200,155,0
baseline,2,251,5695809,200,155,0
baseline,2,252,5526918,200,155,0
baseline,2,253,5954591,200,155,0
baseline,2,254,5345506,200,155,0
baseline,2,255,5537628,200,155,0
baseline,2,256,5733659,200,155,0
baseline,2,257,5661149,200,155,0
baseline,2,258,8018079,200,155,0
baseline,2,259,5778609,200,155,0
baseline,2,260,5894290,200,155,0
baseline,2,261,5470677,200,155,0
baseline,2,262,5309806,200,155,0
baseline,2,263,5482457,200,155,0
baseline,2,264,5812040,200,155,0
baseline,2,265,5582518,200,155,0
baseline,2,266,5584129,200,155,0
baseline,2,267,5445186,200,155,0
baseline,2,268,5758530,200,155,0
baseline,2,269,5579288,200,155,0
baseline,2,270,5537058,200,155,0
baseline,2,271,5682189,200,155,0
baseline,2,272,5696559,200,155,0
baseline,2,273,5532157,200,155,0
baseline,2,274,5593058,200,155,0
baseline,2,275,5684479,200,155,0
baseline,2,276,5826150,200,155,0
baseline,2,277,5596958,200,155,0
baseline,2,278,5494607,200,155,0
baseline,2,279,5622639,200,155,0
baseline,2,280,5795160,200,155,0
baseline,2,281,5559368,200,155,0
baseline,2,282,5803630,200,155,0
baseline,2,283,5545407,200,155,0
baseline,2,284,5918171,200,155,0
baseline,2,285,5744850,200,155,0
baseline,2,286,5501427,200,155,0
baseline,2,287,5479948,200,155,0
baseline,2,288,5554567,200,155,0
baseline,2,289,5387997,200,155,0
baseline,2,290,5644368,200,155,0
baseline,2,291,5410667,200,155,0
baseline,2,292,5334866,200,155,0
baseline,2,293,5358586,200,155,0
baseline,2,294,5430767,200,155,0
baseline,2,295,5619028,200,155,0
baseline,2,296,5436927,200,155,0
baseline,2,297,5446417,200,155,0
baseline,2,298,5496287,200,155,0
baseline,2,299,5508048,200,155,0
baseline,2,300,5381956,200,155,0
baseline,2,301,5552248,200,155,0
baseline,2,302,5430847,200,155,0
baseline,2,303,5373816,200,155,0
baseline,2,304,5534037,200,155,0
baseline,2,305,5522338,200,155,0
baseline,2,306,5356606,200,155,0
baseline,2,307,5557158,200,155,0
baseline,2,308,5461237,200,155,0
baseline,2,309,5327796,200,155,0
baseline,2,310,5455667,200,155,0
baseline,2,311,5473987,200,155,0
baseline,2,312,5222045,200,155,0
baseline,2,313,5479687,200,155,0
baseline,2,314,5394707,200,155,0
baseline,2,315,5319165,200,155,0
baseline,2,316,5258336,200,155,0
baseline,2,317,5209664,200,155,0
baseline,2,318,5235256,200,155,0
baseline,2,319,5521107,200,155,0
baseline,2,320,5467507,200,155,0
baseline,2,321,5487047,200,155,0
baseline,2,322,5388947,200,155,0
baseline,2,323,5449427,200,155,0
baseline,2,324,5351096,200,155,0
baseline,2,325,5330216,200,155,0
baseline,2,326,5333066,200,155,0
baseline,2,327,5439006,200,155,0
baseline,2,328,5314126,200,155,0
baseline,2,329,5515138,200,155,0
baseline,2,330,5321955,200,155,0
baseline,2,331,5460056,200,155,0
baseline,2,332,5500928,200,155,0
baseline,2,333,5558148,200,155,0
baseline,2,334,5329255,200,155,0
baseline,2,335,5357567,200,155,0
baseline,2,336,5371896,200,155,0
baseline,2,337,5510137,200,155,0
baseline,2,338,5457217,200,155,0
baseline,2,339,5676399,200,155,0
baseline,2,340,5476837,200,155,0
baseline,2,341,5405397,200,155,0
baseline,2,342,5381766,200,155,0
baseline,2,343,5512718,200,155,0
baseline,2,344,5399196,200,155,0
baseline,2,345,5590108,200,155,0
baseline,2,346,5510198,200,155,0
baseline,2,347,5418916,200,155,0
baseline,2,348,5454277,200,155,0
baseline,2,349,5604389,200,155,0
baseline,2,350,5526167,200,155,0
baseline,2,351,5594798,200,155,0
baseline,2,352,5376667,200,155,0
baseline,2,353,5408106,200,155,0
baseline,2,354,5447057,200,155,0
baseline,2,355,5464057,200,155,0
baseline,2,356,5628039,200,155,0
baseline,2,357,5568827,200,155,0
baseline,2,358,5495788,200,155,0
baseline,2,359,5532497,200,155,0
baseline,2,360,5470387,200,155,0
baseline,2,361,5485697,200,155,0
baseline,2,362,5372406,200,155,0
baseline,2,363,5614078,200,155,0
baseline,2,364,5322566,200,155,0
baseline,2,365,5378597,200,155,0
baseline,2,366,5374436,200,155,0
baseline,2,367,5540028,200,155,0
baseline,2,368,5333565,200,155,0
baseline,2,369,5401827,200,155,0
baseline,2,370,5364826,200,155,0
baseline,2,371,5400867,200,155,0
baseline,2,372,5845710,200,155,0
baseline,2,373,6150003,200,155,0
baseline,2,374,6018192,200,155,0
baseline,2,375,5963171,200,155,0
baseline,2,376,5741130,200,155,0
baseline,2,377,6226473,200,155,0
baseline,2,378,5715099,200,155,0
baseline,2,379,6126423,200,155,0
baseline,2,380,6044922,200,155,0
baseline,2,381,5602178,200,155,0
baseline,2,382,6075973,200,155,0
baseline,2,383,5976791,200,155,0
baseline,2,384,5698059,200,155,0
baseline,2,385,5819280,200,155,0
baseline,2,386,5936271,200,155,0
baseline,2,387,5905951,200,155,0
baseline,2,388,5765080,200,155,0
baseline,2,389,6103682,200,155,0
baseline,2,390,5828181,200,155,0
baseline,2,391,6002391,200,155,0
baseline,2,392,5863041,200,155,0
baseline,2,393,5940931,200,155,0
baseline,2,394,5958191,200,155,0
baseline,2,395,5733870,200,155,0
baseline,2,396,5939771,200,155,0
baseline,2,397,5955561,200,155,0
baseline,2,398,6109543,200,155,0
baseline,2,399,5619038,200,155,0
baseline,2,400,5709289,200,155,0
baseline,2,401,5735029,200,155,0
baseline,2,402,6047912,200,155,0
baseline,2,403,5846861,200,155,0
baseline,2,404,5776590,200,155,0
baseline,2,405,5775749,200,155,0
baseline,2,406,7016631,200,155,0
baseline,2,407,6037391,200,155,0
baseline,2,408,5896981,200,155,0
baseline,2,409,6063823,200,155,0
baseline,2,410,5714729,200,155,0
baseline,2,411,5899310,200,155,0
baseline,2,412,6210334,200,155,0
baseline,2,413,5858120,200,155,0
baseline,2,414,5980192,200,155,0
baseline,2,415,5861200,200,155,0
baseline,2,416,5873461,200,155,0
baseline,2,417,6051312,200,155,0
baseline,2,418,6411215,200,155,0
baseline,2,419,5890791,200,155,0
baseline,2,420,6125732,200,155,0
baseline,2,421,5852821,200,155,0
baseline,2,422,5861090,200,155,0
baseline,2,423,5883471,200,155,0
baseline,2,424,5545297,200,155,0
baseline,2,425,5855991,200,155,0
baseline,2,426,5883310,200,155,0
baseline,2,427,5628838,200,155,0
baseline,2,428,5794780,200,155,0
baseline,2,429,5719519,200,155,0
baseline,2,430,5922541,200,155,0
baseline,2,431,5910751,200,155,0
baseline,2,432,5868090,200,155,0
baseline,2,433,5812010,200,155,0
baseline,2,434,5962002,200,155,0
baseline,2,435,5515617,200,155,0
baseline,2,436,5298456,200,155,0
baseline,2,437,5398226,200,155,0
baseline,2,438,5326756,200,155,0
baseline,2,439,5525968,200,155,0
baseline,2,440,5440807,200,155,0
baseline,2,441,5279365,200,155,0
baseline,2,442,5459657,200,155,0
baseline,2,443,5337896,200,155,0
baseline,2,444,5473227,200,155,0
baseline,2,445,5329606,200,155,0
baseline,2,446,5378636,200,155,0
baseline,2,447,5388076,200,155,0
baseline,2,448,5298326,200,155,0
baseline,2,449,5508347,200,155,0
baseline,2,450,5383947,200,155,0
baseline,2,451,5301775,200,155,0
baseline,2,452,5291776,200,155,0
baseline,2,453,5305576,200,155,0
baseline,2,454,5452667,200,155,0
baseline,2,455,5316675,200,155,0
baseline,2,456,5437417,200,155,0
baseline,2,457,5189455,200,155,0
baseline,2,458,5430216,200,155,0
baseline,2,459,5404527,200,155,0
baseline,2,460,5233165,200,155,0
baseline,2,461,5321096,200,155,0
baseline,2,462,5324946,200,155,0
baseline,2,463,5215574,200,155,0
baseline,2,464,5504528,200,155,0
baseline,2,465,5433827,200,155,0
baseline,2,466,5463707,200,155,0
baseline,2,467,5387826,200,155,0
baseline,2,468,5266965,200,155,0
baseline,2,469,5667479,200,155,0
baseline,2,470,5411007,200,155,0
baseline,2,471,5361436,200,155,0
baseline,2,472,5474997,200,155,0
baseline,2,473,5438807,200,155,0
baseline,2,474,5387456,200,155,0
baseline,2,475,5391876,200,155,0
baseline,2,476,5351347,200,155,0
baseline,2,477,5384206,200,155,0
baseline,2,478,5501327,200,155,0
baseline,2,479,5427417,200,155,0
baseline,2,480,5348236,200,155,0
baseline,2,481,5600168,200,155,0
baseline,2,482,5376996,200,155,0
baseline,2,483,5392937,200,155,0
baseline,2,484,5741249,200,155,0
baseline,2,485,5960572,200,155,0
baseline,2,486,5898670,200,155,0
baseline,2,487,5704089,200,155,0
baseline,2,488,5854391,200,155,0
baseline,2,489,5696509,200,155,0
baseline,2,490,5801430,200,155,0
baseline,2,491,5878970,200,155,0
baseline,2,492,5737410,200,155,0
baseline,2,493,5842440,200,155,0
baseline,2,494,5756250,200,155,0
baseline,2,495,5314965,200,155,0
baseline,2,496,5706929,200,155,0
baseline,2,497,5790950,200,155,0
baseline,2,498,6043662,200,155,0
baseline,2,499,5416097,200,155,0
baseline,2,500,5971461,200,155,0
baseline,2,501,5855991,200,155,0
baseline,2,502,5797959,200,155,0
baseline,2,503,5855411,200,155,0
baseline,2,504,5834330,200,155,0
baseline,2,505,5755910,200,155,0
baseline,2,506,5626158,200,155,0
baseline,2,507,6043612,200,155,0
baseline,2,508,5671149,200,155,0
baseline,2,509,5871190,200,155,0
baseline,2,510,6303785,200,155,0
baseline,2,511,5942501,200,155,0
baseline,2,512,5931111,200,155,0
baseline,2,513,5870000,200,155,0
baseline,2,514,5724170,200,155,0
baseline,2,515,6043692,200,155,0
baseline,2,516,5773819,200,155,0
baseline,2,517,5852631,200,155,0
baseline,2,518,5636888,200,155,0
baseline,2,519,5709509,200,155,0
baseline,2,520,5753930,200,155,0
baseline,2,521,5565368,200,155,0
baseline,2,522,5521227,200,155,0
baseline,2,523,7711077,200,155,0
baseline,2,524,5861650,200,155,0
baseline,2,525,5817720,200,155,0
baseline,2,526,5772830,200,155,0
baseline,2,527,5544558,200,155,0
baseline,2,528,5732929,200,155,0
baseline,2,529,5820610,200,155,0
baseline,2,530,6044042,200,155,0
baseline,2,531,5725149,200,155,0
baseline,2,532,5671909,200,155,0
baseline,2,533,5846500,200,155,0
baseline,2,534,5849121,200,155,0
baseline,2,535,5555277,200,155,0
baseline,2,536,5929072,200,155,0
baseline,2,537,5736369,200,155,0
baseline,2,538,6048302,200,155,0
baseline,2,539,5529517,200,155,0
baseline,2,540,5914031,200,155,0
baseline,2,541,5842101,200,155,0
baseline,2,542,5765189,200,155,0
baseline,2,543,5523478,200,155,0
baseline,2,544,5788120,200,155,0
baseline,2,545,5705279,200,155,0
baseline,2,546,5731309,200,155,0
baseline,2,547,5755720,200,155,0
baseline,2,548,5372756,200,155,0
baseline,2,549,5162324,200,155,0
baseline,2,550,5368476,200,155,0
baseline,2,551,5157615,200,155,0
baseline,2,552,5437477,200,155,0
baseline,2,553,5440286,200,155,0
baseline,2,554,5350336,200,155,0
baseline,2,555,5334965,200,155,0
baseline,2,556,5284516,200,155,0
baseline,2,557,5056333,200,155,0
baseline,2,558,5237516,200,155,0
baseline,2,559,5354836,200,155,0
baseline,2,560,5319445,200,155,0
baseline,2,561,5272066,200,155,0
baseline,2,562,5226945,200,155,0
baseline,2,563,5373926,200,155,0
baseline,2,564,5272385,200,155,0
baseline,2,565,5309226,200,155,0
baseline,2,566,5446717,200,155,0
baseline,2,567,5346446,200,155,0
baseline,2,568,5387636,200,155,0
baseline,2,569,5393187,200,155,0
baseline,2,570,5247525,200,155,0
baseline,2,571,5276305,200,155,0
baseline,2,572,5427737,200,155,0
baseline,2,573,5267855,200,155,0
baseline,2,574,5265575,200,155,0
baseline,2,575,5435907,200,155,0
baseline,2,576,5273216,200,155,0
baseline,2,577,5401816,200,155,0
baseline,2,578,5515668,200,155,0
baseline,2,579,5296145,200,155,0
baseline,2,580,5359906,200,155,0
baseline,2,581,5307566,200,155,0
baseline,2,582,5271745,200,155,0
baseline,2,583,5242325,200,155,0
baseline,2,584,5383407,200,155,0
baseline,2,585,5238065,200,155,0
baseline,2,586,5268225,200,155,0
baseline,2,587,5361126,200,155,0
baseline,2,588,5207215,200,155,0
baseline,2,589,5378946,200,155,0
baseline,2,590,5394977,200,155,0
baseline,2,591,5335955,200,155,0
baseline,2,592,5327026,200,155,0
baseline,2,593,5432207,200,155,0
baseline,2,594,5588388,200,155,0
baseline,2,595,5481117,200,155,0
baseline,2,596,5289176,200,155,0
baseline,2,597,5362826,200,155,0
baseline,2,598,5219125,200,155,0
baseline,2,599,5864770,200,155,0
baseline,2,600,5339286,200,155,0
baseline,2,601,5320846,200,155,0
baseline,2,602,5773420,200,155,0
baseline,2,603,6384075,200,155,0
baseline,2,604,6322014,200,155,0
baseline,2,605,6301454,200,155,0
baseline,2,606,6444016,200,155,0
baseline,2,607,6300004,200,155,0
baseline,2,608,6246443,200,155,0
baseline,2,609,6417396,200,155,0
baseline,2,610,6253633,200,155,0
baseline,2,611,6320965,200,155,0
baseline,2,612,6305904,200,155,0
baseline,2,613,6184463,200,155,0
baseline,2,614,6351805,200,155,0
baseline,2,615,6612547,200,155,0
baseline,2,616,6328254,200,155,0
baseline,2,617,6328015,200,155,0
baseline,2,618,6318444,200,155,0
baseline,2,619,6501446,200,155,0
baseline,2,620,6368845,200,155,0
baseline,2,621,6337284,200,155,0
baseline,2,622,6299014,200,155,0
baseline,2,623,6307375,200,155,0
baseline,2,624,6401025,200,155,0
baseline,2,625,6278464,200,155,0
baseline,2,626,6294864,200,155,0
baseline,2,627,8055579,200,155,0
baseline,2,628,6532296,200,155,0
baseline,2,629,6306835,200,155,0
baseline,2,630,6251903,200,155,0
baseline,2,631,6185333,200,155,0
baseline,2,632,6360245,200,155,0
baseline,2,633,6352125,200,155,0
baseline,2,634,6213423,200,155,0
baseline,2,635,6267154,200,155,0
baseline,2,636,6324595,200,155,0
baseline,2,637,6280354,200,155,0
baseline,2,638,6241223,200,155,0
baseline,2,639,6290135,200,155,0
baseline,2,640,6225303,200,155,0
baseline,2,641,6391915,200,155,0
baseline,2,642,6252344,200,155,0
baseline,2,643,6331914,200,155,0
baseline,2,644,6253834,200,155,0
baseline,2,645,6474436,200,155,0
baseline,2,646,6362484,200,155,0
baseline,2,647,6331255,200,155,0
baseline,2,648,6422235,200,155,0
baseline,2,649,6261524,200,155,0
baseline,2,650,6359855,200,155,0
baseline,2,651,6311574,200,155,0
baseline,2,652,6189843,200,155,0
baseline,2,653,6255274,200,155,0
baseline,2,654,6312744,200,155,0
baseline,2,655,6264084,200,155,0
baseline,2,656,6136823,200,155,0
baseline,2,657,6268534,200,155,0
baseline,2,658,6022432,200,155,0
baseline,2,659,8727975,200,155,0
baseline,2,660,5243215,200,155,0
baseline,2,661,5366556,200,155,0
baseline,2,662,5047813,200,155,0
baseline,2,663,5160425,200,155,0
baseline,2,664,5123864,200,155,0
baseline,2,665,5027793,200,155,0
baseline,2,666,5181815,200,155,0
baseline,2,667,5286855,200,155,0
baseline,2,668,5139804,200,155,0
baseline,2,669,5279056,200,155,0
baseline,2,670,5326996,200,155,0
baseline,2,671,5151584,200,155,0
baseline,2,672,5219815,200,155,0
baseline,2,673,5553038,200,155,0
baseline,2,674,5309755,200,155,0
baseline,2,675,5119874,200,155,0
baseline,2,676,5148365,200,155,0
baseline,2,677,5265205,200,155,0
baseline,2,678,5197245,200,155,0
baseline,2,679,5220685,200,155,0
baseline,2,680,5241925,200,155,0
baseline,2,681,5044783,200,155,0
baseline,2,682,5065384,200,155,0
baseline,2,683,5198064,200,155,0
baseline,2,684,5277176,200,155,0
baseline,2,685,5224085,200,155,0
baseline,2,686,5232455,200,155,0
baseline,2,687,5090483,200,155,0
baseline,2,688,5078714,200,155,0
baseline,2,689,5212735,200,155,0
baseline,2,690,5149294,200,155,0
baseline,2,691,5212905,200,155,0
baseline,2,692,5436137,200,155,0
baseline,2,693,5203155,200,155,0
baseline,2,694,5334995,200,155,0
baseline,2,695,5262396,200,155,0
baseline,2,696,5356516,200,155,0
baseline,2,697,5185224,200,155,0
baseline,2,698,5584448,200,155,0
baseline,2,699,5656518,200,155,0
baseline,2,700,5408087,200,155,0
baseline,2,701,5327496,200,155,0
baseline,2,702,5402966,200,155,0
baseline,2,703,5228825,200,155,0
baseline,2,704,5289295,200,155,0
baseline,2,705,5307036,200,155,0
baseline,2,706,5343386,200,155,0
baseline,2,707,5410047,200,155,0
baseline,2,708,5333525,200,155,0
baseline,2,709,5424377,200,155,0
baseline,2,710,5525138,200,155,0
baseline,2,711,5606288,200,155,0
baseline,2,712,5182164,200,155,0
baseline,2,713,5533788,200,155,0
baseline,2,714,5373186,200,155,0
baseline,2,715,5370576,200,155,0
baseline,2,716,5451717,200,155,0
baseline,2,717,5411437,200,155,0
baseline,2,718,5445617,200,155,0
baseline,2,719,5257955,200,155,0
baseline,2,720,5411417,200,155,0
baseline,2,721,5346725,200,155,0
baseline,2,722,5313765,200,155,0
baseline,2,723,5496838,200,155,0
baseline,2,724,5484207,200,155,0
baseline,2,725,5496727,200,155,0
baseline,2,726,5286676,200,155,0
baseline,2,727,5246395,200,155,0
baseline,2,728,5313835,200,155,0
baseline,2,729,5568978,200,155,0
baseline,2,730,5257196,200,155,0
baseline,2,731,5395596,200,155,0
baseline,2,732,5352276,200,155,0
baseline,2,733,5372986,200,155,0
baseline,2,734,5419537,200,155,0
baseline,2,735,5285555,200,155,0
baseline,2,736,5436467,200,155,0
baseline,2,737,5159034,200,155,0
baseline,2,738,5178765,200,155,0
baseline,2,739,5306366,200,155,0
baseline,2,740,5157224,200,155,0
baseline,2,741,5402056,200,155,0
baseline,2,742,5352686,200,155,0
baseline,2,743,5236825,200,155,0
baseline,2,744,5333815,200,155,0
baseline,2,745,5350276,200,155,0
baseline,2,746,5378737,200,155,0
baseline,2,747,5480487,200,155,0
baseline,2,748,5526767,200,155,0
baseline,2,749,5268756,200,155,0
baseline,2,750,5325485,200,155,0
baseline,2,751,5335946,200,155,0
baseline,2,752,5381057,200,155,0
baseline,2,753,5413156,200,155,0
baseline,2,754,5358336,200,155,0
baseline,2,755,5412377,200,155,0
baseline,2,756,5411666,200,155,0
baseline,2,757,5213335,200,155,0
baseline,2,758,5368636,200,155,0
baseline,2,759,5160675,200,155,0
baseline,2,760,5628068,200,155,0
baseline,2,761,5388096,200,155,0
baseline,2,762,5396837,200,155,0
baseline,2,763,5338786,200,155,0
baseline,2,764,5198594,200,155,0
baseline,2,765,5458987,200,155,0
baseline,2,766,5492407,200,155,0
baseline,2,767,5455048,200,155,0
baseline,2,768,5425946,200,155,0
baseline,2,769,5539108,200,155,0
baseline,2,770,5239315,200,155,0
baseline,2,771,5255205,200,155,0
baseline,2,772,5370616,200,155,0
baseline,2,773,5274985,200,155,0
baseline,2,774,5317736,200,155,0
baseline,2,775,5518208,200,155,0
baseline,2,776,5287085,200,155,0
baseline,2,777,5298856,200,155,0
baseline,2,778,5376686,200,155,0
baseline,2,779,5521457,200,155,0
baseline,2,780,5386587,200,155,0
baseline,2,781,5274815,200,155,0
baseline,2,782,5458387,200,155,0
baseline,2,783,5342766,200,155,0
baseline,2,784,5300045,200,155,0
baseline,2,785,5413046,200,155,0
baseline,2,786,5321276,200,155,0
baseline,2,787,5286365,200,155,0
baseline,2,788,5220335,200,155,0
baseline,2,789,5286986,200,155,0
baseline,2,790,5217505,200,155,0
baseline,2,791,5374616,200,155,0
baseline,2,792,5615568,200,155,0
baseline,2,793,5445957,200,155,0
baseline,2,794,5164734,200,155,0
baseline,2,795,5113004,200,155,0
baseline,2,796,5378866,200,155,0
baseline,2,797,5248276,200,155,0
baseline,2,798,5347656,200,155,0
baseline,2,799,5168014,200,155,0
baseline,2,800,5242365,200,155,0
baseline,2,801,5287516,200,155,0
baseline,2,802,5336995,200,155,0
baseline,2,803,5352736,200,155,0
baseline,2,804,5370707,200,155,0
baseline,2,805,5329775,200,155,0
baseline,2,806,5351495,200,155,0
baseline,2,807,5446947,200,155,0
baseline,2,808,5284206,200,155,0
baseline,2,809,5234535,200,155,0
baseline,2,810,5299865,200,155,0
baseline,2,811,5336156,200,155,0
baseline,2,812,5373306,200,155,0
baseline,2,813,5466027,200,155,0
baseline,2,814,5334226,200,155,0
baseline,2,815,5442267,200,155,0
baseline,2,816,5402966,200,155,0
baseline,2,817,5433427,200,155,0
baseline,2,818,5207225,200,155,0
baseline,2,819,5243915,200,155,0
baseline,2,820,5434377,200,155,0
baseline,2,821,5116844,200,155,0
baseline,2,822,5434336,200,155,0
baseline,2,823,5465777,200,155,0
baseline,2,824,5235316,200,155,0
baseline,2,825,5370656,200,155,0
baseline,2,826,5492977,200,155,0
baseline,2,827,5502057,200,155,0
baseline,2,828,5147895,200,155,0
baseline,2,829,5348705,200,155,0
baseline,2,830,5459877,200,155,0
baseline,2,831,5475577,200,155,0
baseline,2,832,5340266,200,155,0
baseline,2,833,5534238,200,155,0
baseline,2,834,5389246,200,155,0
baseline,2,835,5343216,200,155,0
baseline,2,836,5419757,200,155,0
baseline,2,837,5347306,200,155,0
baseline,2,838,5448237,200,155,0
baseline,2,839,5513567,200,155,0
baseline,2,840,5308666,200,155,0
baseline,2,841,5502597,200,155,0
baseline,2,842,5351826,200,155,0
baseline,2,843,5309956,200,155,0
baseline,2,844,5464877,200,155,0
baseline,2,845,5376366,200,155,0
baseline,2,846,5563048,200,155,0
baseline,2,847,5212075,200,155,0
baseline,2,848,5514907,200,155,0
baseline,2,849,5361136,200,155,0
baseline,2,850,5433087,200,155,0
baseline,2,851,5256165,200,155,0
baseline,2,852,5373216,200,155,0
baseline,2,853,5095194,200,155,0
baseline,2,854,5344596,200,155,0
baseline,2,855,5218325,200,155,0
baseline,2,856,5276985,200,155,0
baseline,2,857,5386547,200,155,0
baseline,2,858,5228124,200,155,0
baseline,2,859,5458137,200,155,0
baseline,2,860,5542568,200,155,0
baseline,2,861,5234045,200,155,0
baseline,2,862,5179165,200,155,0
baseline,2,863,5521777,200,155,0
baseline,2,864,5402567,200,155,0
baseline,2,865,5383516,200,155,0
baseline,2,866,5272425,200,155,0
baseline,2,867,5456607,200,155,0
baseline,2,868,5585588,200,155,0
baseline,2,869,5276365,200,155,0
baseline,2,870,5140325,200,155,0
baseline,2,871,5283615,200,155,0
baseline,2,872,5347756,200,155,0
baseline,2,873,5386036,200,155,0
baseline,2,874,5366036,200,155,0
baseline,2,875,5320265,200,155,0
baseline,2,876,5521488,200,155,0
baseline,2,877,5391356,200,155,0
baseline,2,878,5259425,200,155,0
baseline,2,879,5448557,200,155,0
baseline,2,880,5225685,200,155,0
baseline,2,881,5318596,200,155,0
baseline,2,882,5360336,200,155,0
baseline,2,883,5291535,200,155,0
baseline,2,884,5416807,200,155,0
baseline,2,885,5327956,200,155,0
baseline,2,886,5327716,200,155,0
baseline,2,887,5252095,200,155,0
baseline,2,888,5232805,200,155,0
baseline,2,889,5327876,200,155,0
baseline,2,890,5312525,200,155,0
baseline,2,891,5265346,200,155,0
baseline,2,892,5497897,200,155,0
baseline,2,893,5539717,200,155,0
baseline,2,894,5364716,200,155,0
baseline,2,895,5507307,200,155,0
baseline,2,896,5433747,200,155,0
baseline,2,897,5341526,200,155,0
baseline,2,898,5475517,200,155,0
baseline,2,899,5444677,200,155,0
baseline,2,900,5470377,200,155,0
baseline,2,901,5408636,200,155,0
baseline,2,902,5461097,200,155,0
baseline,2,903,5394517,200,155,0
baseline,2,904,5643948,200,155,0
baseline,2,905,5374296,200,155,0
baseline,2,906,5627579,200,155,0
baseline,2,907,5461727,200,155,0
baseline,2,908,5317046,200,155,0
baseline,2,909,5276435,200,155,0
baseline,2,910,5517247,200,155,0
baseline,2,911,5229735,200,155,0
baseline,2,912,5313706,200,155,0
baseline,2,913,5422767,200,155,0
baseline,2,914,5413666,200,155,0
baseline,2,915,5377657,200,155,0
baseline,2,916,5595678,200,155,0
baseline,2,917,5393346,200,155,0
baseline,2,918,5364986,200,155,0
baseline,2,919,5513948,200,155,0
baseline,2,920,5356316,200,155,0
baseline,2,921,5348366,200,155,0
baseline,2,922,5409736,200,155,0
baseline,2,923,5376466,200,155,0
baseline,2,924,5348266,200,155,0
baseline,2,925,5441357,200,155,0
baseline,2,926,5406447,200,155,0
baseline,2,927,5315485,200,155,0
baseline,2,928,5250286,200,155,0
baseline,2,929,5480927,200,155,0
baseline,2,930,5379886,200,155,0
baseline,2,931,5342396,200,155,0
baseline,2,932,5496937,200,155,0
baseline,2,933,5550808,200,155,0
baseline,2,934,5518007,200,155,0
baseline,2,935,5397497,200,155,0
baseline,2,936,5955341,200,155,0
baseline,2,937,5359856,200,155,0
baseline,2,938,6057402,200,155,0
baseline,2,939,5640269,200,155,0
baseline,2,940,5345126,200,155,0
baseline,2,941,5567697,200,155,0
baseline,2,942,5379326,200,155,0
baseline,2,943,5577498,200,155,0
baseline,2,944,5532217,200,155,0
baseline,2,945,5542378,200,155,0
baseline,2,946,5310226,200,155,0
baseline,2,947,5457567,200,155,0
baseline,2,948,5242895,200,155,0
baseline,2,949,5297465,200,155,0
baseline,2,950,5453777,200,155,0
baseline,2,951,7428894,200,155,0
baseline,2,952,5266185,200,155,0
baseline,2,953,5825750,200,155,0
baseline,2,954,5616088,200,155,0
baseline,2,955,5812160,200,155,0
baseline,2,956,5809420,200,155,0
baseline,2,957,5578858,200,155,0
baseline,2,958,5815980,200,155,0
baseline,2,959,5695499,200,155,0
baseline,2,960,5676789,200,155,0
baseline,2,961,5629568,200,155,0
baseline,2,962,5631929,200,155,0
baseline,2,963,5706139,200,155,0
baseline,2,964,5595428,200,155,0
baseline,2,965,5422576,200,155,0
baseline,2,966,5667869,200,155,0
baseline,2,967,5443087,200,155,0
baseline,2,968,5613288,200,155,0
baseline,2,969,5722319,200,155,0
baseline,2,970,5812280,200,155,0
baseline,2,971,5773560,200,155,0
baseline,2,972,5468087,200,155,0
baseline,2,973,6461156,200,155,0
baseline,2,974,5592728,200,155,0
baseline,2,975,5762779,200,155,0
baseline,2,976,5521768,200,155,0
baseline,2,977,5404506,200,155,0
baseline,2,978,5656089,200,155,0
baseline,2,979,5524297,200,155,0
baseline,2,980,5604578,200,155,0
baseline,2,981,5543958,200,155,0
baseline,2,982,5725889,200,155,0
baseline,2,983,5374216,200,155,0
baseline,2,984,5349736,200,155,0
baseline,2,985,5504218,200,155,0
baseline,2,986,5575067,200,155,0
baseline,2,987,7280833,200,155,0
baseline,2,988,6803298,200,155,0
baseline,2,989,5446957,200,155,0
baseline,2,990,5470857,200,155,0
baseline,2,991,5463847,200,155,0
baseline,2,992,5604118,200,155,0
baseline,2,993,5576418,200,155,0
baseline,2,994,5495678,200,155,0
baseline,2,995,5464706,200,155,0
baseline,2,996,5582568,200,155,0
baseline,2,997,5569337,200,155,0
baseline,2,998,5339116,200,155,0
baseline,2,999,5571448,200,155,0
baseline,2,1000,5539418,200,155,0
baseline,3,1,5690179,200,155,0
baseline,3,2,9543582,200,155,0
baseline,3,3,6257864,200,155,0
baseline,3,4,5775109,200,155,0
baseline,3,5,5589998,200,155,0
baseline,3,6,6289144,200,155,0
baseline,3,7,6254064,200,155,0
baseline,3,8,6785698,200,155,0
baseline,3,9,6449356,200,155,0
baseline,3,10,6511596,200,155,0
baseline,3,11,6473585,200,155,0
baseline,3,12,6579567,200,155,0
baseline,3,13,6660897,200,155,0
baseline,3,14,6588786,200,155,0
baseline,3,15,6611787,200,155,0
baseline,3,16,6559816,200,155,0
baseline,3,17,6482076,200,155,0
baseline,3,18,6590787,200,155,0
baseline,3,19,6696867,200,155,0
baseline,3,20,6734188,200,155,0
baseline,3,21,6520576,200,155,0
baseline,3,22,6371745,200,155,0
baseline,3,23,6172803,200,155,0
baseline,3,24,6434765,200,155,0
baseline,3,25,6527766,200,155,0
baseline,3,26,6559066,200,155,0
baseline,3,27,6411415,200,155,0
baseline,3,28,6579387,200,155,0
baseline,3,29,6518736,200,155,0
baseline,3,30,6634067,200,155,0
baseline,3,31,6213353,200,155,0
baseline,3,32,6451675,200,155,0
baseline,3,33,6722068,200,155,0
baseline,3,34,6689418,200,155,0
baseline,3,35,6328684,200,155,0
baseline,3,36,6539366,200,155,0
baseline,3,37,6538506,200,155,0
baseline,3,38,6520576,200,155,0
baseline,3,39,6447116,200,155,0
baseline,3,40,6443145,200,155,0
baseline,3,41,6248224,200,155,0
baseline,3,42,6633386,200,155,0
baseline,3,43,6595987,200,155,0
baseline,3,44,6437425,200,155,0
baseline,3,45,6606886,200,155,0
baseline,3,46,6510476,200,155,0
baseline,3,47,6550826,200,155,0
baseline,3,48,6516666,200,155,0
baseline,3,49,6356465,200,155,0
baseline,3,50,6290104,200,155,0
baseline,3,51,6532216,200,155,0
baseline,3,52,6597006,200,155,0
baseline,3,53,6564447,200,155,0
baseline,3,54,6441005,200,155,0
baseline,3,55,6345355,200,155,0
baseline,3,56,6591956,200,155,0
baseline,3,57,6425175,200,155,0
baseline,3,58,6402385,200,155,0
baseline,3,59,6430576,200,155,0
baseline,3,60,6494435,200,155,0
baseline,3,61,6336725,200,155,0
baseline,3,62,6548886,200,155,0
baseline,3,63,6567346,200,155,0
baseline,3,64,6472096,200,155,0
baseline,3,65,6658977,200,155,0
baseline,3,66,6418495,200,155,0
baseline,3,67,6719258,200,155,0
baseline,3,68,6231803,200,155,0
baseline,3,69,6494636,200,155,0
baseline,3,70,6500836,200,155,0
baseline,3,71,6284284,200,155,0
baseline,3,72,6418385,200,155,0
baseline,3,73,6468066,200,155,0
baseline,3,74,6370414,200,155,0
baseline,3,75,6233804,200,155,0
baseline,3,76,6327614,200,155,0
baseline,3,77,6470196,200,155,0
baseline,3,78,6462105,200,155,0
baseline,3,79,6531776,200,155,0
baseline,3,80,6356045,200,155,0
baseline,3,81,6648157,200,155,0
baseline,3,82,6492086,200,155,0
baseline,3,83,6480355,200,155,0
baseline,3,84,6276244,200,155,0
baseline,3,85,6429615,200,155,0
baseline,3,86,6355225,200,155,0
baseline,3,87,6299154,200,155,0
baseline,3,88,6295844,200,155,0
baseline,3,89,6620497,200,155,0
baseline,3,90,6333604,200,155,0
baseline,3,91,6684798,200,155,0
baseline,3,92,6547326,200,155,0
baseline,3,93,6361475,200,155,0
baseline,3,94,6426705,200,155,0
baseline,3,95,6548306,200,155,0
baseline,3,96,6468425,200,155,0
baseline,3,97,6374815,200,155,0
baseline,3,98,6389845,200,155,0
baseline,3,99,6427345,200,155,0
baseline,3,100,6652267,200,155,0
baseline,3,101,6444326,200,155,0
baseline,3,102,6358934,200,155,0
baseline,3,103,6193773,200,155,0
baseline,3,104,6260904,200,155,0
baseline,3,105,6320894,200,155,0
baseline,3,106,6369835,200,155,0
baseline,3,107,6353255,200,155,0
baseline,3,108,6533226,200,155,0
baseline,3,109,6375555,200,155,0
baseline,3,110,6487105,200,155,0
baseline,3,111,6258954,200,155,0
baseline,3,112,6347955,200,155,0
baseline,3,113,6492235,200,155,0
baseline,3,114,6528716,200,155,0
baseline,3,115,6448116,200,155,0
baseline,3,116,6314594,200,155,0
baseline,3,117,6420695,200,155,0
baseline,3,118,6362975,200,155,0
baseline,3,119,6517556,200,155,0
baseline,3,120,6593236,200,155,0
baseline,3,121,6413135,200,155,0
baseline,3,122,6447866,200,155,0
baseline,3,123,6396754,200,155,0
baseline,3,124,6418526,200,155,0
baseline,3,125,6476785,200,155,0
baseline,3,126,6549456,200,155,0
baseline,3,127,6635777,200,155,0
baseline,3,128,6518976,200,155,0
baseline,3,129,6407925,200,155,0
baseline,3,130,6443986,200,155,0
baseline,3,131,6672437,200,155,0
baseline,3,132,6676527,200,155,0
baseline,3,133,6495206,200,155,0
baseline,3,134,6633877,200,155,0
baseline,3,135,6731838,200,155,0
baseline,3,136,6615227,200,155,0
baseline,3,137,6558286,200,155,0
baseline,3,138,6361825,200,155,0
baseline,3,139,6434925,200,155,0
baseline,3,140,6475185,200,155,0
baseline,3,141,6440306,200,155,0
baseline,3,142,6428695,200,155,0
baseline,3,143,6518666,200,155,0
baseline,3,144,6553506,200,155,0
baseline,3,145,6299114,200,155,0
baseline,3,146,6401305,200,155,0
baseline,3,147,6367925,200,155,0
baseline,3,148,6706297,200,155,0
baseline,3,149,6458526,200,155,0
baseline,3,150,6209953,200,155,0
baseline,3,151,6370645,200,155,0
baseline,3,152,6582306,200,155,0
baseline,3,153,6649807,200,155,0
baseline,3,154,6469146,200,155,0
baseline,3,155,6411055,200,155,0
baseline,3,156,6552306,200,155,0
baseline,3,157,6471636,200,155,0
baseline,3,158,6613646,200,155,0
baseline,3,159,6475616,200,155,0
baseline,3,160,6426455,200,155,0
baseline,3,161,6366495,200,155,0
baseline,3,162,6504336,200,155,0
baseline,3,163,6345034,200,155,0
baseline,3,164,6554716,200,155,0
baseline,3,165,6425426,200,155,0
baseline,3,166,6488995,200,155,0
baseline,3,167,6404505,200,155,0
baseline,3,168,6352375,200,155,0
baseline,3,169,6397255,200,155,0
baseline,3,170,6398934,200,155,0
baseline,3,171,6546227,200,155,0
baseline,3,172,6545746,200,155,0
baseline,3,173,7477294,200,155,0
baseline,3,174,6108242,200,155,0
baseline,3,175,6044482,200,155,0
baseline,3,176,5653519,200,155,0
baseline,3,177,5634008,200,155,0
baseline,3,178,5491597,200,155,0
baseline,3,179,5526338,200,155,0
baseline,3,180,5487987,200,155,0
baseline,3,181,5484287,200,155,0
baseline,3,182,5645248,200,155,0
baseline,3,183,5390457,200,155,0
baseline,3,184,5337865,200,155,0
baseline,3,185,5448657,200,155,0
baseline,3,186,5480397,200,155,0
baseline,3,187,5443637,200,155,0
baseline,3,188,5632238,200,155,0
baseline,3,189,5488687,200,155,0
baseline,3,190,5336666,200,155,0
baseline,3,191,5612528,200,155,0
baseline,3,192,5388877,200,155,0
baseline,3,193,5728359,200,155,0
baseline,3,194,5643068,200,155,0
baseline,3,195,5463807,200,155,0
baseline,3,196,5435627,200,155,0
baseline,3,197,5668588,200,155,0
baseline,3,198,5400587,200,155,0
baseline,3,199,5371056,200,155,0
baseline,3,200,5631728,200,155,0
baseline,3,201,5512198,200,155,0
baseline,3,202,5488047,200,155,0
baseline,3,203,5502957,200,155,0
baseline,3,204,5538528,200,155,0
baseline,3,205,6380784,200,155,0
baseline,3,206,5813800,200,155,0
baseline,3,207,5667479,200,155,0
baseline,3,208,5583378,200,155,0
baseline,3,209,5808449,200,155,0
baseline,3,210,5587167,200,155,0
baseline,3,211,5617109,200,155,0
baseline,3,212,5702809,200,155,0
baseline,3,213,5624858,200,155,0
baseline,3,214,5644088,200,155,0
baseline,3,215,5623549,200,155,0
baseline,3,216,6298184,200,155,0
baseline,3,217,5878550,200,155,0
baseline,3,218,5651479,200,155,0
baseline,3,219,5546977,200,155,0
baseline,3,220,6282434,200,155,0
baseline,3,221,5570828,200,155,0
baseline,3,222,5564268,200,155,0
baseline,3,223,5407866,200,155,0
baseline,3,224,5514547,200,155,0
baseline,3,225,5469287,200,155,0
baseline,3,226,5585828,200,155,0
baseline,3,227,5502628,200,155,0
baseline,3,228,5487767,200,155,0
baseline,3,229,5513447,200,155,0
baseline,3,230,5591178,200,155,0
baseline,3,231,5457387,200,155,0
baseline,3,232,5662048,200,155,0
baseline,3,233,5415107,200,155,0
baseline,3,234,5425797,200,155,0
baseline,3,235,5743309,200,155,0
baseline,3,236,5493257,200,155,0
baseline,3,237,5611508,200,155,0
baseline,3,238,5475207,200,155,0
baseline,3,239,5568688,200,155,0
baseline,3,240,5553188,200,155,0
baseline,3,241,5542487,200,155,0
baseline,3,242,5740049,200,155,0
baseline,3,243,5300496,200,155,0
baseline,3,244,5977241,200,155,0
baseline,3,245,5511067,200,155,0
baseline,3,246,5648859,200,155,0
baseline,3,247,5702789,200,155,0
baseline,3,248,5551548,200,155,0
baseline,3,249,5453856,200,155,0
baseline,3,250,5502708,200,155,0
baseline,3,251,5507837,200,155,0
baseline,3,252,5804220,200,155,0
baseline,3,253,5601888,200,155,0
baseline,3,254,5474587,200,155,0
baseline,3,255,5473477,200,155,0
baseline,3,256,5631948,200,155,0
baseline,3,257,5381476,200,155,0
baseline,3,258,5434177,200,155,0
baseline,3,259,5728049,200,155,0
baseline,3,260,6150883,200,155,0
baseline,3,261,5493157,200,155,0
baseline,3,262,5566978,200,155,0
baseline,3,263,5643358,200,155,0
baseline,3,264,5330166,200,155,0
baseline,3,265,5788630,200,155,0
baseline,3,266,5440666,200,155,0
baseline,3,267,5545708,200,155,0
baseline,3,268,5345976,200,155,0
baseline,3,269,5276755,200,155,0
baseline,3,270,5545068,200,155,0
baseline,3,271,5546957,200,155,0
baseline,3,272,5671719,200,155,0
baseline,3,273,5652128,200,155,0
baseline,3,274,5559028,200,155,0
baseline,3,275,5713079,200,155,0
baseline,3,276,5528238,200,155,0
baseline,3,277,5564767,200,155,0
baseline,3,278,5391317,200,155,0
baseline,3,279,5417946,200,155,0
baseline,3,280,5721299,200,155,0
baseline,3,281,5496907,200,155,0
baseline,3,282,5526158,200,155,0
baseline,3,283,5665059,200,155,0
baseline,3,284,5459986,200,155,0
baseline,3,285,5609779,200,155,0
baseline,3,286,5613558,200,155,0
baseline,3,287,5749709,200,155,0
baseline,3,288,5641868,200,155,0
baseline,3,289,5715010,200,155,0
baseline,3,290,5459916,200,155,0
baseline,3,291,5297666,200,155,0
baseline,3,292,5507407,200,155,0
baseline,3,293,5537378,200,155,0
baseline,3,294,5754029,200,155,0
baseline,3,295,5623858,200,155,0
baseline,3,296,5534828,200,155,0
baseline,3,297,5578798,200,155,0
baseline,3,298,5603618,200,155,0
baseline,3,299,5586498,200,155,0
baseline,3,300,5479607,200,155,0
baseline,3,301,5710599,200,155,0
baseline,3,302,5649298,200,155,0
baseline,3,303,5472857,200,155,0
baseline,3,304,5437967,200,155,0
baseline,3,305,5691939,200,155,0
baseline,3,306,5553858,200,155,0
baseline,3,307,5715459,200,155,0
baseline,3,308,5534547,200,155,0
baseline,3,309,5644978,200,155,0
baseline,3,310,5275516,200,155,0
baseline,3,311,5618228,200,155,0
baseline,3,312,5963401,200,155,0
baseline,3,313,5533968,200,155,0
baseline,3,314,5548287,200,155,0
baseline,3,315,5485327,200,155,0
baseline,3,316,5916761,200,155,0
baseline,3,317,5542358,200,155,0
baseline,3,318,5647538,200,155,0
baseline,3,319,5640439,200,155,0
baseline,3,320,5606448,200,155,0
baseline,3,321,5624128,200,155,0
baseline,3,322,5410236,200,155,0
baseline,3,323,5466047,200,155,0
baseline,3,324,5352906,200,155,0
baseline,3,325,5566018,200,155,0
baseline,3,326,5392546,200,155,0
baseline,3,327,5502297,200,155,0
baseline,3,328,5548318,200,155,0
baseline,3,329,5603178,200,155,0
baseline,3,330,5504787,200,155,0
baseline,3,331,5574238,200,155,0
baseline,3,332,5581148,200,155,0
baseline,3,333,5662069,200,155,0
baseline,3,334,5518807,200,155,0
baseline,3,335,5625778,200,155,0
baseline,3,336,5449437,200,155,0
baseline,3,337,5626148,200,155,0
baseline,3,338,5595958,200,155,0
baseline,3,339,5225305,200,155,0
baseline,3,340,5366326,200,155,0
baseline,3,341,5967501,200,155,0
baseline,3,342,5849850,200,155,0
baseline,3,343,5919561,200,155,0
baseline,3,344,5833520,200,155,0
baseline,3,345,6266124,200,155,0
baseline,3,346,5804690,200,155,0
baseline,3,347,5954351,200,155,0
baseline,3,348,5842080,200,155,0
baseline,3,349,6211263,200,155,0
baseline,3,350,6025282,200,155,0
baseline,3,351,6295874,200,155,0
baseline,3,352,6003651,200,155,0
baseline,3,353,5999732,200,155,0
baseline,3,354,5975521,200,155,0
baseline,3,355,6030732,200,155,0
baseline,3,356,6134753,200,155,0
baseline,3,357,6326344,200,155,0
baseline,3,358,5954701,200,155,0
baseline,3,359,6228573,200,155,0
baseline,3,360,6313144,200,155,0
baseline,3,361,6312184,200,155,0
baseline,3,362,6056252,200,155,0
baseline,3,363,6187243,200,155,0
baseline,3,364,5920791,200,155,0
baseline,3,365,6098002,200,155,0
baseline,3,366,6220253,200,155,0
baseline,3,367,6188573,200,155,0
baseline,3,368,6022172,200,155,0
baseline,3,369,5964021,200,155,0
baseline,3,370,6267674,200,155,0
baseline,3,371,5923661,200,155,0
baseline,3,372,6415955,200,155,0
baseline,3,373,5964761,200,155,0
baseline,3,374,6047292,200,155,0
baseline,3,375,6443665,200,155,0
baseline,3,376,6320764,200,155,0
baseline,3,377,5963551,200,155,0
baseline,3,378,6278354,200,155,0
baseline,3,379,6378315,200,155,0
baseline,3,380,5916411,200,155,0
baseline,3,381,5891900,200,155,0
baseline,3,382,5859581,200,155,0
baseline,3,383,5994981,200,155,0
baseline,3,384,6021212,200,155,0
baseline,3,385,6197683,200,155,0
baseline,3,386,6214473,200,155,0
baseline,3,387,6042482,200,155,0
baseline,3,388,6118513,200,155,0
baseline,3,389,5773359,200,155,0
baseline,3,390,5988941,200,155,0
baseline,3,391,5900910,200,155,0
baseline,3,392,6107202,200,155,0
baseline,3,393,6038602,200,155,0
baseline,3,394,6111313,200,155,0
baseline,3,395,5767029,200,155,0
baseline,3,396,5521698,200,155,0
baseline,3,397,6342704,200,155,0
baseline,3,398,5644438,200,155,0
baseline,3,399,6145483,200,155,0
baseline,3,400,5832800,200,155,0
baseline,3,401,5925441,200,155,0
baseline,3,402,6152013,200,155,0
baseline,3,403,5829470,200,155,0
baseline,3,404,6269774,200,155,0
baseline,3,405,5897370,200,155,0
baseline,3,406,6026582,200,155,0
baseline,3,407,6411065,200,155,0
baseline,3,408,5691999,200,155,0
baseline,3,409,5606318,200,155,0
baseline,3,410,5720379,200,155,0
baseline,3,411,5672599,200,155,0
baseline,3,412,5573927,200,155,0
baseline,3,413,5502658,200,155,0
baseline,3,414,5559927,200,155,0
baseline,3,415,5613738,200,155,0
baseline,3,416,5563828,200,155,0
baseline,3,417,5486757,200,155,0
baseline,3,418,5564518,200,155,0
baseline,3,419,5294645,200,155,0
baseline,3,420,5559808,200,155,0
baseline,3,421,5806140,200,155,0
baseline,3,422,5454967,200,155,0
baseline,3,423,5549117,200,155,0
baseline,3,424,5438877,200,155,0
baseline,3,425,5789050,200,155,0
baseline,3,426,5478307,200,155,0
baseline,3,427,5467117,200,155,0
baseline,3,428,5336295,200,155,0
baseline,3,429,5373336,200,155,0
baseline,3,430,5552998,200,155,0
baseline,3,431,5356896,200,155,0
baseline,3,432,5627378,200,155,0
baseline,3,433,5635148,200,155,0
baseline,3,434,5471897,200,155,0
baseline,3,435,5352816,200,155,0
baseline,3,436,5587538,200,155,0
baseline,3,437,5427427,200,155,0
baseline,3,438,5478977,200,155,0
baseline,3,439,5500897,200,155,0
baseline,3,440,5391366,200,155,0
baseline,3,441,5508178,200,155,0
baseline,3,442,5521557,200,155,0
baseline,3,443,5348346,200,155,0
baseline,3,444,5495987,200,155,0
baseline,3,445,5556588,200,155,0
baseline,3,446,5467307,200,155,0
baseline,3,447,5533747,200,155,0
baseline,3,448,5424017,200,155,0
baseline,3,449,5428686,200,155,0
baseline,3,450,5427847,200,155,0
baseline,3,451,5549877,200,155,0
baseline,3,452,5436567,200,155,0
baseline,3,453,5441887,200,155,0
baseline,3,454,5592508,200,155,0
baseline,3,455,5579278,200,155,0
baseline,3,456,5453646,200,155,0
baseline,3,457,5423077,200,155,0
baseline,3,458,5440827,200,155,0
baseline,3,459,5490797,200,155,0
baseline,3,460,5467156,200,155,0
baseline,3,461,6028352,200,155,0
baseline,3,462,6661147,200,155,0
baseline,3,463,6624447,200,155,0
baseline,3,464,6505936,200,155,0
baseline,3,465,6514936,200,155,0
baseline,3,466,6440025,200,155,0
baseline,3,467,6486336,200,155,0
baseline,3,468,6807588,200,155,0
baseline,3,469,6711128,200,155,0
baseline,3,470,6656847,200,155,0
baseline,3,471,6549246,200,155,0
baseline,3,472,6695437,200,155,0
baseline,3,473,6666998,200,155,0
baseline,3,474,6756308,200,155,0
baseline,3,475,8639174,200,155,0
baseline,3,476,6530506,200,155,0
baseline,3,477,6650517,200,155,0
baseline,3,478,5630128,200,155,0
baseline,3,479,5669649,200,155,0
baseline,3,480,5478597,200,155,0
baseline,3,481,5478477,200,155,0
baseline,3,482,5395986,200,155,0
baseline,3,483,6200113,200,155,0
baseline,3,484,6305644,200,155,0
baseline,3,485,6134753,200,155,0
baseline,3,486,5976701,200,155,0
baseline,3,487,5861120,200,155,0
baseline,3,488,6055211,200,155,0
baseline,3,489,6226014,200,155,0
baseline,3,490,6090062,200,155,0
baseline,3,491,5974211,200,155,0
baseline,3,492,6274064,200,155,0
baseline,3,493,5885401,200,155,0
baseline,3,494,5787799,200,155,0
baseline,3,495,5853450,200,155,0
baseline,3,496,9516942,200,155,0
baseline,3,497,7174751,200,155,0
baseline,3,498,7219682,200,155,0
baseline,3,499,6985220,200,155,0
baseline,3,500,6956340,200,155,0
baseline,3,501,6980500,200,155,0
baseline,3,502,6719607,200,155,0
baseline,3,503,6795299,200,155,0
baseline,3,504,7021170,200,155,0
baseline,3,505,6919489,200,155,0
baseline,3,506,6831359,200,155,0
baseline,3,507,6648937,200,155,0
baseline,3,508,6838408,200,155,0
baseline,3,509,6693338,200,155,0
baseline,3,510,6659407,200,155,0
baseline,3,511,6857489,200,155,0
baseline,3,512,6820648,200,155,0
baseline,3,513,6763678,200,155,0
baseline,3,514,6884379,200,155,0
baseline,3,515,6802369,200,155,0
baseline,3,516,6956319,200,155,0
baseline,3,517,6893609,200,155,0
baseline,3,518,6822989,200,155,0
baseline,3,519,6676967,200,155,0
baseline,3,520,6835939,200,155,0
baseline,3,521,6713687,200,155,0
baseline,3,522,9201959,200,155,0
baseline,3,523,5561978,200,155,0
baseline,3,524,5589708,200,155,0
baseline,3,525,5602028,200,155,0
baseline,3,526,5552897,200,155,0
baseline,3,527,5579238,200,155,0
baseline,3,528,5563098,200,155,0
baseline,3,529,5512867,200,155,0
baseline,3,530,5668179,200,155,0
baseline,3,531,5694389,200,155,0
baseline,3,532,5568137,200,155,0
baseline,3,533,5610089,200,155,0
baseline,3,534,5537357,200,155,0
baseline,3,535,5578498,200,155,0
baseline,3,536,5587658,200,155,0
baseline,3,537,5709779,200,155,0
baseline,3,538,5530037,200,155,0
baseline,3,539,5564788,200,155,0
baseline,3,540,5465087,200,155,0
baseline,3,541,5791539,200,155,0
baseline,3,542,5804590,200,155,0
baseline,3,543,5512867,200,155,0
baseline,3,544,5628609,200,155,0
baseline,3,545,5584478,200,155,0
baseline,3,546,5547357,200,155,0
baseline,3,547,5416616,200,155,0
baseline,3,548,5496488,200,155,0
baseline,3,549,5680758,200,155,0
baseline,3,550,5622979,200,155,0
baseline,3,551,5526247,200,155,0
baseline,3,552,5515367,200,155,0
baseline,3,553,5419687,200,155,0
baseline,3,554,5712819,200,155,0
baseline,3,555,5674108,200,155,0
baseline,3,556,5410197,200,155,0
baseline,3,557,6532636,200,155,0
baseline,3,558,5766249,200,155,0
baseline,3,559,5765550,200,155,0
baseline,3,560,5626738,200,155,0
baseline,3,561,5753079,200,155,0
baseline,3,562,5672109,200,155,0
baseline,3,563,5577498,200,155,0
baseline,3,564,5541457,200,155,0
baseline,3,565,5739809,200,155,0
baseline,3,566,5568778,200,155,0
baseline,3,567,5685679,200,155,0
baseline,3,568,5524477,200,155,0
baseline,3,569,6832799,200,155,0
baseline,3,570,5471907,200,155,0
baseline,3,571,5549837,200,155,0
baseline,3,572,5704019,200,155,0
baseline,3,573,5585868,200,155,0
baseline,3,574,5524907,200,155,0
baseline,3,575,5552708,200,155,0
baseline,3,576,5589008,200,155,0
baseline,3,577,5727539,200,155,0
baseline,3,578,5546288,200,155,0
baseline,3,579,5586178,200,155,0
baseline,3,580,5573277,200,155,0
baseline,3,581,5603618,200,155,0
baseline,3,582,5696679,200,155,0
baseline,3,583,5669639,200,155,0
baseline,3,584,5558348,200,155,0
baseline,3,585,5563057,200,155,0
baseline,3,586,5608528,200,155,0
baseline,3,587,5575788,200,155,0
baseline,3,588,5736299,200,155,0
baseline,3,589,5664969,200,155,0
baseline,3,590,5561798,200,155,0
baseline,3,591,5507187,200,155,0
baseline,3,592,5712749,200,155,0
baseline,3,593,5603968,200,155,0
baseline,3,594,5478467,200,155,0
baseline,3,595,5676399,200,155,0
baseline,3,596,6045412,200,155,0
baseline,3,597,5636148,200,155,0
baseline,3,598,5710459,200,155,0
baseline,3,599,6037992,200,155,0
baseline,3,600,5653148,200,155,0
baseline,3,601,5784710,200,155,0
baseline,3,602,5671438,200,155,0
baseline,3,603,5451767,200,155,0
baseline,3,604,5602868,200,155,0
baseline,3,605,5524947,200,155,0
baseline,3,606,5532418,200,155,0
baseline,3,607,5502297,200,155,0
baseline,3,608,5505357,200,155,0
baseline,3,609,5557038,200,155,0
baseline,3,610,5595838,200,155,0
baseline,3,611,5519817,200,155,0
baseline,3,612,5491107,200,155,0
baseline,3,613,5550578,200,155,0
baseline,3,614,5602168,200,155,0
baseline,3,615,5600998,200,155,0
baseline,3,616,5865100,200,155,0
baseline,3,617,5660959,200,155,0
baseline,3,618,5560997,200,155,0
baseline,3,619,5656429,200,155,0
baseline,3,620,5636938,200,155,0
baseline,3,621,5636959,200,155,0
baseline,3,622,5440686,200,155,0
baseline,3,623,5425597,200,155,0
baseline,3,624,5465147,200,155,0
baseline,3,625,9028587,200,155,0
baseline,3,626,6566926,200,155,0
baseline,3,627,5602017,200,155,0
baseline,3,628,5477266,200,155,0
baseline,3,629,5451627,200,155,0
baseline,3,630,5533888,200,155,0
baseline,3,631,5603028,200,155,0
baseline,3,632,5511317,200,155,0
baseline,3,633,5445217,200,155,0
baseline,3,634,5509217,200,155,0
baseline,3,635,5652838,200,155,0
baseline,3,636,5652159,200,155,0
baseline,3,637,5319136,200,155,0
baseline,3,638,5508977,200,155,0
baseline,3,639,5430956,200,155,0
baseline,3,640,5335036,200,155,0
baseline,3,641,5431137,200,155,0
baseline,3,642,5598608,200,155,0
baseline,3,643,5482757,200,155,0
baseline,3,644,5469617,200,155,0
baseline,3,645,5477487,200,155,0
baseline,3,646,5683658,200,155,0
baseline,3,647,5507588,200,155,0
baseline,3,648,5344445,200,155,0
baseline,3,649,5283776,200,155,0
baseline,3,650,5460226,200,155,0
baseline,3,651,5466877,200,155,0
baseline,3,652,5340016,200,155,0
baseline,3,653,5441597,200,155,0
baseline,3,654,5435076,200,155,0
baseline,3,655,5448337,200,155,0
baseline,3,656,5442457,200,155,0
baseline,3,657,5633818,200,155,0
baseline,3,658,5228105,200,155,0
baseline,3,659,5425536,200,155,0
baseline,3,660,5490438,200,155,0
baseline,3,661,5541567,200,155,0
baseline,3,662,5518127,200,155,0
baseline,3,663,5701949,200,155,0
baseline,3,664,5592558,200,155,0
baseline,3,665,5593408,200,155,0
baseline,3,666,5438047,200,155,0
baseline,3,667,5286555,200,155,0
baseline,3,668,7509544,200,155,0
baseline,3,669,5615948,200,155,0
baseline,3,670,5485238,200,155,0
baseline,3,671,5458606,200,155,0
baseline,3,672,5503208,200,155,0
baseline,3,673,5445566,200,155,0
baseline,3,674,5353136,200,155,0
baseline,3,675,5546458,200,155,0
baseline,3,676,5419166,200,155,0
baseline,3,677,5395236,200,155,0
baseline,3,678,5441307,200,155,0
baseline,3,679,5499677,200,155,0
baseline,3,680,9599952,200,155,0
baseline,3,681,7824478,200,155,0
baseline,3,682,5459066,200,155,0
baseline,3,683,5443857,200,155,0
baseline,3,684,5619808,200,155,0
baseline,3,685,5551618,200,155,0
baseline,3,686,5477557,200,155,0
baseline,3,687,5588947,200,155,0
baseline,3,688,5378817,200,155,0
baseline,3,689,5404166,200,155,0
baseline,3,690,5379706,200,155,0
baseline,3,691,5440337,200,155,0
baseline,3,692,5591798,200,155,0
baseline,3,693,5353805,200,155,0
baseline,3,694,5359116,200,155,0
baseline,3,695,5561168,200,155,0
baseline,3,696,5407856,200,155,0
baseline,3,697,5430397,200,155,0
baseline,3,698,5500857,200,155,0
baseline,3,699,5380596,200,155,0
baseline,3,700,5521508,200,155,0
baseline,3,701,5339045,200,155,0
baseline,3,702,5680329,200,155,0
baseline,3,703,5379066,200,155,0
baseline,3,704,5590068,200,155,0
baseline,3,705,5480797,200,155,0
baseline,3,706,5459127,200,155,0
baseline,3,707,5420186,200,155,0
baseline,3,708,5315266,200,155,0
baseline,3,709,5500647,200,155,0
baseline,3,710,5486777,200,155,0
baseline,3,711,5387586,200,155,0
baseline,3,712,5474517,200,155,0
baseline,3,713,5407546,200,155,0
baseline,3,714,5499688,200,155,0
baseline,3,715,5409466,200,155,0
baseline,3,716,5590188,200,155,0
baseline,3,717,5485867,200,155,0
baseline,3,718,5468757,200,155,0
baseline,3,719,5497147,200,155,0
baseline,3,720,5293775,200,155,0
baseline,3,721,5415927,200,155,0
baseline,3,722,5593578,200,155,0
baseline,3,723,5574068,200,155,0
baseline,3,724,5334605,200,155,0
baseline,3,725,5299756,200,155,0
baseline,3,726,5440196,200,155,0
baseline,3,727,5637409,200,155,0
baseline,3,728,5502317,200,155,0
baseline,3,729,5404136,200,155,0
baseline,3,730,5417867,200,155,0
baseline,3,731,5493977,200,155,0
baseline,3,732,5389796,200,155,0
baseline,3,733,5482177,200,155,0
baseline,3,734,5603278,200,155,0
baseline,3,735,5512157,200,155,0
baseline,3,736,5362766,200,155,0
baseline,3,737,5431817,200,155,0
baseline,3,738,5371906,200,155,0
baseline,3,739,6373414,200,155,0
baseline,3,740,5351166,200,155,0
baseline,3,741,5538258,200,155,0
baseline,3,742,5463886,200,155,0
baseline,3,743,5429966,200,155,0
baseline,3,744,5457677,200,155,0
baseline,3,745,5270605,200,155,0
baseline,3,746,5598498,200,155,0
baseline,3,747,5395396,200,155,0
baseline,3,748,5485237,200,155,0
baseline,3,749,5419397,200,155,0
baseline,3,750,5342356,200,155,0
baseline,3,751,5406196,200,155,0
baseline,3,752,5389766,200,155,0
baseline,3,753,5633768,200,155,0
baseline,3,754,5477806,200,155,0
baseline,3,755,5516918,200,155,0
baseline,3,756,5303255,200,155,0
baseline,3,757,5482267,200,155,0
baseline,3,758,5379776,200,155,0
baseline,3,759,5499737,200,155,0
baseline,3,760,5400247,200,155,0
baseline,3,761,5357096,200,155,0
baseline,3,762,5299275,200,155,0
baseline,3,763,5508617,200,155,0
baseline,3,764,5371126,200,155,0
baseline,3,765,5571548,200,155,0
baseline,3,766,5355186,200,155,0
baseline,3,767,5453127,200,155,0
baseline,3,768,5299015,200,155,0
baseline,3,769,5290905,200,155,0
baseline,3,770,5501168,200,155,0
baseline,3,771,5420666,200,155,0
baseline,3,772,5358346,200,155,0
baseline,3,773,5520297,200,155,0
baseline,3,774,5451667,200,155,0
baseline,3,775,5352176,200,155,0
baseline,3,776,5324345,200,155,0
baseline,3,777,5599089,200,155,0
baseline,3,778,5461036,200,155,0
baseline,3,779,5434307,200,155,0
baseline,3,780,5294685,200,155,0
baseline,3,781,5267195,200,155,0
baseline,3,782,5243715,200,155,0
baseline,3,783,5422337,200,155,0
baseline,3,784,5534297,200,155,0
baseline,3,785,5446087,200,155,0
baseline,3,786,5479697,200,155,0
baseline,3,787,5392296,200,155,0
baseline,3,788,5458677,200,155,0
baseline,3,789,5400316,200,155,0
baseline,3,790,5417117,200,155,0
baseline,3,791,5432426,200,155,0
baseline,3,792,5316846,200,155,0
baseline,3,793,5320055,200,155,0
baseline,3,794,5285766,200,155,0
baseline,3,795,5459736,200,155,0
baseline,3,796,5674769,200,155,0
baseline,3,797,5197845,200,155,0
baseline,3,798,5355336,200,155,0
baseline,3,799,5429226,200,155,0
baseline,3,800,5411486,200,155,0
baseline,3,801,5601088,200,155,0
baseline,3,802,5616548,200,155,0
baseline,3,803,5330225,200,155,0
baseline,3,804,5436477,200,155,0
baseline,3,805,5360686,200,155,0
baseline,3,806,5224585,200,155,0
baseline,3,807,5499227,200,155,0
baseline,3,808,5408446,200,155,0
baseline,3,809,5287665,200,155,0
baseline,3,810,5512428,200,155,0
baseline,3,811,5405166,200,155,0
baseline,3,812,5272595,200,155,0
baseline,3,813,5487807,200,155,0
baseline,3,814,5576098,200,155,0
baseline,3,815,5451407,200,155,0
baseline,3,816,5393416,200,155,0
baseline,3,817,5392036,200,155,0
baseline,3,818,5301146,200,155,0
baseline,3,819,5114803,200,155,0
baseline,3,820,5498118,200,155,0
baseline,3,821,5382236,200,155,0
baseline,3,822,5312815,200,155,0
baseline,3,823,5466847,200,155,0
baseline,3,824,5459017,200,155,0
baseline,3,825,5474577,200,155,0
baseline,3,826,5397056,200,155,0
baseline,3,827,5516087,200,155,0
baseline,3,828,5338086,200,155,0
baseline,3,829,5498787,200,155,0
baseline,3,830,5336836,200,155,0
baseline,3,831,5470677,200,155,0
baseline,3,832,5257795,200,155,0
baseline,3,833,5633938,200,155,0
baseline,3,834,5537418,200,155,0
baseline,3,835,5471957,200,155,0
baseline,3,836,5447446,200,155,0
baseline,3,837,5489357,200,155,0
baseline,3,838,5298516,200,155,0
baseline,3,839,5540047,200,155,0
baseline,3,840,5568258,200,155,0
baseline,3,841,5451227,200,155,0
baseline,3,842,5345976,200,155,0
baseline,3,843,5451586,200,155,0
baseline,3,844,5381876,200,155,0
baseline,3,845,5563098,200,155,0
baseline,3,846,5440177,200,155,0
baseline,3,847,5303525,200,155,0
baseline,3,848,5288295,200,155,0
baseline,3,849,5521938,200,155,0
baseline,3,850,5628548,200,155,0
baseline,3,851,5295825,200,155,0
baseline,3,852,5489127,200,155,0
baseline,3,853,5411587,200,155,0
baseline,3,854,5367166,200,155,0
baseline,3,855,5588568,200,155,0
baseline,3,856,5448286,200,155,0
baseline,3,857,5374356,200,155,0
baseline,3,858,5538228,200,155,0
baseline,3,859,5431376,200,155,0
baseline,3,860,5364856,200,155,0
baseline,3,861,5314776,200,155,0
baseline,3,862,6036881,200,155,0
baseline,3,863,6633866,200,155,0
baseline,3,864,6439336,200,155,0
baseline,3,865,6410234,200,155,0
baseline,3,866,6341375,200,155,0
baseline,3,867,6520556,200,155,0
baseline,3,868,6506315,200,155,0
baseline,3,869,6374135,200,155,0
baseline,3,870,6101182,200,155,0
baseline,3,871,6526866,200,155,0
baseline,3,872,6374305,200,155,0
baseline,3,873,6437265,200,155,0
baseline,3,874,6295954,200,155,0
baseline,3,875,6452035,200,155,0
baseline,3,876,6272224,200,155,0
baseline,3,877,6558136,200,155,0
baseline,3,878,6452055,200,155,0
baseline,3,879,6366095,200,155,0
baseline,3,880,6471625,200,155,0
baseline,3,881,6512356,200,155,0
baseline,3,882,6500896,200,155,0
baseline,3,883,6223823,200,155,0
baseline,3,884,6528616,200,155,0
baseline,3,885,6296524,200,155,0
baseline,3,886,6471765,200,155,0
baseline,3,887,6484686,200,155,0
baseline,3,888,6407755,200,155,0
baseline,3,889,6318244,200,155,0
baseline,3,890,6496846,200,155,0
baseline,3,891,6390924,200,155,0
baseline,3,892,6375625,200,155,0
baseline,3,893,6385815,200,155,0
baseline,3,894,6638817,200,155,0
baseline,3,895,6351724,200,155,0
baseline,3,896,6418055,200,155,0
baseline,3,897,6416765,200,155,0
baseline,3,898,6399205,200,155,0
baseline,3,899,6423075,200,155,0
baseline,3,900,6445725,200,155,0
baseline,3,901,6450685,200,155,0
baseline,3,902,6402855,200,155,0
baseline,3,903,6602847,200,155,0
baseline,3,904,6337614,200,155,0
baseline,3,905,6608387,200,155,0
baseline,3,906,6353234,200,155,0
baseline,3,907,6524656,200,155,0
baseline,3,908,6498906,200,155,0
baseline,3,909,6445415,200,155,0
baseline,3,910,6546916,200,155,0
baseline,3,911,6521206,200,155,0
baseline,3,912,6636157,200,155,0
baseline,3,913,6628186,200,155,0
baseline,3,914,6594197,200,155,0
baseline,3,915,6609387,200,155,0
baseline,3,916,6500265,200,155,0
baseline,3,917,6534776,200,155,0
baseline,3,918,6638587,200,155,0
baseline,3,919,6595827,200,155,0
baseline,3,920,6551326,200,155,0
baseline,3,921,6540786,200,155,0
baseline,3,922,6577856,200,155,0
baseline,3,923,6330324,200,155,0
baseline,3,924,6654677,200,155,0
baseline,3,925,6615347,200,155,0
baseline,3,926,6517756,200,155,0
baseline,3,927,6436615,200,155,0
baseline,3,928,6577886,200,155,0
baseline,3,929,6595757,200,155,0
baseline,3,930,6509276,200,155,0
baseline,3,931,6583036,200,155,0
baseline,3,932,6517426,200,155,0
baseline,3,933,6480305,200,155,0
baseline,3,934,6746028,200,155,0
baseline,3,935,6601987,200,155,0
baseline,3,936,6666197,200,155,0
baseline,3,937,6530126,200,155,0
baseline,3,938,6609056,200,155,0
baseline,3,939,6583337,200,155,0
baseline,3,940,6707417,200,155,0
baseline,3,941,6615047,200,155,0
baseline,3,942,6708537,200,155,0
baseline,3,943,6489666,200,155,0
baseline,3,944,6795268,200,155,0
baseline,3,945,6695378,200,155,0
baseline,3,946,6436695,200,155,0
baseline,3,947,6577326,200,155,0
baseline,3,948,6714478,200,155,0
baseline,3,949,6502835,200,155,0
baseline,3,950,6592647,200,155,0
baseline,3,951,6317284,200,155,0
baseline,3,952,6509506,200,155,0
baseline,3,953,6447905,200,155,0
baseline,3,954,6574646,200,155,0
baseline,3,955,6346565,200,155,0
baseline,3,956,6382214,200,155,0
baseline,3,957,6415555,200,155,0
baseline,3,958,6303274,200,155,0
baseline,3,959,6277524,200,155,0
baseline,3,960,6302684,200,155,0
baseline,3,961,6502626,200,155,0
baseline,3,962,6215123,200,155,0
baseline,3,963,6568736,200,155,0
baseline,3,964,6461386,200,155,0
baseline,3,965,6632066,200,155,0
baseline,3,966,6724838,200,155,0
baseline,3,967,6492956,200,155,0
baseline,3,968,6451215,200,155,0
baseline,3,969,6593397,200,155,0
baseline,3,970,6608836,200,155,0
baseline,3,971,6539136,200,155,0
baseline,3,972,6478506,200,155,0
baseline,3,973,6528386,200,155,0
baseline,3,974,6392134,200,155,0
baseline,3,975,6682648,200,155,0
baseline,3,976,6684817,200,155,0
baseline,3,977,6647377,200,155,0
baseline,3,978,6615687,200,155,0
baseline,3,979,6591046,200,155,0
baseline,3,980,6681707,200,155,0
baseline,3,981,6671157,200,155,0
baseline,3,982,6515056,200,155,0
baseline,3,983,6573026,200,155,0
baseline,3,984,6614357,200,155,0
baseline,3,985,6645527,200,155,0
baseline,3,986,6545716,200,155,0
baseline,3,987,6521916,200,155,0
baseline,3,988,6588767,200,155,0
baseline,3,989,6573876,200,155,0
baseline,3,990,6402115,200,155,0
baseline,3,991,6759878,200,155,0
baseline,3,992,6460745,200,155,0
baseline,3,993,6352834,200,155,0
baseline,3,994,6458276,200,155,0
baseline,3,995,6435855,200,155,0
baseline,3,996,6599216,200,155,0
baseline,3,997,6602097,200,155,0
baseline,3,998,6549046,200,155,0
baseline,3,999,6574046,200,155,0
baseline,3,1000,6553806,200,155,0
baseline,4,1,5530578,200,155,0
baseline,4,2,5534927,200,155,0
baseline,4,3,5658758,200,155,0
baseline,4,4,5295975,200,155,0
baseline,4,5,5707339,200,155,0
baseline,4,6,5617148,200,155,0
baseline,4,7,5546277,200,155,0
baseline,4,8,5546348,200,155,0
baseline,4,9,5570627,200,155,0
baseline,4,10,5400786,200,155,0
baseline,4,11,5828250,200,155,0
baseline,4,12,5748069,200,155,0
baseline,4,13,5494347,200,155,0
baseline,4,14,5462576,200,155,0
baseline,4,15,5528017,200,155,0
baseline,4,16,5796020,200,155,0
baseline,4,17,5792499,200,155,0
baseline,4,18,5698819,200,155,0
baseline,4,19,5519787,200,155,0
baseline,4,20,5471146,200,155,0
baseline,4,21,5540318,200,155,0
baseline,4,22,5565277,200,155,0
baseline,4,23,5779669,200,155,0
baseline,4,24,5677399,200,155,0
baseline,4,25,5671258,200,155,0
baseline,4,26,6078012,200,155,0
baseline,4,27,5841070,200,155,0
baseline,4,28,5569937,200,155,0
baseline,4,29,5695059,200,155,0
baseline,4,30,5592167,200,155,0
baseline,4,31,5529118,200,155,0
baseline,4,32,5644838,200,155,0
baseline,4,33,5719858,200,155,0
baseline,4,34,5417537,200,155,0
baseline,4,35,5918850,200,155,0
baseline,4,36,5509457,200,155,0
baseline,4,37,5428696,200,155,0
baseline,4,38,5575678,200,155,0
baseline,4,39,5736219,200,155,0
baseline,4,40,5537107,200,155,0
baseline,4,41,5472007,200,155,0
baseline,4,42,5506087,200,155,0
baseline,4,43,5624468,200,155,0
baseline,4,44,5616077,200,155,0
baseline,4,45,5718089,200,155,0
baseline,4,46,8194720,200,155,0
baseline,4,47,6473275,200,155,0
baseline,4,48,6995220,200,155,0
baseline,4,49,6753507,200,155,0
baseline,4,50,6489006,200,155,0
baseline,4,51,6818838,200,155,0
baseline,4,52,6880408,200,155,0
baseline,4,53,6805328,200,155,0
baseline,4,54,6663287,200,155,0
baseline,4,55,7091741,200,155,0
baseline,4,56,6769177,200,155,0
baseline,4,57,6697187,200,155,0
baseline,4,58,6731348,200,155,0
baseline,4,59,6852198,200,155,0
baseline,4,60,7387223,200,155,0
baseline,4,61,7244132,200,155,0
baseline,4,62,6837028,200,155,0
baseline,4,63,6648577,200,155,0
baseline,4,64,6947389,200,155,0
baseline,4,65,6768098,200,155,0
baseline,4,66,6864218,200,155,0
baseline,4,67,6581276,200,155,0
baseline,4,68,6890669,200,155,0
baseline,4,69,6989709,200,155,0
baseline,4,70,6767148,200,155,0
baseline,4,71,6759248,200,155,0
baseline,4,72,6740027,200,155,0
baseline,4,73,6880409,200,155,0
baseline,4,74,6606756,200,155,0
baseline,4,75,6757218,200,155,0
baseline,4,76,6779987,200,155,0
baseline,4,77,6891419,200,155,0
baseline,4,78,6586096,200,155,0
baseline,4,79,6900439,200,155,0
baseline,4,80,6838888,200,155,0
baseline,4,81,6880219,200,155,0
baseline,4,82,6644487,200,155,0
baseline,4,83,6815358,200,155,0
baseline,4,84,6587776,200,155,0
baseline,4,85,6757437,200,155,0
baseline,4,86,6688367,200,155,0
baseline,4,87,6628567,200,155,0
baseline,4,88,6709457,200,155,0
baseline,4,89,6979909,200,155,0
baseline,4,90,6661247,200,155,0
baseline,4,91,6888039,200,155,0
baseline,4,92,6901319,200,155,0
baseline,4,93,7097000,200,155,0
baseline,4,94,6630037,200,155,0
baseline,4,95,6757107,200,155,0
baseline,4,96,6921119,200,155,0
baseline,4,97,6690527,200,155,0
baseline,4,98,6471836,200,155,0
baseline,4,99,6720707,200,155,0
baseline,4,100,6867698,200,155,0
baseline,4,101,6632677,200,155,0
baseline,4,102,6810528,200,155,0
baseline,4,103,6869618,200,155,0
baseline,4,104,6764388,200,155,0
baseline,4,105,6579586,200,155,0
baseline,4,106,6937009,200,155,0
baseline,4,107,6874219,200,155,0
baseline,4,108,6790978,200,155,0
baseline,4,109,6828028,200,155,0
baseline,4,110,6570996,200,155,0
baseline,4,111,7091420,200,155,0
baseline,4,112,6984090,200,155,0
baseline,4,113,6690407,200,155,0
baseline,4,114,6821448,200,155,0
baseline,4,115,6777308,200,155,0
baseline,4,116,6724527,200,155,0
baseline,4,117,6679267,200,155,0
baseline,4,118,6738607,200,155,0
baseline,4,119,6762848,200,155,0
baseline,4,120,6830548,200,155,0
baseline,4,121,6525276,200,155,0
baseline,4,122,6464225,200,155,0
baseline,4,123,6830008,200,155,0
baseline,4,124,6639587,200,155,0
baseline,4,125,6586116,200,155,0
baseline,4,126,6459835,200,155,0
baseline,4,127,6419874,200,155,0
baseline,4,128,6687398,200,155,0
baseline,4,129,6518015,200,155,0
baseline,4,130,6501316,200,155,0
baseline,4,131,6645546,200,155,0
baseline,4,132,6691597,200,155,0
baseline,4,133,6837968,200,155,0
baseline,4,134,6699477,200,155,0
baseline,4,135,6696707,200,155,0
baseline,4,136,6680677,200,155,0
baseline,4,137,6896429,200,155,0
baseline,4,138,6784798,200,155,0
baseline,4,139,6791578,200,155,0
baseline,4,140,6664507,200,155,0
baseline,4,141,6505105,200,155,0
baseline,4,142,6598336,200,155,0
baseline,4,143,6783808,200,155,0
baseline,4,144,6683637,200,155,0
baseline,4,145,6666507,200,155,0
baseline,4,146,6649157,200,155,0
baseline,4,147,6589396,200,155,0
baseline,4,148,6768277,200,155,0
baseline,4,149,6729858,200,155,0
baseline,4,150,6852938,200,155,0
baseline,4,151,6648987,200,155,0
baseline,4,152,6822498,200,155,0
baseline,4,153,6700057,200,155,0
baseline,4,154,6650187,200,155,0
baseline,4,155,6722657,200,155,0
baseline,4,156,6786978,200,155,0
baseline,4,157,6653046,200,155,0
baseline,4,158,6703328,200,155,0
baseline,4,159,6593736,200,155,0
baseline,4,160,6890778,200,155,0
baseline,4,161,6557506,200,155,0
baseline,4,162,6570616,200,155,0
baseline,4,163,6728768,200,155,0
baseline,4,164,6634236,200,155,0
baseline,4,165,6705527,200,155,0
baseline,4,166,6652397,200,155,0
baseline,4,167,6648777,200,155,0
baseline,4,168,6677557,200,155,0
baseline,4,169,6556666,200,155,0
baseline,4,170,7693585,200,155,0
baseline,4,171,9343760,200,155,0
baseline,4,172,6272143,200,155,0
baseline,4,173,6638077,200,155,0
baseline,4,174,6596136,200,155,0
baseline,4,175,6655967,200,155,0
baseline,4,176,6722217,200,155,0
baseline,4,177,6769938,200,155,0
baseline,4,178,6617966,200,155,0
baseline,4,179,6571216,200,155,0
baseline,4,180,6390155,200,155,0
baseline,4,181,6445334,200,155,0
baseline,4,182,6795568,200,155,0
baseline,4,183,6545536,200,155,0
baseline,4,184,6731888,200,155,0
baseline,4,185,6367814,200,155,0
baseline,4,186,6508815,200,155,0
baseline,4,187,6597117,200,155,0
baseline,4,188,6563545,200,155,0
baseline,4,189,6675587,200,155,0
baseline,4,190,6777378,200,155,0
baseline,4,191,6551236,200,155,0
baseline,4,192,6702107,200,155,0
baseline,4,193,6401925,200,155,0
baseline,4,194,6408884,200,155,0
baseline,4,195,6541846,200,155,0
baseline,4,196,6565306,200,155,0
baseline,4,197,6646536,200,155,0
baseline,4,198,6731038,200,155,0
baseline,4,199,6801938,200,155,0
baseline,4,200,6790198,200,155,0
baseline,4,201,6722747,200,155,0
baseline,4,202,6783408,200,155,0
baseline,4,203,6697027,200,155,0
baseline,4,204,6223893,200,155,0
baseline,4,205,6412904,200,155,0
baseline,4,206,6563716,200,155,0
baseline,4,207,6751178,200,155,0
baseline,4,208,6525645,200,155,0
baseline,4,209,6686217,200,155,0
baseline,4,210,6474326,200,155,0
baseline,4,211,6767557,200,155,0
baseline,4,212,6844888,200,155,0
baseline,4,213,6644626,200,155,0
baseline,4,214,6570376,200,155,0
baseline,4,215,6645687,200,155,0
baseline,4,216,6362284,200,155,0
baseline,4,217,5769339,200,155,0
baseline,4,218,6530366,200,155,0
baseline,4,219,6267813,200,155,0
baseline,4,220,5800979,200,155,0
baseline,4,221,8326981,200,155,0
baseline,4,222,5610198,200,155,0
baseline,4,223,5892570,200,155,0
baseline,4,224,5533418,200,155,0
baseline,4,225,5518337,200,155,0
baseline,4,226,5713728,200,155,0
baseline,4,227,5428486,200,155,0
baseline,4,228,5764890,200,155,0
baseline,4,229,5905390,200,155,0
baseline,4,230,5467676,200,155,0
baseline,4,231,5611228,200,155,0
baseline,4,232,5541857,200,155,0
baseline,4,233,5615698,200,155,0
baseline,4,234,5471977,200,155,0
baseline,4,235,5734859,200,155,0
baseline,4,236,5623318,200,155,0
baseline,4,237,5690258,200,155,0
baseline,4,238,5673368,200,155,0
baseline,4,239,5364766,200,155,0
baseline,4,240,5440127,200,155,0
baseline,4,241,5481626,200,155,0
baseline,4,242,5610458,200,155,0
baseline,4,243,5502527,200,155,0
baseline,4,244,5663858,200,155,0
baseline,4,245,5666778,200,155,0
baseline,4,246,5673229,200,155,0
baseline,4,247,5564697,200,155,0
baseline,4,248,5557317,200,155,0
baseline,4,249,6197613,200,155,0
baseline,4,250,5897250,200,155,0
baseline,4,251,5899611,200,155,0
baseline,4,252,7460643,200,155,0
baseline,4,253,5798730,200,155,0
baseline,4,254,5874170,200,155,0
baseline,4,255,6200783,200,155,0
baseline,4,256,7531054,200,155,0
baseline,4,257,6185342,200,155,0
baseline,4,258,6995780,200,155,0
baseline,4,259,6276144,200,155,0
baseline,4,260,5959920,200,155,0
baseline,4,261,5586188,200,155,0
baseline,4,262,5767019,200,155,0
baseline,4,263,6146132,200,155,0
baseline,4,264,6405715,200,155,0
baseline,4,265,6180643,200,155,0
baseline,4,266,5841069,200,155,0
baseline,4,267,6445855,200,155,0
baseline,4,268,5938791,200,155,0
baseline,4,269,6040611,200,155,0
baseline,4,270,8034619,200,155,0
baseline,4,271,5816349,200,155,0
baseline,4,272,5772349,200,155,0
baseline,4,273,6071972,200,155,0
baseline,4,274,6870779,200,155,0
baseline,4,275,7166651,200,155,0
baseline,4,276,6341744,200,155,0
baseline,4,277,5930850,200,155,0
baseline,4,278,6706537,200,155,0
baseline,4,279,6209503,200,155,0
baseline,4,280,6215783,200,155,0
baseline,4,281,7034310,200,155,0
baseline,4,282,6475565,200,155,0
baseline,4,283,9516581,200,155,0
baseline,4,284,6640537,200,155,0
baseline,4,285,5675098,200,155,0
baseline,4,286,6391085,200,155,0
baseline,4,287,5476786,200,155,0
baseline,4,288,5903771,200,155,0
baseline,4,289,5598327,200,155,0
baseline,4,290,8897706,200,155,0
baseline,4,291,6866629,200,155,0
baseline,4,292,6030951,200,155,0
baseline,4,293,5702728,200,155,0
baseline,4,294,5654888,200,155,0
baseline,4,295,5663338,200,155,0
baseline,4,296,5716209,200,155,0
baseline,4,297,5679978,200,155,0
baseline,4,298,5498807,200,155,0
baseline,4,299,5682048,200,155,0
baseline,4,300,6100542,200,155,0
baseline,4,301,5558868,200,155,0
baseline,4,302,5764919,200,155,0
baseline,4,303,5588147,200,155,0
baseline,4,304,5570498,200,155,0
baseline,4,305,5862070,200,155,0
baseline,4,306,5643398,200,155,0
baseline,4,307,5544887,200,155,0
baseline,4,308,6284154,200,155,0
baseline,4,309,5657128,200,155,0
baseline,4,310,5722749,200,155,0
baseline,4,311,5498196,200,155,0
baseline,4,312,8909756,200,155,0
baseline,4,313,5582398,200,155,0
baseline,4,314,5814650,200,155,0
baseline,4,315,5588297,200,155,0
baseline,4,316,5445487,200,155,0
baseline,4,317,5748298,200,155,0
baseline,4,318,5687679,200,155,0
baseline,4,319,5627628,200,155,0
baseline,4,320,5500167,200,155,0
baseline,4,321,5328805,200,155,0
baseline,4,322,5541837,200,155,0
baseline,4,323,5739419,200,155,0
baseline,4,324,5548007,200,155,0
baseline,4,325,5714569,200,155,0
baseline,4,326,5718559,200,155,0
baseline,4,327,5598027,200,155,0
baseline,4,328,5609438,200,155,0
baseline,4,329,5352156,200,155,0
baseline,4,330,5535467,200,155,0
baseline,4,331,5485227,200,155,0
baseline,4,332,5692578,200,155,0
baseline,4,333,5547647,200,155,0
baseline,4,334,5787980,200,155,0
baseline,4,335,6710697,200,155,0
baseline,4,336,6495555,200,155,0
baseline,4,337,6571356,200,155,0
baseline,4,338,6773078,200,155,0
baseline,4,339,6591716,200,155,0
baseline,4,340,6698527,200,155,0
baseline,4,341,6626477,200,155,0
baseline,4,342,6585986,200,155,0
baseline,4,343,6668547,200,155,0
baseline,4,344,6717307,200,155,0
baseline,4,345,6700487,200,155,0
baseline,4,346,6672707,200,155,0
baseline,4,347,6572186,200,155,0
baseline,4,348,6561216,200,155,0
baseline,4,349,6696607,200,155,0
baseline,4,350,6776767,200,155,0
baseline,4,351,6859869,200,155,0
baseline,4,352,6721447,200,155,0
baseline,4,353,6681207,200,155,0
baseline,4,354,6691127,200,155,0
baseline,4,355,6744497,200,155,0
baseline,4,356,6473646,200,155,0
baseline,4,357,6602466,200,155,0
baseline,4,358,6468615,200,155,0
baseline,4,359,6625706,200,155,0
baseline,4,360,6940939,200,155,0
baseline,4,361,6825379,200,155,0
baseline,4,362,6722457,200,155,0
baseline,4,363,6599356,200,155,0
baseline,4,364,6403105,200,155,0
baseline,4,365,6847838,200,155,0
baseline,4,366,6647127,200,155,0
baseline,4,367,6751917,200,155,0
baseline,4,368,6848018,200,155,0
baseline,4,369,6804988,200,155,0
baseline,4,370,6565296,200,155,0
baseline,4,371,6722087,200,155,0
baseline,4,372,6504176,200,155,0
baseline,4,373,6798698,200,155,0
baseline,4,374,6433844,200,155,0
baseline,4,375,6620997,200,155,0
baseline,4,376,6791908,200,155,0
baseline,4,377,6683967,200,155,0
baseline,4,378,6665116,200,155,0
baseline,4,379,6533086,200,155,0
baseline,4,380,6558636,200,155,0
baseline,4,381,6715027,200,155,0
baseline,4,382,6763107,200,155,0
baseline,4,383,6925670,200,155,0
baseline,4,384,6593026,200,155,0
baseline,4,385,6619486,200,155,0
baseline,4,386,6646937,200,155,0
baseline,4,387,6605266,200,155,0
baseline,4,388,6694267,200,155,0
baseline,4,389,6617366,200,155,0
baseline,4,390,6822218,200,155,0
baseline,4,391,6488675,200,155,0
baseline,4,392,6823349,200,155,0
baseline,4,393,6800268,200,155,0
baseline,4,394,6577145,200,155,0
baseline,4,395,7004850,200,155,0
baseline,4,396,6512906,200,155,0
baseline,4,397,6636096,200,155,0
baseline,4,398,6784618,200,155,0
baseline,4,399,6749787,200,155,0
baseline,4,400,6607927,200,155,0
baseline,4,401,6851338,200,155,0
baseline,4,402,6740037,200,155,0
baseline,4,403,6909739,200,155,0
baseline,4,404,6835468,200,155,0
baseline,4,405,6857899,200,155,0
baseline,4,406,6858888,200,155,0
baseline,4,407,6792468,200,155,0
baseline,4,408,6855168,200,155,0
baseline,4,409,6702696,200,155,0
baseline,4,410,6723078,200,155,0
baseline,4,411,6833548,200,155,0
baseline,4,412,6988099,200,155,0
baseline,4,413,6770538,200,155,0
baseline,4,414,6896869,200,155,0
baseline,4,415,6767748,200,155,0
baseline,4,416,6819948,200,155,0
baseline,4,417,6439254,200,155,0
baseline,4,418,6656177,200,155,0
baseline,4,419,6931839,200,155,0
baseline,4,420,6862509,200,155,0
baseline,4,421,6767757,200,155,0
baseline,4,422,6702587,200,155,0
baseline,4,423,6724388,200,155,0
baseline,4,424,6597376,200,155,0
baseline,4,425,6804688,200,155,0
baseline,4,426,6759837,200,155,0
baseline,4,427,6593426,200,155,0
baseline,4,428,6821198,200,155,0
baseline,4,429,6771818,200,155,0
baseline,4,430,6802798,200,155,0
baseline,4,431,6915989,200,155,0
baseline,4,432,6685297,200,155,0
baseline,4,433,6727457,200,155,0
baseline,4,434,6849909,200,155,0
baseline,4,435,6961699,200,155,0
baseline,4,436,6747757,200,155,0
baseline,4,437,6725697,200,155,0
baseline,4,438,6481396,200,155,0
baseline,4,439,6690957,200,155,0
baseline,4,440,6766877,200,155,0
baseline,4,441,6780668,200,155,0
baseline,4,442,6842298,200,155,0
baseline,4,443,6726487,200,155,0
baseline,4,444,6963360,200,155,0
baseline,4,445,6764327,200,155,0
baseline,4,446,6807408,200,155,0
baseline,4,447,6751148,200,155,0
baseline,4,448,6704197,200,155,0
baseline,4,449,6861098,200,155,0
baseline,4,450,6755058,200,155,0
baseline,4,451,6866968,200,155,0
baseline,4,452,6862119,200,155,0
baseline,4,453,6831848,200,155,0
baseline,4,454,6767458,200,155,0
baseline,4,455,6825788,200,155,0
baseline,4,456,6841888,200,155,0
baseline,4,457,6812128,200,155,0
baseline,4,458,6970589,200,155,0
baseline,4,459,6774338,200,155,0
baseline,4,460,6644787,200,155,0
baseline,4,461,6757287,200,155,0
baseline,4,462,6828258,200,155,0
baseline,4,463,6876239,200,155,0
baseline,4,464,6780447,200,155,0
baseline,4,465,6800468,200,155,0
baseline,4,466,6647366,200,155,0
baseline,4,467,6751117,200,155,0
baseline,4,468,6916509,200,155,0
baseline,4,469,6680997,200,155,0
baseline,4,470,6562216,200,155,0
baseline,4,471,6534666,200,155,0
baseline,4,472,6861298,200,155,0
baseline,4,473,6881749,200,155,0
baseline,4,474,6758937,200,155,0
baseline,4,475,6813138,200,155,0
baseline,4,476,6726968,200,155,0
baseline,4,477,6773507,200,155,0
baseline,4,478,6708418,200,155,0
baseline,4,479,6830778,200,155,0
baseline,4,480,6579526,200,155,0
baseline,4,481,6796908,200,155,0
baseline,4,482,6689346,200,155,0
baseline,4,483,6958010,200,155,0
baseline,4,484,6898668,200,155,0
baseline,4,485,6723607,200,155,0
baseline,4,486,6772897,200,155,0
baseline,4,487,6630077,200,155,0
baseline,4,488,6562356,200,155,0
baseline,4,489,6778137,200,155,0
baseline,4,490,6739217,200,155,0
baseline,4,491,6834948,200,155,0
baseline,4,492,6692167,200,155,0
baseline,4,493,6742997,200,155,0
baseline,4,494,6689747,200,155,0
baseline,4,495,6626426,200,155,0
baseline,4,496,6556226,200,155,0
baseline,4,497,6492815,200,155,0
baseline,4,498,6773958,200,155,0
baseline,4,499,6763937,200,155,0
baseline,4,500,6711557,200,155,0
baseline,4,501,6654017,200,155,0
baseline,4,502,6776618,200,155,0
baseline,4,503,6845948,200,155,0
baseline,4,504,6668937,200,155,0
baseline,4,505,6642626,200,155,0
baseline,4,506,6590616,200,155,0
baseline,4,507,6692157,200,155,0
baseline,4,508,6815188,200,155,0
baseline,4,509,6454685,200,155,0
baseline,4,510,6667337,200,155,0
baseline,4,511,6728847,200,155,0
baseline,4,512,6705077,200,155,0
baseline,4,513,6860469,200,155,0
baseline,4,514,6884108,200,155,0
baseline,4,515,6563906,200,155,0
baseline,4,516,6798168,200,155,0
baseline,4,517,6736957,200,155,0
baseline,4,518,6699167,200,155,0
baseline,4,519,6715938,200,155,0
baseline,4,520,6762837,200,155,0
baseline,4,521,6674597,200,155,0
baseline,4,522,8921106,200,155,0
baseline,4,523,7688465,200,155,0
baseline,4,524,6815628,200,155,0
baseline,4,525,6602267,200,155,0
baseline,4,526,6754597,200,155,0
baseline,4,527,6847068,200,155,0
baseline,4,528,6712937,200,155,0
baseline,4,529,6906229,200,155,0
baseline,4,530,6602256,200,155,0
baseline,4,531,6806608,200,155,0
baseline,4,532,6607376,200,155,0
baseline,4,533,6741558,200,155,0
baseline,4,534,6654916,200,155,0
baseline,4,535,6406865,200,155,0
baseline,4,536,6715677,200,155,0
baseline,4,537,6821188,200,155,0
baseline,4,538,6900219,200,155,0
baseline,4,539,6508085,200,155,0
baseline,4,540,6824859,200,155,0
baseline,4,541,6611156,200,155,0
baseline,4,542,6783817,200,155,0
baseline,4,543,6841179,200,155,0
baseline,4,544,6733887,200,155,0
baseline,4,545,6886819,200,155,0
baseline,4,546,6669976,200,155,0
baseline,4,547,6909739,200,155,0
baseline,4,548,6917159,200,155,0
baseline,4,549,6880689,200,155,0
baseline,4,550,6939449,200,155,0
baseline,4,551,6717947,200,155,0
baseline,4,552,6732287,200,155,0
baseline,4,553,6678327,200,155,0
baseline,4,554,6598746,200,155,0
baseline,4,555,6587206,200,155,0
baseline,4,556,9597342,200,155,0
baseline,4,557,5816759,200,155,0
baseline,4,558,5436547,200,155,0
baseline,4,559,5387766,200,155,0
baseline,4,560,5807549,200,155,0
baseline,4,561,5481847,200,155,0
baseline,4,562,5635338,200,155,0
baseline,4,563,5547737,200,155,0
baseline,4,564,5555597,200,155,0
baseline,4,565,5597858,200,155,0
baseline,4,566,5568427,200,155,0
baseline,4,567,5535967,200,155,0
baseline,4,568,5689929,200,155,0
baseline,4,569,5453686,200,155,0
baseline,4,570,5521947,200,155,0
baseline,4,571,5687829,200,155,0
baseline,4,572,5728458,200,155,0
baseline,4,573,5387976,200,155,0
baseline,4,574,5639358,200,155,0
baseline,4,575,5565567,200,155,0
baseline,4,576,5418967,200,155,0
baseline,4,577,5542717,200,155,0
baseline,4,578,5712048,200,155,0
baseline,4,579,5652828,200,155,0
baseline,4,580,5574128,200,155,0
baseline,4,581,5407146,200,155,0
baseline,4,582,5620928,200,155,0
baseline,4,583,5746889,200,155,0
baseline,4,584,5626758,200,155,0
baseline,4,585,5485006,200,155,0
baseline,4,586,5728109,200,155,0
baseline,4,587,5592398,200,155,0
baseline,4,588,5498137,200,155,0
baseline,4,589,5723758,200,155,0
baseline,4,590,5760989,200,155,0
baseline,4,591,5505127,200,155,0
baseline,4,592,5502137,200,155,0
baseline,4,593,5323135,200,155,0
baseline,4,594,5526877,200,155,0
baseline,4,595,5517307,200,155,0
baseline,4,596,5731239,200,155,0
baseline,4,597,5445516,200,155,0
baseline,4,598,5647928,200,155,0
baseline,4,599,5341166,200,155,0
baseline,4,600,5485056,200,155,0
baseline,4,601,5596358,200,155,0
baseline,4,602,5469927,200,155,0
baseline,4,603,5390956,200,155,0
baseline,4,604,5576167,200,155,0
baseline,4,605,5518477,200,155,0
baseline,4,606,5427476,200,155,0
baseline,4,607,5582598,200,155,0
baseline,4,608,5665258,200,155,0
baseline,4,609,5447506,200,155,0
baseline,4,610,5357236,200,155,0
baseline,4,611,5334005,200,155,0
baseline,4,612,5283225,200,155,0
baseline,4,613,5418646,200,155,0
baseline,4,614,5590518,200,155,0
baseline,4,615,5376316,200,155,0
baseline,4,616,5367795,200,155,0
baseline,4,617,5664509,200,155,0
baseline,4,618,5537387,200,155,0
baseline,4,619,5566197,200,155,0
baseline,4,620,5577048,200,155,0
baseline,4,621,5421296,200,155,0
baseline,4,622,5402926,200,155,0
baseline,4,623,5508337,200,155,0
baseline,4,624,5330505,200,155,0
baseline,4,625,5228604,200,155,0
baseline,4,626,5516517,200,155,0
baseline,4,627,5192435,200,155,0
baseline,4,628,5102383,200,155,0
baseline,4,629,5272235,200,155,0
baseline,4,630,5409246,200,155,0
baseline,4,631,5480827,200,155,0
baseline,4,632,5370715,200,155,0
baseline,4,633,5558008,200,155,0
baseline,4,634,5394785,200,155,0
baseline,4,635,5534247,200,155,0
baseline,4,636,5485446,200,155,0
baseline,4,637,5432857,200,155,0
baseline,4,638,5613397,200,155,0
baseline,4,639,5320336,200,155,0
baseline,4,640,5486346,200,155,0
baseline,4,641,5544437,200,155,0
baseline,4,642,5494247,200,155,0
baseline,4,643,5557248,200,155,0
baseline,4,644,5593627,200,155,0
baseline,4,645,5509887,200,155,0
baseline,4,646,5395676,200,155,0
baseline,4,647,5533687,200,155,0
baseline,4,648,5532257,200,155,0
baseline,4,649,5443646,200,155,0
baseline,4,650,5643188,200,155,0
baseline,4,651,5660018,200,155,0
baseline,4,652,5542407,200,155,0
baseline,4,653,5633988,200,155,0
baseline,4,654,5449536,200,155,0
baseline,4,655,5410646,200,155,0
baseline,4,656,5586008,200,155,0
baseline,4,657,5655558,200,155,0
baseline,4,658,8396401,200,155,0
baseline,4,659,5424817,200,155,0
baseline,4,660,5334005,200,155,0
baseline,4,661,5358756,200,155,0
baseline,4,662,5661958,200,155,0
baseline,4,663,7809386,200,155,0
baseline,4,664,5486217,200,155,0
baseline,4,665,5351446,200,155,0
baseline,4,666,5328955,200,155,0
baseline,4,667,5610658,200,155,0
baseline,4,668,5645978,200,155,0
baseline,4,669,7468203,200,155,0
baseline,4,670,5588078,200,155,0
baseline,4,671,5584608,200,155,0
baseline,4,672,5623557,200,155,0
baseline,4,673,5700179,200,155,0
baseline,4,674,5498827,200,155,0
baseline,4,675,5477646,200,155,0
baseline,4,676,5474897,200,155,0
baseline,4,677,5418216,200,155,0
baseline,4,678,5532677,200,155,0
baseline,4,679,5724869,200,155,0
baseline,4,680,8042438,200,155,0
baseline,4,681,7164761,200,155,0
baseline,4,682,5317415,200,155,0
baseline,4,683,5325035,200,155,0
baseline,4,684,5343706,200,155,0
baseline,4,685,5519067,200,155,0
baseline,4,686,5233025,200,155,0
baseline,4,687,5504926,200,155,0
baseline,4,688,5425766,200,155,0
baseline,4,689,5299016,200,155,0
baseline,4,690,5360155,200,155,0
baseline,4,691,5517497,200,155,0
baseline,4,692,5382456,200,155,0
baseline,4,693,5289735,200,155,0
baseline,4,694,5425516,200,155,0
baseline,4,695,5415116,200,155,0
baseline,4,696,5362196,200,155,0
baseline,4,697,5483816,200,155,0
baseline,4,698,5375326,200,155,0
baseline,4,699,5310385,200,155,0
baseline,4,700,5489657,200,155,0
baseline,4,701,5344736,200,155,0
baseline,4,702,5228684,200,155,0
baseline,4,703,5593347,200,155,0
baseline,4,704,5505716,200,155,0
baseline,4,705,5375636,200,155,0
baseline,4,706,5497987,200,155,0
baseline,4,707,5369266,200,155,0
baseline,4,708,5308115,200,155,0
baseline,4,709,5370715,200,155,0
baseline,4,710,5403165,200,155,0
baseline,4,711,5409526,200,155,0
baseline,4,712,5511537,200,155,0
baseline,4,713,5346626,200,155,0
baseline,4,714,5301005,200,155,0
baseline,4,715,5387206,200,155,0
baseline,4,716,5460096,200,155,0
baseline,4,717,5330746,200,155,0
baseline,4,718,5301985,200,155,0
baseline,4,719,5325255,200,155,0
baseline,4,720,5357676,200,155,0
baseline,4,721,5384555,200,155,0
baseline,4,722,5358026,200,155,0
baseline,4,723,5262285,200,155,0
baseline,4,724,5395516,200,155,0
baseline,4,725,8133099,200,155,0
baseline,4,726,5360675,200,155,0
baseline,4,727,5714949,200,155,0
baseline,4,728,5542697,200,155,0
baseline,4,729,5556048,200,155,0
baseline,4,730,5562027,200,155,0
baseline,4,731,5574547,200,155,0
baseline,4,732,5565848,200,155,0
baseline,4,733,5468626,200,155,0
baseline,4,734,5606328,200,155,0
baseline,4,735,5523847,200,155,0
baseline,4,736,5634068,200,155,0
baseline,4,737,5735158,200,155,0
baseline,4,738,5525168,200,155,0
baseline,4,739,5383715,200,155,0
baseline,4,740,5687919,200,155,0
baseline,4,741,5659668,200,155,0
baseline,4,742,5630958,200,155,0
baseline,4,743,5661808,200,155,0
baseline,4,744,5382876,200,155,0
baseline,4,745,5572737,200,155,0
baseline,4,746,5504747,200,155,0
baseline,4,747,5495367,200,155,0
baseline,4,748,5386706,200,155,0
baseline,4,749,5394425,200,155,0
baseline,4,750,5591678,200,155,0
baseline,4,751,5626708,200,155,0
baseline,4,752,5498547,200,155,0
baseline,4,753,5575707,200,155,0
baseline,4,754,5515867,200,155,0
baseline,4,755,5370436,200,155,0
baseline,4,756,5383145,200,155,0
baseline,4,757,5680848,200,155,0
baseline,4,758,5577217,200,155,0
baseline,4,759,5430526,200,155,0
baseline,4,760,5656308,200,155,0
baseline,4,761,5373815,200,155,0
baseline,4,762,5502857,200,155,0
baseline,4,763,5635858,200,155,0
baseline,4,764,5552507,200,155,0
baseline,4,765,5492077,200,155,0
baseline,4,766,5669898,200,155,0
baseline,4,767,5498137,200,155,0
baseline,4,768,5547837,200,155,0
baseline,4,769,5504137,200,155,0
baseline,4,770,5544997,200,155,0
baseline,4,771,5409636,200,155,0
baseline,4,772,5677229,200,155,0
baseline,4,773,5544907,200,155,0
baseline,4,774,5521397,200,155,0
baseline,4,775,5606857,200,155,0
baseline,4,776,5294395,200,155,0
baseline,4,777,5629678,200,155,0
baseline,4,778,5597968,200,155,0
baseline,4,779,5540287,200,155,0
baseline,4,780,6618796,200,155,0
baseline,4,781,5569948,200,155,0
baseline,4,782,5315035,200,155,0
baseline,4,783,5549717,200,155,0
baseline,4,784,5377326,200,155,0
baseline,4,785,5498477,200,155,0
baseline,4,786,5435516,200,155,0
baseline,4,787,5511137,200,155,0
baseline,4,788,5395056,200,155,0
baseline,4,789,5640028,200,155,0
baseline,4,790,5550217,200,155,0
baseline,4,791,5288265,200,155,0
baseline,4,792,5561127,200,155,0
baseline,4,793,5679919,200,155,0
baseline,4,794,5350285,200,155,0
baseline,4,795,7740176,200,155,0
baseline,4,796,8159789,200,155,0
baseline,4,797,5747799,200,155,0
baseline,4,798,5739209,200,155,0
baseline,4,799,5430116,200,155,0
baseline,4,800,5477737,200,155,0
baseline,4,801,5557507,200,155,0
baseline,4,802,5407716,200,155,0
baseline,4,803,5589648,200,155,0
baseline,4,804,5484666,200,155,0
baseline,4,805,5345196,200,155,0
baseline,4,806,5470546,200,155,0
baseline,4,807,5305436,200,155,0
baseline,4,808,5312515,200,155,0
baseline,4,809,5517567,200,155,0
baseline,4,810,5513997,200,155,0
baseline,4,811,5329405,200,155,0
baseline,4,812,5463086,200,155,0
baseline,4,813,5217075,200,155,0
baseline,4,814,5486176,200,155,0
baseline,4,815,5349056,200,155,0
baseline,4,816,5679178,200,155,0
baseline,4,817,5682519,200,155,0
baseline,4,818,5338225,200,155,0
baseline,4,819,5577857,200,155,0
baseline,4,820,5417107,200,155,0
baseline,4,821,5611237,200,155,0
baseline,4,822,5573468,200,155,0
baseline,4,823,5367655,200,155,0
baseline,4,824,5294225,200,155,0
baseline,4,825,5458137,200,155,0
baseline,4,826,5425026,200,155,0
baseline,4,827,5629238,200,155,0
baseline,4,828,8256860,200,155,0
baseline,4,829,5218094,200,155,0
baseline,4,830,5550488,200,155,0
baseline,4,831,5482696,200,155,0
baseline,4,832,5712529,200,155,0
baseline,4,833,5484107,200,155,0
baseline,4,834,5460276,200,155,0
baseline,4,835,5400356,200,155,0
baseline,4,836,5586578,200,155,0
baseline,4,837,5606417,200,155,0
baseline,4,838,5608818,200,155,0
baseline,4,839,5599478,200,155,0
baseline,4,840,5602527,200,155,0
baseline,4,841,5593578,200,155,0
baseline,4,842,5642478,200,155,0
baseline,4,843,5624478,200,155,0
baseline,4,844,5693348,200,155,0
baseline,4,845,5505797,200,155,0
baseline,4,846,5728099,200,155,0
baseline,4,847,5506857,200,155,0
baseline,4,848,5586767,200,155,0
baseline,4,849,6200293,200,155,0
baseline,4,850,5798479,200,155,0
baseline,4,851,5608938,200,155,0
baseline,4,852,5582597,200,155,0
baseline,4,853,5702759,200,155,0
baseline,4,854,5606518,200,155,0
baseline,4,855,5462136,200,155,0
baseline,4,856,6980289,200,155,0
baseline,4,857,5576588,200,155,0
baseline,4,858,5483676,200,155,0
baseline,4,859,5631397,200,155,0
baseline,4,860,5632818,200,155,0
baseline,4,861,5628038,200,155,0
baseline,4,862,5490017,200,155,0
baseline,4,863,5504256,200,155,0
baseline,4,864,5682978,200,155,0
baseline,4,865,5644798,200,155,0
baseline,4,866,5566217,200,155,0
baseline,4,867,5788790,200,155,0
baseline,4,868,5658898,200,155,0
baseline,4,869,5443276,200,155,0
baseline,4,870,5626058,200,155,0
baseline,4,871,5551217,200,155,0
baseline,4,872,5670758,200,155,0
baseline,4,873,5651218,200,155,0
baseline,4,874,5592368,200,155,0
baseline,4,875,5517867,200,155,0
baseline,4,876,5587497,200,155,0
baseline,4,877,5504317,200,155,0
baseline,4,878,5600718,200,155,0
baseline,4,879,5514087,200,155,0
baseline,4,880,5628218,200,155,0
baseline,4,881,5595687,200,155,0
baseline,4,882,5792329,200,155,0
baseline,4,883,5581888,200,155,0
baseline,4,884,5581427,200,155,0
baseline,4,885,5518637,200,155,0
baseline,4,886,5459647,200,155,0
baseline,4,887,5480646,200,155,0
baseline,4,888,5654138,200,155,0
baseline,4,889,5543397,200,155,0
baseline,4,890,5413626,200,155,0
baseline,4,891,5420477,200,155,0
baseline,4,892,5721868,200,155,0
baseline,4,893,5459337,200,155,0
baseline,4,894,5695738,200,155,0
baseline,4,895,5635828,200,155,0
baseline,4,896,5606438,200,155,0
baseline,4,897,5533177,200,155,0
baseline,4,898,5438326,200,155,0
baseline,4,899,5434076,200,155,0
baseline,4,900,5509177,200,155,0
baseline,4,901,5473227,200,155,0
baseline,4,902,5427046,200,155,0
baseline,4,903,5536257,200,155,0
baseline,4,904,5487486,200,155,0
baseline,4,905,5532017,200,155,0
baseline,4,906,5627737,200,155,0
baseline,4,907,5460677,200,155,0
baseline,4,908,5494807,200,155,0
baseline,4,909,5591937,200,155,0
baseline,4,910,5506157,200,155,0
baseline,4,911,5669248,200,155,0
baseline,4,912,5381496,200,155,0
baseline,4,913,5412196,200,155,0
baseline,4,914,5470066,200,155,0
baseline,4,915,5659199,200,155,0
baseline,4,916,5420566,200,155,0
baseline,4,917,5391645,200,155,0
baseline,4,918,5573648,200,155,0
baseline,4,919,5468556,200,155,0
baseline,4,920,5619438,200,155,0
baseline,4,921,5631528,200,155,0
baseline,4,922,5463726,200,155,0
baseline,4,923,5818740,200,155,0
baseline,4,924,5631198,200,155,0
baseline,4,925,5261275,200,155,0
baseline,4,926,5568697,200,155,0
baseline,4,927,5487777,200,155,0
baseline,4,928,5623167,200,155,0
baseline,4,929,5664309,200,155,0
baseline,4,930,5336685,200,155,0
baseline,4,931,5509097,200,155,0
baseline,4,932,5824019,200,155,0
baseline,4,933,5554858,200,155,0
baseline,4,934,5871289,200,155,0
baseline,4,935,5830470,200,155,0
baseline,4,936,5468547,200,155,0
baseline,4,937,5581137,200,155,0
baseline,4,938,5451576,200,155,0
baseline,4,939,5669309,200,155,0
baseline,4,940,5411416,200,155,0
baseline,4,941,5382775,200,155,0
baseline,4,942,5434747,200,155,0
baseline,4,943,5503597,200,155,0
baseline,4,944,5657917,200,155,0
baseline,4,945,5453487,200,155,0
baseline,4,946,5590028,200,155,0
baseline,4,947,5462366,200,155,0
baseline,4,948,5418966,200,155,0
baseline,4,949,5617018,200,155,0
baseline,4,950,5743849,200,155,0
baseline,4,951,7584144,200,155,0
baseline,4,952,5657368,200,155,0
baseline,4,953,5681819,200,155,0
baseline,4,954,5538447,200,155,0
baseline,4,955,5369575,200,155,0
baseline,4,956,5439077,200,155,0
baseline,4,957,5523656,200,155,0
baseline,4,958,5931520,200,155,0
baseline,4,959,5602788,200,155,0
baseline,4,960,5682828,200,155,0
baseline,4,961,5703508,200,155,0
baseline,4,962,5368226,200,155,0
baseline,4,963,5531307,200,155,0
baseline,4,964,5541737,200,155,0
baseline,4,965,5462317,200,155,0
baseline,4,966,5667328,200,155,0
baseline,4,967,5378616,200,155,0
baseline,4,968,5328615,200,155,0
baseline,4,969,5687728,200,155,0
baseline,4,970,5732269,200,155,0
baseline,4,971,5551237,200,155,0
baseline,4,972,5627848,200,155,0
baseline,4,973,6364844,200,155,0
baseline,4,974,5549257,200,155,0
baseline,4,975,6414835,200,155,0
baseline,4,976,5487677,200,155,0
baseline,4,977,5570567,200,155,0
baseline,4,978,5736119,200,155,0
baseline,4,979,5649688,200,155,0
baseline,4,980,5580977,200,155,0
baseline,4,981,5312665,200,155,0
baseline,4,982,5526838,200,155,0
baseline,4,983,5388895,200,155,0
baseline,4,984,5433427,200,155,0
baseline,4,985,5475466,200,155,0
baseline,4,986,5464367,200,155,0
baseline,4,987,5331985,200,155,0
baseline,4,988,5357915,200,155,0
baseline,4,989,8426242,200,155,0
baseline,4,990,5467737,200,155,0
baseline,4,991,5280725,200,155,0
baseline,4,992,5595257,200,155,0
baseline,4,993,5512847,200,155,0
baseline,4,994,5526697,200,155,0
baseline,4,995,5637758,200,155,0
baseline,4,996,5519167,200,155,0
baseline,4,997,5501357,200,155,0
baseline,4,998,5576487,200,155,0
baseline,4,999,5328685,200,155,0
baseline,4,1000,5611698,200,155,0
baseline,5,1,5799669,200,155,0
baseline,5,2,5585817,200,155,0
baseline,5,3,5536957,200,155,0
baseline,5,4,5532077,200,155,0
baseline,5,5,6077551,200,155,0
baseline,5,6,5792519,200,155,0
baseline,5,7,5534788,200,155,0
baseline,5,8,6013370,200,155,0
baseline,5,9,5544308,200,155,0
baseline,5,10,5500156,200,155,0
baseline,5,11,5677209,200,155,0
baseline,5,12,5533017,200,155,0
baseline,5,13,5639178,200,155,0
baseline,5,14,5563027,200,155,0
baseline,5,15,5763829,200,155,0
baseline,5,16,5658568,200,155,0
baseline,5,17,5915310,200,155,0
baseline,5,18,5691178,200,155,0
baseline,5,19,5757399,200,155,0
baseline,5,20,5507737,200,155,0
baseline,5,21,5603718,200,155,0
baseline,5,22,5593357,200,155,0
baseline,5,23,6135982,200,155,0
baseline,5,24,6108422,200,155,0
baseline,5,25,6003571,200,155,0
baseline,5,26,5924331,200,155,0
baseline,5,27,6138832,200,155,0
baseline,5,28,5971871,200,155,0
baseline,5,29,5785689,200,155,0
baseline,5,30,5578687,200,155,0
baseline,5,31,5681898,200,155,0
baseline,5,32,5801290,200,155,0
baseline,5,33,5653958,200,155,0
baseline,5,34,8620393,200,155,0
baseline,5,35,5676728,200,155,0
baseline,5,36,5677788,200,155,0
baseline,5,37,5333896,200,155,0
baseline,5,38,5382966,200,155,0
baseline,5,39,5337225,200,155,0
baseline,5,40,6325714,200,155,0
baseline,5,41,6320253,200,155,0
baseline,5,42,6300224,200,155,0
baseline,5,43,6476945,200,155,0
baseline,5,44,6344064,200,155,0
baseline,5,45,6355404,200,155,0
baseline,5,46,7068370,200,155,0
baseline,5,47,6409674,200,155,0
baseline,5,48,6249693,200,155,0
baseline,5,49,6302954,200,155,0
baseline,5,50,6332524,200,155,0
baseline,5,51,6458985,200,155,0
baseline,5,52,6409054,200,155,0
baseline,5,53,6336434,200,155,0
baseline,5,54,6358284,200,155,0
baseline,5,55,6430105,200,155,0
baseline,5,56,6659696,200,155,0
baseline,5,57,6862028,200,155,0
baseline,5,58,6329034,200,155,0
baseline,5,59,6501646,200,155,0
baseline,5,60,6395424,200,155,0
baseline,5,61,6507005,200,155,0
baseline,5,62,7789026,200,155,0
baseline,5,63,6654127,200,155,0
baseline,5,64,6378444,200,155,0
baseline,5,65,6468835,200,155,0
baseline,5,66,6483165,200,155,0
baseline,5,67,6304574,200,155,0
baseline,5,68,7033269,200,155,0
baseline,5,69,6738498,200,155,0
baseline,5,70,6323383,200,155,0
baseline,5,71,7232662,200,155,0
baseline,5,72,6589386,200,155,0
baseline,5,73,6416314,200,155,0
baseline,5,74,6454475,200,155,0
baseline,5,75,6501185,200,155,0
baseline,5,76,6903919,200,155,0
baseline,5,77,6658537,200,155,0
baseline,5,78,6554455,200,155,0
baseline,5,79,6422115,200,155,0
baseline,5,80,6586056,200,155,0
baseline,5,81,7645405,200,155,0
baseline,5,82,7092250,200,155,0
baseline,5,83,7389193,200,155,0
baseline,5,84,6523855,200,155,0
baseline,5,85,6472735,200,155,0
baseline,5,86,6609956,200,155,0
baseline,5,87,6801788,200,155,0
baseline,5,88,6503885,200,155,0
baseline,5,89,6543056,200,155,0
baseline,5,90,7246211,200,155,0
baseline,5,91,6481665,200,155,0
baseline,5,92,7741746,200,155,0
baseline,5,93,8482722,200,155,0
baseline,5,94,5799919,200,155,0
baseline,5,95,5554728,200,155,0
baseline,5,96,5463606,200,155,0
baseline,5,97,5676578,200,155,0
baseline,5,98,7573154,200,155,0
baseline,5,99,5680788,200,155,0
baseline,5,100,5664798,200,155,0
baseline,5,101,5593147,200,155,0
baseline,5,102,5570738,200,155,0
baseline,5,103,5482046,200,155,0
baseline,5,104,6285694,200,155,0
baseline,5,105,5815009,200,155,0
baseline,5,106,5956251,200,155,0
baseline,5,107,5509176,200,155,0
baseline,5,108,5330996,200,155,0
baseline,5,109,5728058,200,155,0
baseline,5,110,5598958,200,155,0
baseline,5,111,7991418,200,155,0
baseline,5,112,5791299,200,155,0
baseline,5,113,5659388,200,155,0
baseline,5,114,5723478,200,155,0
baseline,5,115,7112690,200,155,0
baseline,5,116,5530767,200,155,0
baseline,5,117,5663858,200,155,0
baseline,5,118,5582568,200,155,0
baseline,5,119,6151792,200,155,0
baseline,5,120,5614807,200,155,0
baseline,5,121,5446937,200,155,0
baseline,5,122,5479316,200,155,0
baseline,5,123,5618138,200,155,0
baseline,5,124,5635388,200,155,0
baseline,5,125,5277535,200,155,0
baseline,5,126,5939830,200,155,0
baseline,5,127,5501767,200,155,0
baseline,5,128,6158122,200,155,0
baseline,5,129,5600048,200,155,0
baseline,5,130,7047269,200,155,0
baseline,5,131,5791970,200,155,0
baseline,5,132,5436796,200,155,0
baseline,5,133,5521137,200,155,0
baseline,5,134,5448856,200,155,0
baseline,5,135,5810859,200,155,0
baseline,5,136,5484197,200,155,0
baseline,5,137,6520535,200,155,0
baseline,5,138,7294152,200,155,0
baseline,5,139,5351356,200,155,0
baseline,5,140,5606187,200,155,0
baseline,5,141,5226225,200,155,0
baseline,5,142,8181709,200,155,0
baseline,5,143,5612428,200,155,0
baseline,5,144,5434676,200,155,0
baseline,5,145,6088022,200,155,0
baseline,5,146,5829909,200,155,0
baseline,5,147,8157780,200,155,0
baseline,5,148,6263793,200,155,0
baseline,5,149,5480136,200,155,0
baseline,5,150,6121242,200,155,0
baseline,5,151,6021821,200,155,0
baseline,5,152,6315104,200,155,0
baseline,5,153,6380794,200,155,0
baseline,5,154,6048052,200,155,0
baseline,5,155,6337663,200,155,0
baseline,5,156,7236982,200,155,0
baseline,5,157,5494266,200,155,0
baseline,5,158,5356185,200,155,0
baseline,5,159,5324595,200,155,0
baseline,5,160,5390736,200,155,0
baseline,5,161,5821849,200,155,0
baseline,5,162,6184673,200,155,0
baseline,5,163,5432556,200,155,0
baseline,5,164,6723127,200,155,0
baseline,5,165,5356406,200,155,0
baseline,5,166,5226914,200,155,0
baseline,5,167,5319855,200,155,0
baseline,5,168,5477517,200,155,0
baseline,5,169,5837699,200,155,0
baseline,5,170,5479837,200,155,0
baseline,5,171,5774299,200,155,0
baseline,5,172,5204184,200,155,0
baseline,5,173,6419945,200,155,0
baseline,5,174,5491096,200,155,0
baseline,5,175,5505327,200,155,0
baseline,5,176,5427246,200,155,0
baseline,5,177,5475137,200,155,0
baseline,5,178,5369505,200,155,0
baseline,5,179,5259285,200,155,0
baseline,5,180,5506297,200,155,0
baseline,5,181,5353315,200,155,0
baseline,5,182,5296205,200,155,0
baseline,5,183,5260805,200,155,0
baseline,5,184,5273435,200,155,0
baseline,5,185,5283174,200,155,0
baseline,5,186,8088449,200,155,0
baseline,5,187,8173070,200,155,0
baseline,5,188,6337663,200,155,0
baseline,5,189,6584996,200,155,0
baseline,5,190,6322994,200,155,0
baseline,5,191,6494845,200,155,0
baseline,5,192,6616166,200,155,0
baseline,5,193,6426495,200,155,0
baseline,5,194,6314014,200,155,0
baseline,5,195,6316113,200,155,0
baseline,5,196,6324974,200,155,0
baseline,5,197,6360464,200,155,0
baseline,5,198,6374704,200,155,0
baseline,5,199,6418765,200,155,0
baseline,5,200,6306343,200,155,0
baseline,5,201,6475725,200,155,0
baseline,5,202,6382334,200,155,0
baseline,5,203,6206043,200,155,0
baseline,5,204,6247483,200,155,0
baseline,5,205,6303154,200,155,0
baseline,5,206,6626046,200,155,0
baseline,5,207,6309854,200,155,0
baseline,5,208,6362094,200,155,0
baseline,5,209,6542335,200,155,0
baseline,5,210,6402735,200,155,0
baseline,5,211,6349034,200,155,0
baseline,5,212,6503995,200,155,0
baseline,5,213,6208742,200,155,0
baseline,5,214,6234303,200,155,0
baseline,5,215,6237353,200,155,0
baseline,5,216,6367884,200,155,0
baseline,5,217,6291213,200,155,0
baseline,5,218,6424044,200,155,0
baseline,5,219,6521816,200,155,0
baseline,5,220,6637646,200,155,0
baseline,5,221,6259253,200,155,0
baseline,5,222,6399685,200,155,0
baseline,5,223,6217133,200,155,0
baseline,5,224,6352463,200,155,0
baseline,5,225,6474375,200,155,0
baseline,5,226,6379905,200,155,0
baseline,5,227,6481215,200,155,0
baseline,5,228,6497525,200,155,0
baseline,5,229,6448715,200,155,0
baseline,5,230,6351234,200,155,0
baseline,5,231,6386144,200,155,0
baseline,5,232,6434074,200,155,0
baseline,5,233,6595397,200,155,0
baseline,5,234,6272803,200,155,0
baseline,5,235,6504855,200,155,0
baseline,5,236,6510445,200,155,0
baseline,5,237,6190913,200,155,0
baseline,5,238,6529585,200,155,0
baseline,5,239,6631737,200,155,0
baseline,5,240,6716007,200,155,0
baseline,5,241,6485705,200,155,0
baseline,5,242,6471495,200,155,0
baseline,5,243,6510135,200,155,0
baseline,5,244,6110822,200,155,0
baseline,5,245,6494685,200,155,0
baseline,5,246,6652526,200,155,0
baseline,5,247,6348334,200,155,0
baseline,5,248,5402176,200,155,0
baseline,5,249,5558227,200,155,0
baseline,5,250,5528917,200,155,0
baseline,5,251,5397876,200,155,0
baseline,5,252,5463026,200,155,0
baseline,5,253,5531207,200,155,0
baseline,5,254,5337396,200,155,0
baseline,5,255,5433486,200,155,0
baseline,5,256,6567296,200,155,0
baseline,5,257,5588157,200,155,0
baseline,5,258,5669778,200,155,0
baseline,5,259,5508097,200,155,0
baseline,5,260,5399556,200,155,0
baseline,5,261,5446306,200,155,0
baseline,5,262,5642868,200,155,0
baseline,5,263,5427016,200,155,0
baseline,5,264,5559187,200,155,0
baseline,5,265,5796519,200,155,0
baseline,5,266,5561728,200,155,0
baseline,5,267,5409745,200,155,0
baseline,5,268,5387306,200,155,0
baseline,5,269,7522524,200,155,0
baseline,5,270,5898590,200,155,0
baseline,5,271,5830890,200,155,0
baseline,5,272,5589687,200,155,0
baseline,5,273,6166172,200,155,0
baseline,5,274,6489126,200,155,0
baseline,5,275,5399465,200,155,0
baseline,5,276,5615508,200,155,0
baseline,5,277,6534155,200,155,0
baseline,5,278,5613108,200,155,0
baseline,5,279,5440636,200,155,0
baseline,5,280,5840200,200,155,0
baseline,5,281,5515497,200,155,0
baseline,5,282,5830859,200,155,0
baseline,5,283,7766176,200,155,0
baseline,5,284,7080280,200,155,0
baseline,5,285,5791350,200,155,0
baseline,5,286,5481066,200,155,0
baseline,5,287,5542857,200,155,0
baseline,5,288,5482217,200,155,0
baseline,5,289,5771799,200,155,0
baseline,5,290,5625127,200,155,0
baseline,5,291,5404196,200,155,0
baseline,5,292,5597908,200,155,0
baseline,5,293,5405326,200,155,0
baseline,5,294,5381165,200,155,0
baseline,5,295,5628498,200,155,0
baseline,5,296,5395696,200,155,0
baseline,5,297,5732518,200,155,0
baseline,5,298,5470727,200,155,0
baseline,5,299,5461286,200,155,0
baseline,5,300,5390036,200,155,0
baseline,5,301,5232145,200,155,0
baseline,5,302,5821079,200,155,0
baseline,5,303,5468626,200,155,0
baseline,5,304,5337276,200,155,0
baseline,5,305,5615587,200,155,0
baseline,5,306,5551298,200,155,0
baseline,5,307,5453266,200,155,0
baseline,5,308,5298265,200,155,0
baseline,5,309,5205814,200,155,0
baseline,5,310,5445666,200,155,0
baseline,5,311,5511987,200,155,0
baseline,5,312,5925990,200,155,0
baseline,5,313,5553058,200,155,0
baseline,5,314,5476876,200,155,0
baseline,5,315,6277313,200,155,0
baseline,5,316,6502775,200,155,0
baseline,5,317,6476566,200,155,0
baseline,5,318,6616186,200,155,0
baseline,5,319,6479015,200,155,0
baseline,5,320,6539865,200,155,0
baseline,5,321,6505035,200,155,0
baseline,5,322,6657177,200,155,0
baseline,5,323,6448665,200,155,0
baseline,5,324,6692936,200,155,0
baseline,5,325,6503216,200,155,0
baseline,5,326,6434024,200,155,0
baseline,5,327,6310064,200,155,0
baseline,5,328,6418604,200,155,0
baseline,5,329,6387344,200,155,0
baseline,5,330,6499786,200,155,0
baseline,5,331,6557555,200,155,0
baseline,5,332,6557456,200,155,0
baseline,5,333,6682457,200,155,0
baseline,5,334,6579246,200,155,0
baseline,5,335,6563275,200,155,0
baseline,5,336,6495646,200,155,0
baseline,5,337,6610046,200,155,0
baseline,5,338,6487285,200,155,0
baseline,5,339,6591406,200,155,0
baseline,5,340,6555045,200,155,0
baseline,5,341,6458705,200,155,0
baseline,5,342,6419555,200,155,0
baseline,5,343,6574605,200,155,0
baseline,5,344,6734958,200,155,0
baseline,5,345,6673666,200,155,0
baseline,5,346,6543756,200,155,0
baseline,5,347,6526835,200,155,0
baseline,5,348,6685877,200,155,0
baseline,5,349,6527595,200,155,0
baseline,5,350,6351734,200,155,0
baseline,5,351,6393065,200,155,0
baseline,5,352,6473025,200,155,0
baseline,5,353,6573835,200,155,0
baseline,5,354,6549746,200,155,0
baseline,5,355,6584996,200,155,0
baseline,5,356,6434985,200,155,0
baseline,5,357,6518335,200,155,0
baseline,5,358,6550125,200,155,0
baseline,5,359,6599517,200,155,0
baseline,5,360,6546545,200,155,0
baseline,5,361,6351254,200,155,0
baseline,5,362,6607506,200,155,0
baseline,5,363,6554776,200,155,0
baseline,5,364,6297813,200,155,0
baseline,5,365,6403275,200,155,0
baseline,5,366,6220832,200,155,0
baseline,5,367,6250814,200,155,0
baseline,5,368,6420684,200,155,0
baseline,5,369,6389804,200,155,0
baseline,5,370,6234493,200,155,0
baseline,5,371,6293794,200,155,0
baseline,5,372,6390774,200,155,0
baseline,5,373,6332944,200,155,0
baseline,5,374,6329283,200,155,0
baseline,5,375,6306074,200,155,0
baseline,5,376,6470335,200,155,0
baseline,5,377,6517355,200,155,0
baseline,5,378,6420005,200,155,0
baseline,5,379,6165532,200,155,0
baseline,5,380,6349494,200,155,0
baseline,5,381,6266563,200,155,0
baseline,5,382,6513775,200,155,0
baseline,5,383,6330784,200,155,0
baseline,5,384,6454205,200,155,0
baseline,5,385,6429935,200,155,0
baseline,5,386,6391064,200,155,0
baseline,5,387,6368034,200,155,0
baseline,5,388,6168772,200,155,0
baseline,5,389,6496355,200,155,0
baseline,5,390,6670147,200,155,0
baseline,5,391,6551465,200,155,0
baseline,5,392,6574576,200,155,0
baseline,5,393,6370864,200,155,0
baseline,5,394,6498915,200,155,0
baseline,5,395,6490055,200,155,0
baseline,5,396,6358294,200,155,0
baseline,5,397,6445684,200,155,0
baseline,5,398,6459985,200,155,0
baseline,5,399,6523296,200,155,0
baseline,5,400,6313353,200,155,0
baseline,5,401,6373804,200,155,0
baseline,5,402,6590806,200,155,0
baseline,5,403,6563976,200,155,0
baseline,5,404,6390314,200,155,0
baseline,5,405,6417725,200,155,0
baseline,5,406,6415054,200,155,0
baseline,5,407,6292603,200,155,0
baseline,5,408,6635217,200,155,0
baseline,5,409,6473255,200,155,0
baseline,5,410,6520405,200,155,0
baseline,5,411,6362774,200,155,0
baseline,5,412,6275713,200,155,0
baseline,5,413,6385154,200,155,0
baseline,5,414,6506925,200,155,0
baseline,5,415,6465965,200,155,0
baseline,5,416,6170673,200,155,0
baseline,5,417,6470855,200,155,0
baseline,5,418,6222832,200,155,0
baseline,5,419,6408315,200,155,0
baseline,5,420,6632866,200,155,0
baseline,5,421,6528696,200,155,0
baseline,5,422,6368554,200,155,0
baseline,5,423,6325083,200,155,0
baseline,5,424,6385125,200,155,0
baseline,5,425,6519505,200,155,0
baseline,5,426,6398094,200,155,0
baseline,5,427,6509305,200,155,0
baseline,5,428,6425925,200,155,0
baseline,5,429,5833389,200,155,0
baseline,5,430,5488677,200,155,0
baseline,5,431,5437806,200,155,0
baseline,5,432,5309585,200,155,0
baseline,5,433,5295795,200,155,0
baseline,5,434,5386316,200,155,0
baseline,5,435,5682418,200,155,0
baseline,5,436,5304065,200,155,0
baseline,5,437,5577317,200,155,0
baseline,5,438,5546767,200,155,0
baseline,5,439,5539977,200,155,0
baseline,5,440,5461737,200,155,0
baseline,5,441,5475826,200,155,0
baseline,5,442,5569537,200,155,0
baseline,5,443,5400316,200,155,0
baseline,5,444,5443787,200,155,0
baseline,5,445,5444916,200,155,0
baseline,5,446,5603777,200,155,0
baseline,5,447,5553357,200,155,0
baseline,5,448,5487237,200,155,0
baseline,5,449,5546927,200,155,0
baseline,5,450,5548697,200,155,0
baseline,5,451,5470287,200,155,0
baseline,5,452,5337375,200,155,0
baseline,5,453,5501146,200,155,0
baseline,5,454,5392856,200,155,0
baseline,5,455,5748739,200,155,0
baseline,5,456,5529147,200,155,0
baseline,5,457,5512307,200,155,0
baseline,5,458,5542797,200,155,0
baseline,5,459,5510596,200,155,0
baseline,5,460,5526687,200,155,0
baseline,5,461,5495557,200,155,0
baseline,5,462,5412496,200,155,0
baseline,5,463,5366355,200,155,0
baseline,5,464,5447387,200,155,0
baseline,5,465,5460886,200,155,0
baseline,5,466,5301515,200,155,0
baseline,5,467,5386076,200,155,0
baseline,5,468,5365975,200,155,0
baseline,5,469,5402806,200,155,0
baseline,5,470,5517477,200,155,0
baseline,5,471,5399396,200,155,0
baseline,5,472,5604617,200,155,0
baseline,5,473,5415816,200,155,0
baseline,5,474,5487257,200,155,0
baseline,5,475,5403966,200,155,0
baseline,5,476,5519866,200,155,0
baseline,5,477,5470357,200,155,0
baseline,5,478,5473326,200,155,0
baseline,5,479,5421706,200,155,0
baseline,5,480,5359726,200,155,0
baseline,5,481,5428676,200,155,0
baseline,5,482,5486386,200,155,0
baseline,5,483,5554298,200,155,0
baseline,5,484,5534247,200,155,0
baseline,5,485,5433726,200,155,0
baseline,5,486,5520116,200,155,0
baseline,5,487,5430167,200,155,0
baseline,5,488,5557837,200,155,0
baseline,5,489,5415486,200,155,0
baseline,5,490,5509526,200,155,0
baseline,5,491,5561488,200,155,0
baseline,5,492,5565807,200,155,0
baseline,5,493,5630738,200,155,0
baseline,5,494,5408496,200,155,0
baseline,5,495,5556517,200,155,0
baseline,5,496,6362334,200,155,0
baseline,5,497,5883970,200,155,0
baseline,5,498,5621277,200,155,0
baseline,5,499,5547297,200,155,0
baseline,5,500,5462657,200,155,0
baseline,5,501,5478616,200,155,0
baseline,5,502,5888840,200,155,0
baseline,5,503,5573967,200,155,0
baseline,5,504,5486116,200,155,0
baseline,5,505,5572507,200,155,0
baseline,5,506,5499547,200,155,0
baseline,5,507,5382556,200,155,0
baseline,5,508,5533257,200,155,0
baseline,5,509,5570827,200,155,0
baseline,5,510,5470286,200,155,0
baseline,5,511,5442486,200,155,0
baseline,5,512,5471517,200,155,0
baseline,5,513,5380606,200,155,0
baseline,5,514,5577937,200,155,0
baseline,5,515,5457916,200,155,0
baseline,5,516,5417116,200,155,0
baseline,5,517,5550717,200,155,0
baseline,5,518,5308115,200,155,0
baseline,5,519,5409046,200,155,0
baseline,5,520,5475207,200,155,0
baseline,5,521,8132679,200,155,0
baseline,5,522,6062741,200,155,0
baseline,5,523,6137392,200,155,0
baseline,5,524,5637388,200,155,0
baseline,5,525,5902760,200,155,0
baseline,5,526,5796039,200,155,0
baseline,5,527,5731619,200,155,0
baseline,5,528,5816639,200,155,0
baseline,5,529,5651618,200,155,0
baseline,5,530,5820090,200,155,0
baseline,5,531,5740478,200,155,0
baseline,5,532,6044572,200,155,0
baseline,5,533,6247003,200,155,0
baseline,5,534,5890600,200,155,0
baseline,5,535,6010441,200,155,0
baseline,5,536,5942300,200,155,0
baseline,5,537,5997551,200,155,0
baseline,5,538,6020031,200,155,0
baseline,5,539,5915160,200,155,0
baseline,5,540,6002951,200,155,0
baseline,5,541,5898380,200,155,0
baseline,5,542,5549697,200,155,0
baseline,5,543,5843060,200,155,0
baseline,5,544,5796599,200,155,0
baseline,5,545,5670608,200,155,0
baseline,5,546,5592458,200,155,0
baseline,5,547,5641458,200,155,0
baseline,5,548,5618037,200,155,0
baseline,5,549,5568058,200,155,0
baseline,5,550,6224922,200,155,0
baseline,5,551,5963501,200,155,0
baseline,5,552,5754929,200,155,0
baseline,5,553,5776019,200,155,0
baseline,5,554,5695518,200,155,0
baseline,5,555,5784419,200,155,0
baseline,5,556,6017021,200,155,0
baseline,5,557,5907710,200,155,0
baseline,5,558,5862050,200,155,0
baseline,5,559,6031751,200,155,0
baseline,5,560,5723179,200,155,0
baseline,5,561,6085962,200,155,0
baseline,5,562,5790669,200,155,0
baseline,5,563,5554307,200,155,0
baseline,5,564,5586127,200,155,0
baseline,5,565,5448046,200,155,0
baseline,5,566,6166783,200,155,0
baseline,5,567,5338295,200,155,0
baseline,5,568,5884830,200,155,0
baseline,5,569,5845300,200,155,0
baseline,5,570,5586777,200,155,0
baseline,5,571,5966171,200,155,0
baseline,5,572,5878270,200,155,0
baseline,5,573,5653037,200,155,0
baseline,5,574,5963871,200,155,0
baseline,5,575,5759109,200,155,0
baseline,5,576,5720508,200,155,0
baseline,5,577,5876390,200,155,0
baseline,5,578,6027141,200,155,0
baseline,5,579,6079881,200,155,0
baseline,5,580,6061681,200,155,0
baseline,5,581,6058932,200,155,0
baseline,5,582,5630138,200,155,0
baseline,5,583,5824019,200,155,0
baseline,5,584,5554107,200,155,0
baseline,5,585,5968271,200,155,0
baseline,5,586,6130812,200,155,0
baseline,5,587,5996081,200,155,0
baseline,5,588,5894010,200,155,0
baseline,5,589,5880199,200,155,0
baseline,5,590,5885990,200,155,0
baseline,5,591,5717189,200,155,0
baseline,5,592,5663528,200,155,0
baseline,5,593,5740348,200,155,0
baseline,5,594,6023672,200,155,0
baseline,5,595,5724718,200,155,0
baseline,5,596,5576887,200,155,0
baseline,5,597,5995251,200,155,0
baseline,5,598,5426165,200,155,0
baseline,5,599,5278305,200,155,0
baseline,5,600,5331085,200,155,0
baseline,5,601,5443706,200,155,0
baseline,5,602,5485657,200,155,0
baseline,5,603,5381756,200,155,0
baseline,5,604,5435666,200,155,0
baseline,5,605,5360615,200,155,0
baseline,5,606,5421386,200,155,0
baseline,5,607,5285455,200,155,0
baseline,5,608,5494497,200,155,0
baseline,5,609,5535367,200,155,0
baseline,5,610,5337025,200,155,0
baseline,5,611,5588078,200,155,0
baseline,5,612,5370995,200,155,0
baseline,5,613,5376596,200,155,0
baseline,5,614,5300014,200,155,0
baseline,5,615,5472756,200,155,0
baseline,5,616,5365866,200,155,0
baseline,5,617,5369625,200,155,0
baseline,5,618,5332485,200,155,0
baseline,5,619,5505607,200,155,0
baseline,5,620,5503087,200,155,0
baseline,5,621,5435826,200,155,0
baseline,5,622,5396936,200,155,0
baseline,5,623,5506456,200,155,0
baseline,5,624,5662168,200,155,0
baseline,5,625,5709269,200,155,0
baseline,5,626,7966577,200,155,0
baseline,5,627,5885680,200,155,0
baseline,5,628,5370146,200,155,0
baseline,5,629,5383285,200,155,0
baseline,5,630,5290875,200,155,0
baseline,5,631,5498067,200,155,0
baseline,5,632,5319735,200,155,0
baseline,5,633,5459816,200,155,0
baseline,5,634,5447117,200,155,0
baseline,5,635,5407275,200,155,0
baseline,5,636,5322786,200,155,0
baseline,5,637,5438866,200,155,0
baseline,5,638,5530667,200,155,0
baseline,5,639,5565117,200,155,0
baseline,5,640,5445316,200,155,0
baseline,5,641,5352386,200,155,0
baseline,5,642,5483266,200,155,0
baseline,5,643,5571777,200,155,0
baseline,5,644,5466996,200,155,0
baseline,5,645,5615038,200,155,0
baseline,5,646,5497207,200,155,0
baseline,5,647,5316025,200,155,0
baseline,5,648,5483966,200,155,0
baseline,5,649,5467907,200,155,0
baseline,5,650,5670148,200,155,0
baseline,5,651,5493827,200,155,0
baseline,5,652,5334015,200,155,0
baseline,5,653,5323585,200,155,0
baseline,5,654,5309045,200,155,0
baseline,5,655,5400366,200,155,0
baseline,5,656,5629638,200,155,0
baseline,5,657,5633097,200,155,0
baseline,5,658,5782189,200,155,0
baseline,5,659,5757249,200,155,0
baseline,5,660,6129412,200,155,0
baseline,5,661,5707158,200,155,0
baseline,5,662,5324336,200,155,0
baseline,5,663,5430806,200,155,0
baseline,5,664,5398606,200,155,0
baseline,5,665,5402785,200,155,0
baseline,5,666,5498537,200,155,0
baseline,5,667,7734386,200,155,0
baseline,5,668,8055968,200,155,0
baseline,5,669,6680777,200,155,0
baseline,5,670,5988850,200,155,0
baseline,5,671,5945711,200,155,0
baseline,5,672,6198853,200,155,0
baseline,5,673,6080831,200,155,0
baseline,5,674,5791829,200,155,0
baseline,5,675,5929980,200,155,0
baseline,5,676,5892419,200,155,0
baseline,5,677,5854160,200,155,0
baseline,5,678,5961191,200,155,0
baseline,5,679,6219232,200,155,0
baseline,5,680,7597365,200,155,0
baseline,5,681,7868126,200,155,0
baseline,5,682,6050931,200,155,0
baseline,5,683,6289943,200,155,0
baseline,5,684,6265153,200,155,0
baseline,5,685,6150832,200,155,0
baseline,5,686,6089061,200,155,0
baseline,5,687,6158503,200,155,0
baseline,5,688,6105691,200,155,0
baseline,5,689,5918190,200,155,0
baseline,5,690,5334536,200,155,0
baseline,5,691,5449996,200,155,0
baseline,5,692,5387816,200,155,0
baseline,5,693,5485476,200,155,0
baseline,5,694,5482477,200,155,0
baseline,5,695,5394775,200,155,0
baseline,5,696,5437467,200,155,0
baseline,5,697,5414015,200,155,0
baseline,5,698,5333145,200,155,0
baseline,5,699,5421206,200,155,0
baseline,5,700,5548477,200,155,0
baseline,5,701,5718918,200,155,0
baseline,5,702,5659428,200,155,0
baseline,5,703,5415696,200,155,0
baseline,5,704,5403206,200,155,0
baseline,5,705,5474817,200,155,0
baseline,5,706,5442906,200,155,0
baseline,5,707,5687088,200,155,0
baseline,5,708,5569377,200,155,0
baseline,5,709,5499887,200,155,0
baseline,5,710,5403106,200,155,0
baseline,5,711,5397575,200,155,0
baseline,5,712,5590078,200,155,0
baseline,5,713,5504607,200,155,0
baseline,5,714,5493486,200,155,0
baseline,5,715,5527967,200,155,0
baseline,5,716,5529417,200,155,0
baseline,5,717,5390486,200,155,0
baseline,5,718,5527587,200,155,0
baseline,5,719,5544267,200,155,0
baseline,5,720,5575447,200,155,0
baseline,5,721,5507997,200,155,0
baseline,5,722,5455506,200,155,0
baseline,5,723,5485316,200,155,0
baseline,5,724,5510567,200,155,0
baseline,5,725,5546777,200,155,0
baseline,5,726,5681228,200,155,0
baseline,5,727,5394416,200,155,0
baseline,5,728,5294875,200,155,0
baseline,5,729,5379116,200,155,0
baseline,5,730,5417566,200,155,0
baseline,5,731,5700388,200,155,0
baseline,5,732,5360595,200,155,0
baseline,5,733,5396086,200,155,0
baseline,5,734,5534807,200,155,0
baseline,5,735,5394516,200,155,0
baseline,5,736,5495957,200,155,0
baseline,5,737,5601987,200,155,0
baseline,5,738,5506187,200,155,0
baseline,5,739,5466056,200,155,0
baseline,5,740,5503187,200,155,0
baseline,5,741,5405326,200,155,0
baseline,5,742,5440226,200,155,0
baseline,5,743,5564807,200,155,0
baseline,5,744,5487657,200,155,0
baseline,5,745,5295814,200,155,0
baseline,5,746,5431066,200,155,0
baseline,5,747,5298095,200,155,0
baseline,5,748,5303496,200,155,0
baseline,5,749,5394465,200,155,0
baseline,5,750,5416406,200,155,0
baseline,5,751,5461026,200,155,0
baseline,5,752,5470267,200,155,0
baseline,5,753,5382745,200,155,0
baseline,5,754,5470027,200,155,0
baseline,5,755,5568727,200,155,0
baseline,5,756,5542637,200,155,0
baseline,5,757,5502607,200,155,0
baseline,5,758,5380875,200,155,0
baseline,5,759,5392606,200,155,0
baseline,5,760,5257595,200,155,0
baseline,5,761,5546467,200,155,0
baseline,5,762,5440196,200,155,0
baseline,5,763,5538627,200,155,0
baseline,5,764,5408396,200,155,0
baseline,5,765,5370745,200,155,0
baseline,5,766,5402006,200,155,0
baseline,5,767,5479436,200,155,0
baseline,5,768,5312646,200,155,0
baseline,5,769,5580387,200,155,0
baseline,5,770,5400086,200,155,0
baseline,5,771,5356995,200,155,0
baseline,5,772,5465556,200,155,0
baseline,5,773,5477357,200,155,0
baseline,5,774,5472676,200,155,0
baseline,5,775,5520427,200,155,0
baseline,5,776,5360416,200,155,0
baseline,5,777,5457016,200,155,0
baseline,5,778,5223454,200,155,0
baseline,5,779,5454206,200,155,0
baseline,5,780,5565337,200,155,0
baseline,5,781,5532807,200,155,0
baseline,5,782,5419996,200,155,0
baseline,5,783,5359766,200,155,0
baseline,5,784,5284865,200,155,0
baseline,5,785,5465676,200,155,0
baseline,5,786,5491386,200,155,0
baseline,5,787,5632828,200,155,0
baseline,5,788,5378786,200,155,0
baseline,5,789,5390195,200,155,0
baseline,5,790,5249395,200,155,0
baseline,5,791,5354715,200,155,0
baseline,5,792,5436647,200,155,0
baseline,5,793,5491886,200,155,0
baseline,5,794,5359046,200,155,0
baseline,5,795,5314745,200,155,0
baseline,5,796,5389775,200,155,0
baseline,5,797,5451266,200,155,0
baseline,5,798,5678359,200,155,0
baseline,5,799,5300505,200,155,0
baseline,5,800,5404265,200,155,0
baseline,5,801,5475907,200,155,0
baseline,5,802,5462276,200,155,0
baseline,5,803,5456926,200,155,0
baseline,5,804,5562748,200,155,0
baseline,5,805,5359555,200,155,0
baseline,5,806,5505947,200,155,0
baseline,5,807,5421606,200,155,0
baseline,5,808,5338445,200,155,0
baseline,5,809,5417106,200,155,0
baseline,5,810,5450676,200,155,0
baseline,5,811,5467047,200,155,0
baseline,5,812,5618847,200,155,0
baseline,5,813,5346886,200,155,0
baseline,5,814,5273324,200,155,0
baseline,5,815,5391266,200,155,0
baseline,5,816,5487766,200,155,0
baseline,5,817,5632958,200,155,0
baseline,5,818,5470486,200,155,0
baseline,5,819,5431887,200,155,0
baseline,5,820,5332855,200,155,0
baseline,5,821,5438026,200,155,0
baseline,5,822,5377886,200,155,0
baseline,5,823,5438516,200,155,0
baseline,5,824,5466436,200,155,0
baseline,5,825,5407186,200,155,0
baseline,5,826,5515997,200,155,0
baseline,5,827,5322045,200,155,0
baseline,5,828,5349255,200,155,0
baseline,5,829,5595878,200,155,0
baseline,5,830,5439966,200,155,0
baseline,5,831,5483146,200,155,0
baseline,5,832,5330855,200,155,0
baseline,5,833,5439696,200,155,0
baseline,5,834,5587268,200,155,0
baseline,5,835,5579197,200,155,0
baseline,5,836,5521007,200,155,0
baseline,5,837,5418166,200,155,0
baseline,5,838,5545937,200,155,0
baseline,5,839,5387336,200,155,0
baseline,5,840,5574197,200,155,0
baseline,5,841,5622418,200,155,0
baseline,5,842,5475816,200,155,0
baseline,5,843,5446546,200,155,0
baseline,5,844,5344675,200,155,0
baseline,5,845,5433697,200,155,0
baseline,5,846,5395625,200,155,0
baseline,5,847,5374596,200,155,0
baseline,5,848,5314415,200,155,0
baseline,5,849,5489757,200,155,0
baseline,5,850,5401935,200,155,0
baseline,5,851,5399566,200,155,0
baseline,5,852,5412726,200,155,0
baseline,5,853,5433296,200,155,0
baseline,5,854,5294355,200,155,0
baseline,5,855,5415756,200,155,0
baseline,5,856,5366465,200,155,0
baseline,5,857,5428576,200,155,0
baseline,5,858,5398066,200,155,0
baseline,5,859,5362736,200,155,0
baseline,5,860,5598837,200,155,0
baseline,5,861,5353835,200,155,0
baseline,5,862,5250645,200,155,0
baseline,5,863,5296315,200,155,0
baseline,5,864,5363055,200,155,0
baseline,5,865,5485677,200,155,0
baseline,5,866,5376455,200,155,0
baseline,5,867,5352296,200,155,0
baseline,5,868,5288585,200,155,0
baseline,5,869,5334755,200,155,0
baseline,5,870,5445226,200,155,0
baseline,5,871,5341225,200,155,0
baseline,5,872,5495736,200,155,0
baseline,5,873,5189684,200,155,0
baseline,5,874,5346185,200,155,0
baseline,5,875,5370086,200,155,0
baseline,5,876,5274745,200,155,0
baseline,5,877,5367455,200,155,0
baseline,5,878,5542837,200,155,0
baseline,5,879,5360476,200,155,0
baseline,5,880,5428886,200,155,0
baseline,5,881,5490926,200,155,0
baseline,5,882,5350195,200,155,0
baseline,5,883,5456657,200,155,0
baseline,5,884,5497736,200,155,0
baseline,5,885,5359546,200,155,0
baseline,5,886,5475556,200,155,0
baseline,5,887,5366496,200,155,0
baseline,5,888,5359105,200,155,0
baseline,5,889,5444756,200,155,0
baseline,5,890,5395996,200,155,0
baseline,5,891,5373176,200,155,0
baseline,5,892,5392555,200,155,0
baseline,5,893,5292195,200,155,0
baseline,5,894,5251735,200,155,0
baseline,5,895,5421656,200,155,0
baseline,5,896,5393405,200,155,0
baseline,5,897,5309605,200,155,0
baseline,5,898,5468527,200,155,0
baseline,5,899,5355825,200,155,0
baseline,5,900,5397356,200,155,0
baseline,5,901,5198794,200,155,0
baseline,5,902,5531167,200,155,0
baseline,5,903,5278755,200,155,0
baseline,5,904,5496286,200,155,0
baseline,5,905,5359106,200,155,0
baseline,5,906,5496996,200,155,0
baseline,5,907,5322895,200,155,0
baseline,5,908,5401296,200,155,0
baseline,5,909,5416796,200,155,0
baseline,5,910,5451247,200,155,0
baseline,5,911,5476766,200,155,0
baseline,5,912,5375735,200,155,0
baseline,5,913,5313165,200,155,0
baseline,5,914,5429386,200,155,0
baseline,5,915,5417346,200,155,0
baseline,5,916,5386776,200,155,0
baseline,5,917,5572387,200,155,0
baseline,5,918,5449687,200,155,0
baseline,5,919,5395785,200,155,0
baseline,5,920,5522087,200,155,0
baseline,5,921,5312225,200,155,0
baseline,5,922,5593568,200,155,0
baseline,5,923,5385055,200,155,0
baseline,5,924,5258825,200,155,0
baseline,5,925,5414656,200,155,0
baseline,5,926,5481236,200,155,0
baseline,5,927,5467977,200,155,0
baseline,5,928,5453666,200,155,0
baseline,5,929,5459376,200,155,0
baseline,5,930,5441796,200,155,0
baseline,5,931,5444316,200,155,0
baseline,5,932,5451957,200,155,0
baseline,5,933,5477826,200,155,0
baseline,5,934,5385426,200,155,0
baseline,5,935,5375195,200,155,0
baseline,5,936,5306605,200,155,0
baseline,5,937,5457836,200,155,0
baseline,5,938,5293735,200,155,0
baseline,5,939,5553297,200,155,0
baseline,5,940,5408046,200,155,0
baseline,5,941,5559847,200,155,0
baseline,5,942,5281365,200,155,0
baseline,5,943,5784999,200,155,0
baseline,5,944,5246965,200,155,0
baseline,5,945,6220912,200,155,0
baseline,5,946,5750749,200,155,0
baseline,5,947,5454706,200,155,0
baseline,5,948,5467497,200,155,0
baseline,5,949,5441156,200,155,0
baseline,5,950,7256011,200,155,0
baseline,5,951,5531467,200,155,0
baseline,5,952,6063762,200,155,0
baseline,5,953,6014841,200,155,0
baseline,5,954,5969270,200,155,0
baseline,5,955,5550637,200,155,0
baseline,5,956,5966171,200,155,0
baseline,5,957,5901970,200,155,0
baseline,5,958,6028971,200,155,0
baseline,5,959,5852699,200,155,0
baseline,5,960,5835800,200,155,0
baseline,5,961,5818119,200,155,0
baseline,5,962,6079302,200,155,0
baseline,5,963,5615847,200,155,0
baseline,5,964,6053802,200,155,0
baseline,5,965,5979130,200,155,0
baseline,5,966,5664418,200,155,0
baseline,5,967,5841170,200,155,0
baseline,5,968,6099241,200,155,0
baseline,5,969,5502617,200,155,0
baseline,5,970,5744479,200,155,0
baseline,5,971,5772189,200,155,0
baseline,5,972,5576637,200,155,0
baseline,5,973,5647418,200,155,0
baseline,5,974,6866218,200,155,0
baseline,5,975,6048531,200,155,0
baseline,5,976,5897030,200,155,0
baseline,5,977,5670378,200,155,0
baseline,5,978,5929271,200,155,0
baseline,5,979,5691848,200,155,0
baseline,5,980,5858279,200,155,0
baseline,5,981,5629058,200,155,0
baseline,5,982,5915870,200,155,0
baseline,5,983,6006391,200,155,0
baseline,5,984,5509717,200,155,0
baseline,5,985,5927410,200,155,0
baseline,5,986,5944391,200,155,0
baseline,5,987,8894985,200,155,0
baseline,5,988,5727248,200,155,0
baseline,5,989,5334916,200,155,0
baseline,5,990,5526726,200,155,0
baseline,5,991,5227964,200,155,0
baseline,5,992,5230124,200,155,0
baseline,5,993,5343735,200,155,0
baseline,5,994,5238545,200,155,0
baseline,5,995,5078093,200,155,0
baseline,5,996,5453056,200,155,0
baseline,5,997,5271185,200,155,0
baseline,5,998,5421196,200,155,0
baseline,5,999,5204264,200,155,0
baseline,5,1000,5343465,200,155,0
baseline,6,1,7115320,200,155,0
baseline,6,2,7479363,200,155,0
baseline,6,3,7111580,200,155,0
baseline,6,4,7172921,200,155,0
baseline,6,5,7609494,200,155,0
baseline,6,6,6726527,200,155,0
baseline,6,7,6766667,200,155,0
baseline,6,8,6823698,200,155,0
baseline,6,9,7212670,200,155,0
baseline,6,10,6901289,200,155,0
baseline,6,11,7041579,200,155,0
baseline,6,12,6890388,200,155,0
baseline,6,13,7082280,200,155,0
baseline,6,14,6973279,200,155,0
baseline,6,15,7218841,200,155,0
baseline,6,16,6872758,200,155,0
baseline,6,17,7024659,200,155,0
baseline,6,18,6744497,200,155,0
baseline,6,19,6609965,200,155,0
baseline,6,20,6965209,200,155,0
baseline,6,21,6799948,200,155,0
baseline,6,22,7120250,200,155,0
baseline,6,23,8626932,200,155,0
baseline,6,24,7287082,200,155,0
baseline,6,25,7092820,200,155,0
baseline,6,26,7241951,200,155,0
baseline,6,27,8541072,200,155,0
baseline,6,28,7573334,200,155,0
baseline,6,29,6888628,200,155,0
baseline,6,30,7852376,200,155,0
baseline,6,31,6722367,200,155,0
baseline,6,32,6930638,200,155,0
baseline,6,33,6826678,200,155,0
baseline,6,34,6877798,200,155,0
baseline,6,35,8272300,200,155,0
baseline,6,36,6701976,200,155,0
baseline,6,37,7184221,200,155,0
baseline,6,38,6682966,200,155,0
baseline,6,39,6478715,200,155,0
baseline,6,40,6620946,200,155,0
baseline,6,41,6665526,200,155,0
baseline,6,42,6755297,200,155,0
baseline,6,43,7274021,200,155,0
baseline,6,44,6963279,200,155,0
baseline,6,45,6784117,200,155,0
baseline,6,46,6823688,200,155,0
baseline,6,47,7302122,200,155,0
baseline,6,48,7624954,200,155,0
baseline,6,49,6760737,200,155,0
baseline,6,50,6789937,200,155,0
baseline,6,51,7088230,200,155,0
baseline,6,52,7528713,200,155,0
baseline,6,53,6847968,200,155,0
baseline,6,54,7179441,200,155,0
baseline,6,55,7242641,200,155,0
baseline,6,56,7975987,200,155,0
baseline,6,57,6829548,200,155,0
baseline,6,58,8200379,200,155,0
baseline,6,59,6757777,200,155,0
baseline,6,60,7110680,200,155,0
baseline,6,61,7017909,200,155,0
baseline,6,62,7075600,200,155,0
baseline,6,63,6833557,200,155,0
baseline,6,64,6870809,200,155,0
baseline,6,65,7400882,200,155,0
baseline,6,66,7149570,200,155,0
baseline,6,67,8081628,200,155,0
baseline,6,68,7086520,200,155,0
baseline,6,69,7374182,200,155,0
baseline,6,70,7016580,200,155,0
baseline,6,71,7231411,200,155,0
baseline,6,72,7537053,200,155,0
baseline,6,73,7027249,200,155,0
baseline,6,74,6755987,200,155,0
baseline,6,75,6892189,200,155,0
baseline,6,76,6884418,200,155,0
baseline,6,77,7843226,200,155,0
baseline,6,78,7183300,200,155,0
baseline,6,79,6678417,200,155,0
baseline,6,80,6836887,200,155,0
baseline,6,81,7109059,200,155,0
baseline,6,82,6701707,200,155,0
baseline,6,83,8085738,200,155,0
baseline,6,84,6744057,200,155,0
baseline,6,85,6859948,200,155,0
baseline,6,86,6717377,200,155,0
baseline,6,87,6931608,200,155,0
baseline,6,88,8031038,200,155,0
baseline,6,89,6831857,200,155,0
baseline,6,90,8556003,200,155,0
baseline,6,91,8043338,200,155,0
baseline,6,92,7173380,200,155,0
baseline,6,93,6999939,200,155,0
baseline,6,94,6786197,200,155,0
baseline,6,95,6734787,200,155,0
baseline,6,96,8094898,200,155,0
baseline,6,97,7609545,200,155,0
baseline,6,98,8615232,200,155,0
baseline,6,99,6863298,200,155,0
baseline,6,100,7079890,200,155,0
baseline,6,101,7145090,200,155,0
baseline,6,102,6807468,200,155,0
baseline,6,103,6951178,200,155,0
baseline,6,104,7380363,200,155,0
baseline,6,105,6885708,200,155,0
baseline,6,106,7354002,200,155,0
baseline,6,107,6983639,200,155,0
baseline,6,108,6847947,200,155,0
baseline,6,109,6948779,200,155,0
baseline,6,110,7125310,200,155,0
baseline,6,111,9433810,200,155,0
baseline,6,112,7291401,200,155,0
baseline,6,113,7092450,200,155,0
baseline,6,114,6797647,200,155,0
baseline,6,115,6923479,200,155,0
baseline,6,116,6830137,200,155,0
baseline,6,117,7432203,200,155,0
baseline,6,118,6733077,200,155,0
baseline,6,119,7557674,200,155,0
baseline,6,120,7365682,200,155,0
baseline,6,121,6960288,200,155,0
baseline,6,122,6846498,200,155,0
baseline,6,123,6680977,200,155,0
baseline,6,124,6761767,200,155,0
baseline,6,125,6701786,200,155,0
baseline,6,126,7073050,200,155,0
baseline,6,127,6851528,200,155,0
baseline,6,128,7477703,200,155,0
baseline,6,129,7291451,200,155,0
baseline,6,130,7157541,200,155,0
baseline,6,131,8273399,200,155,0
baseline,6,132,7389353,200,155,0
baseline,6,133,7121390,200,155,0
baseline,6,134,7259701,200,155,0
baseline,6,135,6828878,200,155,0
baseline,6,136,8082538,200,155,0
baseline,6,137,9239888,200,155,0
baseline,6,138,6965758,200,155,0
baseline,6,139,6361744,200,155,0
baseline,6,140,6778167,200,155,0
baseline,6,141,6851988,200,155,0
baseline,6,142,7640064,200,155,0
baseline,6,143,7300022,200,155,0
baseline,6,144,6758657,200,155,0
baseline,6,145,7229011,200,155,0
baseline,6,146,7541694,200,155,0
baseline,6,147,6942138,200,155,0
baseline,6,148,6847888,200,155,0
baseline,6,149,6775327,200,155,0
baseline,6,150,6724487,200,155,0
baseline,6,151,6829257,200,155,0
baseline,6,152,7102790,200,155,0
baseline,6,153,6610656,200,155,0
baseline,6,154,7157370,200,155,0
baseline,6,155,7305042,200,155,0
baseline,6,156,6789877,200,155,0
baseline,6,157,6763097,200,155,0
baseline,6,158,6723887,200,155,0
baseline,6,159,6683956,200,155,0
baseline,6,160,6488665,200,155,0
baseline,6,161,6742927,200,155,0
baseline,6,162,6500444,200,155,0
baseline,6,163,6699316,200,155,0
baseline,6,164,6697046,200,155,0
baseline,6,165,6691747,200,155,0
baseline,6,166,6738577,200,155,0
baseline,6,167,6869458,200,155,0
baseline,6,168,6565495,200,155,0
baseline,6,169,7067819,200,155,0
baseline,6,170,6920069,200,155,0
baseline,6,171,6730087,200,155,0
baseline,6,172,7351482,200,155,0
baseline,6,173,6624105,200,155,0
baseline,6,174,8697974,200,155,0
baseline,6,175,6831728,200,155,0
baseline,6,176,6867837,200,155,0
baseline,6,177,6604156,200,155,0
baseline,6,178,6606636,200,155,0
baseline,6,179,6724276,200,155,0
baseline,6,180,6584296,200,155,0
baseline,6,181,6813368,200,155,0
baseline,6,182,6754586,200,155,0
baseline,6,183,6758717,200,155,0
baseline,6,184,6829938,200,155,0
baseline,6,185,6689666,200,155,0
baseline,6,186,6508555,200,155,0
baseline,6,187,6783527,200,155,0
baseline,6,188,6685726,200,155,0
baseline,6,189,6950268,200,155,0
baseline,6,190,6847948,200,155,0
baseline,6,191,6634586,200,155,0
baseline,6,192,6739297,200,155,0
baseline,6,193,6891098,200,155,0
baseline,6,194,6664436,200,155,0
baseline,6,195,6721447,200,155,0
baseline,6,196,6659496,200,155,0
baseline,6,197,6803767,200,155,0
baseline,6,198,6744287,200,155,0
baseline,6,199,6783627,200,155,0
baseline,6,200,6789848,200,155,0
baseline,6,201,7358792,200,155,0
baseline,6,202,6652166,200,155,0
baseline,6,203,6558045,200,155,0
baseline,6,204,6793817,200,155,0
baseline,6,205,9132997,200,155,0
baseline,6,206,6781378,200,155,0
baseline,6,207,6744137,200,155,0
baseline,6,208,6746436,200,155,0
baseline,6,209,6802988,200,155,0
baseline,6,210,6924458,200,155,0
baseline,6,211,6812928,200,155,0
baseline,6,212,6913968,200,155,0
baseline,6,213,6787737,200,155,0
baseline,6,214,6703867,200,155,0
baseline,6,215,6677586,200,155,0
baseline,6,216,6595535,200,155,0
baseline,6,217,6625457,200,155,0
baseline,6,218,6696196,200,155,0
baseline,6,219,7275101,200,155,0
baseline,6,220,6820288,200,155,0
baseline,6,221,6654176,200,155,0
baseline,6,222,6785737,200,155,0
baseline,6,223,6648266,200,155,0
baseline,6,224,6854288,200,155,0
baseline,6,225,6691946,200,155,0
baseline,6,226,6964169,200,155,0
baseline,6,227,6623606,200,155,0
baseline,6,228,6754587,200,155,0
baseline,6,229,6834058,200,155,0
baseline,6,230,6694616,200,155,0
baseline,6,231,6910818,200,155,0
baseline,6,232,6732377,200,155,0
baseline,6,233,7835356,200,155,0
baseline,6,234,6685386,200,155,0
baseline,6,235,8137509,200,155,0
baseline,6,236,7095670,200,155,0
baseline,6,237,6948159,200,155,0
baseline,6,238,8991585,200,155,0
baseline,6,239,6809788,200,155,0
baseline,6,240,6768957,200,155,0
baseline,6,241,6789787,200,155,0
baseline,6,242,6399314,200,155,0
baseline,6,243,6594866,200,155,0
baseline,6,244,6542445,200,155,0
baseline,6,245,6616566,200,155,0
baseline,6,246,6692186,200,155,0
baseline,6,247,6670506,200,155,0
baseline,6,248,6521175,200,155,0
baseline,6,249,6433075,200,155,0
baseline,6,250,6666666,200,155,0
baseline,6,251,6722646,200,155,0
baseline,6,252,6785687,200,155,0
baseline,6,253,6764517,200,155,0
baseline,6,254,6471314,200,155,0
baseline,6,255,6794287,200,155,0
baseline,6,256,7856756,200,155,0
baseline,6,257,7594354,200,155,0
baseline,6,258,6854348,200,155,0
baseline,6,259,6471734,200,155,0
baseline,6,260,7194771,200,155,0
baseline,6,261,7095000,200,155,0
baseline,6,262,7001699,200,155,0
baseline,6,263,7113990,200,155,0
baseline,6,264,6781147,200,155,0
baseline,6,265,6728687,200,155,0
baseline,6,266,7010609,200,155,0
baseline,6,267,6692596,200,155,0
baseline,6,268,6859758,200,155,0
baseline,6,269,7076810,200,155,0
baseline,6,270,7454173,200,155,0
baseline,6,271,6742456,200,155,0
baseline,6,272,6898098,200,155,0
baseline,6,273,7122540,200,155,0
baseline,6,274,7497983,200,155,0
baseline,6,275,7738315,200,155,0
baseline,6,276,6803257,200,155,0
baseline,6,277,6763777,200,155,0
baseline,6,278,7523434,200,155,0
baseline,6,279,6723076,200,155,0
baseline,6,280,7265692,200,155,0
baseline,6,281,7239261,200,155,0
baseline,6,282,6605926,200,155,0
baseline,6,283,7759995,200,155,0
baseline,6,284,7244761,200,155,0
baseline,6,285,6927988,200,155,0
baseline,6,286,7370232,200,155,0
baseline,6,287,7311222,200,155,0
baseline,6,288,7224701,200,155,0
baseline,6,289,6870968,200,155,0
baseline,6,290,10173436,200,155,0
baseline,6,291,6727726,200,155,0
baseline,6,292,6661297,200,155,0
baseline,6,293,6757226,200,155,0
baseline,6,294,6646786,200,155,0
baseline,6,295,6943229,200,155,0
baseline,6,296,6829967,200,155,0
baseline,6,297,6792327,200,155,0
baseline,6,298,6741007,200,155,0
baseline,6,299,6531955,200,155,0
baseline,6,300,6694196,200,155,0
baseline,6,301,6906998,200,155,0
baseline,6,302,6796348,200,155,0
baseline,6,303,6839007,200,155,0
baseline,6,304,6581066,200,155,0
baseline,6,305,7805936,200,155,0
baseline,6,306,7222300,200,155,0
baseline,6,307,7098780,200,155,0
baseline,6,308,8709274,200,155,0
baseline,6,309,6640835,200,155,0
baseline,6,310,6771727,200,155,0
baseline,6,311,8465221,200,155,0
baseline,6,312,7200401,200,155,0
baseline,6,313,6551205,200,155,0
baseline,6,314,6512955,200,155,0
baseline,6,315,6458934,200,155,0
baseline,6,316,9280198,200,155,0
baseline,6,317,6693937,200,155,0
baseline,6,318,6779427,200,155,0
baseline,6,319,7304122,200,155,0
baseline,6,320,6743287,200,155,0
baseline,6,321,6652876,200,155,0
baseline,6,322,6827147,200,155,0
baseline,6,323,6860058,200,155,0
baseline,6,324,6477685,200,155,0
baseline,6,325,6761687,200,155,0
baseline,6,326,6949828,200,155,0
baseline,6,327,6728027,200,155,0
baseline,6,328,6714106,200,155,0
baseline,6,329,6733607,200,155,0
baseline,6,330,6551676,200,155,0
baseline,6,331,6631345,200,155,0
baseline,6,332,6600256,200,155,0
baseline,6,333,6700406,200,155,0
baseline,6,334,7200071,200,155,0
baseline,6,335,6604576,200,155,0
baseline,6,336,6550475,200,155,0
baseline,6,337,6735157,200,155,0
baseline,6,338,6457854,200,155,0
baseline,6,339,6606026,200,155,0
baseline,6,340,6557445,200,155,0
baseline,6,341,6518615,200,155,0
baseline,6,342,6646566,200,155,0
baseline,6,343,6652806,200,155,0
baseline,6,344,6736557,200,155,0
baseline,6,345,6478655,200,155,0
baseline,6,346,6734206,200,155,0
baseline,6,347,6514175,200,155,0
baseline,6,348,6543135,200,155,0
baseline,6,349,6640766,200,155,0
baseline,6,350,7427293,200,155,0
baseline,6,351,6710047,200,155,0
baseline,6,352,6539705,200,155,0
baseline,6,353,6868268,200,155,0
baseline,6,354,6700956,200,155,0
baseline,6,355,6634596,200,155,0
baseline,6,356,6791507,200,155,0
baseline,6,357,6534755,200,155,0
baseline,6,358,6673326,200,155,0
baseline,6,359,6862658,200,155,0
baseline,6,360,6672537,200,155,0
baseline,6,361,6451044,200,155,0
baseline,6,362,6806937,200,155,0
baseline,6,363,6746086,200,155,0
baseline,6,364,6610806,200,155,0
baseline,6,365,6673326,200,155,0
baseline,6,366,6590536,200,155,0
baseline,6,367,6547995,200,155,0
baseline,6,368,6704446,200,155,0
baseline,6,369,6615966,200,155,0
baseline,6,370,6559935,200,155,0
baseline,6,371,6759858,200,155,0
baseline,6,372,6556635,200,155,0
baseline,6,373,6840218,200,155,0
baseline,6,374,6730546,200,155,0
baseline,6,375,6560596,200,155,0
baseline,6,376,6750536,200,155,0
baseline,6,377,6473245,200,155,0
baseline,6,378,6595036,200,155,0
baseline,6,379,6529435,200,155,0
baseline,6,380,6623255,200,155,0
baseline,6,381,6574886,200,155,0
baseline,6,382,6733817,200,155,0
baseline,6,383,6781547,200,155,0
baseline,6,384,6683936,200,155,0
baseline,6,385,6962769,200,155,0
baseline,6,386,6901878,200,155,0
baseline,6,387,7107770,200,155,0
baseline,6,388,6559845,200,155,0
baseline,6,389,8864305,200,155,0
baseline,6,390,6800467,200,155,0
baseline,6,391,6671987,200,155,0
baseline,6,392,6799717,200,155,0
baseline,6,393,6835287,200,155,0
baseline,6,394,6742487,200,155,0
baseline,6,395,6734037,200,155,0
baseline,6,396,6821567,200,155,0
baseline,6,397,6671257,200,155,0
baseline,6,398,6502794,200,155,0
baseline,6,399,6820028,200,155,0
baseline,6,400,6502075,200,155,0
baseline,6,401,7409842,200,155,0
baseline,6,402,7293812,200,155,0
baseline,6,403,6878368,200,155,0
baseline,6,404,6717416,200,155,0
baseline,6,405,6819428,200,155,0
baseline,6,406,7021279,200,155,0
baseline,6,407,6667876,200,155,0
baseline,6,408,7219081,200,155,0
baseline,6,409,6727177,200,155,0
baseline,6,410,6843617,200,155,0
baseline,6,411,9687512,200,155,0
baseline,6,412,6361124,200,155,0
baseline,6,413,6306853,200,155,0
baseline,6,414,6431544,200,155,0
baseline,6,415,6604226,200,155,0
baseline,6,416,6533675,200,155,0
baseline,6,417,6345793,200,155,0
baseline,6,418,6476355,200,155,0
baseline,6,419,6295743,200,155,0
baseline,6,420,6396204,200,155,0
baseline,6,421,6692676,200,155,0
baseline,6,422,6401294,200,155,0
baseline,6,423,6578645,200,155,0
baseline,6,424,6341924,200,155,0
baseline,6,425,6436704,200,155,0
baseline,6,426,6572545,200,155,0
baseline,6,427,6336504,200,155,0
baseline,6,428,6345923,200,155,0
baseline,6,429,6277143,200,155,0
baseline,6,430,6504545,200,155,0
baseline,6,431,6413074,200,155,0
baseline,6,432,6672436,200,155,0
baseline,6,433,6466495,200,155,0
baseline,6,434,6303363,200,155,0
baseline,6,435,6523845,200,155,0
baseline,6,436,6660626,200,155,0
baseline,6,437,6559465,200,155,0
baseline,6,438,6427334,200,155,0
baseline,6,439,6597846,200,155,0
baseline,6,440,6438874,200,155,0
baseline,6,441,6687236,200,155,0
baseline,6,442,6596806,200,155,0
baseline,6,443,6654166,200,155,0
baseline,6,444,6594776,200,155,0
baseline,6,445,6694266,200,155,0
baseline,6,446,6691916,200,155,0
baseline,6,447,6579246,200,155,0
baseline,6,448,6563725,200,155,0
baseline,6,449,6617416,200,155,0
baseline,6,450,6492245,200,155,0
baseline,6,451,6490484,200,155,0
baseline,6,452,6589486,200,155,0
baseline,6,453,6421274,200,155,0
baseline,6,454,6511595,200,155,0
baseline,6,455,6519225,200,155,0
baseline,6,456,6617136,200,155,0
baseline,6,457,6611105,200,155,0
baseline,6,458,6489805,200,155,0
baseline,6,459,6647006,200,155,0
baseline,6,460,6366474,200,155,0
baseline,6,461,6665046,200,155,0
baseline,6,462,6359664,200,155,0
baseline,6,463,6239002,200,155,0
baseline,6,464,6457234,200,155,0
baseline,6,465,6308153,200,155,0
baseline,6,466,6568025,200,155,0
baseline,6,467,6638376,200,155,0
baseline,6,468,6419574,200,155,0
baseline,6,469,6597676,200,155,0
baseline,6,470,6548705,200,155,0
baseline,6,471,6475584,200,155,0
baseline,6,472,6428554,200,155,0
baseline,6,473,6383874,200,155,0
baseline,6,474,6423854,200,155,0
baseline,6,475,6414744,200,155,0
baseline,6,476,6546446,200,155,0
baseline,6,477,6510484,200,155,0
baseline,6,478,6325434,200,155,0
baseline,6,479,6627516,200,155,0
baseline,6,480,6343213,200,155,0
baseline,6,481,6497095,200,155,0
baseline,6,482,6413474,200,155,0
baseline,6,483,6473364,200,155,0
baseline,6,484,6482385,200,155,0
baseline,6,485,6349403,200,155,0
baseline,6,486,6451205,200,155,0
baseline,6,487,6600705,200,155,0
baseline,6,488,6398204,200,155,0
baseline,6,489,6498555,200,155,0
baseline,6,490,6538495,200,155,0
baseline,6,491,6523315,200,155,0
baseline,6,492,6486975,200,155,0
baseline,6,493,6406954,200,155,0
baseline,6,494,6441814,200,155,0
baseline,6,495,6612486,200,155,0
baseline,6,496,6527095,200,155,0
baseline,6,497,6942208,200,155,0
baseline,6,498,6531895,200,155,0
baseline,6,499,6317733,200,155,0
baseline,6,500,6505305,200,155,0
baseline,6,501,6514215,200,155,0
baseline,6,502,6655796,200,155,0
baseline,6,503,6554475,200,155,0
baseline,6,504,6381814,200,155,0
baseline,6,505,6518215,200,155,0
baseline,6,506,6481085,200,155,0
baseline,6,507,6634926,200,155,0
baseline,6,508,6559415,200,155,0
baseline,6,509,6451354,200,155,0
baseline,6,510,6434294,200,155,0
baseline,6,511,6591106,200,155,0
baseline,6,512,6629236,200,155,0
baseline,6,513,6372563,200,155,0
baseline,6,514,6558185,200,155,0
baseline,6,515,6790947,200,155,0
baseline,6,516,6583505,200,155,0
baseline,6,517,6382844,200,155,0
baseline,6,518,7326962,200,155,0
baseline,6,519,6631126,200,155,0
baseline,6,520,6640176,200,155,0
baseline,6,521,6552785,200,155,0
baseline,6,522,6996289,200,155,0
baseline,6,523,8929835,200,155,0
baseline,6,524,5973140,200,155,0
baseline,6,525,6205642,200,155,0
baseline,6,526,6570355,200,155,0
baseline,6,527,8289720,200,155,0
baseline,6,528,6954799,200,155,0
baseline,6,529,6802657,200,155,0
baseline,6,530,6586405,200,155,0
baseline,6,531,6526875,200,155,0
baseline,6,532,6618136,200,155,0
baseline,6,533,6664926,200,155,0
baseline,6,534,6373004,200,155,0
baseline,6,535,6341234,200,155,0
baseline,6,536,7196090,200,155,0
baseline,6,537,6471985,200,155,0
baseline,6,538,6502324,200,155,0
baseline,6,539,6718377,200,155,0
baseline,6,540,6709777,200,155,0
baseline,6,541,6391663,200,155,0
baseline,6,542,6618506,200,155,0
baseline,6,543,6734417,200,155,0
baseline,6,544,6467584,200,155,0
baseline,6,545,6442835,200,155,0
baseline,6,546,6703746,200,155,0
baseline,6,547,6347434,200,155,0
baseline,6,548,6515124,200,155,0
baseline,6,549,6426925,200,155,0
baseline,6,550,6510584,200,155,0
baseline,6,551,6517165,200,155,0
baseline,6,552,6469455,200,155,0
baseline,6,553,6628666,200,155,0
baseline,6,554,6662726,200,155,0
baseline,6,555,6824997,200,155,0
baseline,6,556,9982224,200,155,0
baseline,6,557,6813848,200,155,0
baseline,6,558,6937348,200,155,0
baseline,6,559,6965189,200,155,0
baseline,6,560,6916588,200,155,0
baseline,6,561,6704697,200,155,0
baseline,6,562,6744147,200,155,0
baseline,6,563,6715406,200,155,0
baseline,6,564,6646826,200,155,0
baseline,6,565,6580466,200,155,0
baseline,6,566,6370483,200,155,0
baseline,6,567,6665347,200,155,0
baseline,6,568,6621135,200,155,0
baseline,6,569,6641266,200,155,0
baseline,6,570,6378334,200,155,0
baseline,6,571,6559465,200,155,0
baseline,6,572,6590716,200,155,0
baseline,6,573,6788877,200,155,0
baseline,6,574,6504905,200,155,0
baseline,6,575,6579825,200,155,0
baseline,6,576,6761207,200,155,0
baseline,6,577,6786568,200,155,0
baseline,6,578,6673816,200,155,0
baseline,6,579,6748856,200,155,0
baseline,6,580,6555646,200,155,0
baseline,6,581,6361923,200,155,0
baseline,6,582,6626716,200,155,0
baseline,6,583,6630486,200,155,0
baseline,6,584,6489545,200,155,0
baseline,6,585,6451734,200,155,0
baseline,6,586,6693656,200,155,0
baseline,6,587,6625766,200,155,0
baseline,6,588,6639916,200,155,0
baseline,6,589,6380414,200,155,0
baseline,6,590,6555975,200,155,0
baseline,6,591,6626136,200,155,0
baseline,6,592,6620515,200,155,0
baseline,6,593,6659217,200,155,0
baseline,6,594,6739326,200,155,0
baseline,6,595,6539335,200,155,0
baseline,6,596,6738177,200,155,0
baseline,6,597,6722967,200,155,0
baseline,6,598,6721536,200,155,0
baseline,6,599,6688427,200,155,0
baseline,6,600,6431474,200,155,0
baseline,6,601,6625906,200,155,0
baseline,6,602,6427944,200,155,0
baseline,6,603,6730226,200,155,0
baseline,6,604,6699757,200,155,0
baseline,6,605,6596805,200,155,0
baseline,6,606,6643756,200,155,0
baseline,6,607,6650516,200,155,0
baseline,6,608,6495505,200,155,0
baseline,6,609,6612976,200,155,0
baseline,6,610,6515795,200,155,0
baseline,6,611,6655636,200,155,0
baseline,6,612,6799857,200,155,0
baseline,6,613,6685986,200,155,0
baseline,6,614,6498555,200,155,0
baseline,6,615,6670746,200,155,0
baseline,6,616,6663406,200,155,0
baseline,6,617,6585316,200,155,0
baseline,6,618,6572735,200,155,0
baseline,6,619,6494545,200,155,0
baseline,6,620,6501725,200,155,0
baseline,6,621,6566055,200,155,0
baseline,6,622,6699556,200,155,0
baseline,6,623,6746897,200,155,0
baseline,6,624,6472285,200,155,0
baseline,6,625,6251922,200,155,0
baseline,6,626,8843895,200,155,0
baseline,6,627,9011706,200,155,0
baseline,6,628,6939638,200,155,0
baseline,6,629,6625806,200,155,0
baseline,6,630,6671566,200,155,0
baseline,6,631,6689916,200,155,0
baseline,6,632,6639076,200,155,0
baseline,6,633,6562346,200,155,0
baseline,6,634,6481774,200,155,0
baseline,6,635,6643776,200,155,0
baseline,6,636,6333394,200,155,0
baseline,6,637,6489594,200,155,0
baseline,6,638,6705386,200,155,0
baseline,6,639,6544226,200,155,0
baseline,6,640,6704926,200,155,0
baseline,6,641,6564365,200,155,0
baseline,6,642,6596976,200,155,0
baseline,6,643,6572435,200,155,0
baseline,6,644,6548105,200,155,0
baseline,6,645,6661507,200,155,0
baseline,6,646,6674826,200,155,0
baseline,6,647,6292753,200,155,0
baseline,6,648,6627206,200,155,0
baseline,6,649,6399653,200,155,0
baseline,6,650,6615576,200,155,0
baseline,6,651,6765067,200,155,0
baseline,6,652,6468655,200,155,0
baseline,6,653,6557265,200,155,0
baseline,6,654,6504535,200,155,0
baseline,6,655,6542445,200,155,0
baseline,6,656,6413024,200,155,0
baseline,6,657,6345313,200,155,0
baseline,6,658,7871126,200,155,0
baseline,6,659,6552976,200,155,0
baseline,6,660,6639305,200,155,0
baseline,6,661,6649095,200,155,0
baseline,6,662,6711547,200,155,0
baseline,6,663,6612686,200,155,0
baseline,6,664,6732706,200,155,0
baseline,6,665,6506675,200,155,0
baseline,6,666,6597276,200,155,0
baseline,6,667,6623856,200,155,0
baseline,6,668,6663146,200,155,0
baseline,6,669,6643026,200,155,0
baseline,6,670,6774917,200,155,0
baseline,6,671,6706726,200,155,0
baseline,6,672,6688666,200,155,0
baseline,6,673,6807838,200,155,0
baseline,6,674,6722996,200,155,0
baseline,6,675,6634936,200,155,0
baseline,6,676,6683787,200,155,0
baseline,6,677,6701956,200,155,0
baseline,6,678,6582315,200,155,0
baseline,6,679,6250633,200,155,0
baseline,6,680,9345899,200,155,0
baseline,6,681,6622506,200,155,0
baseline,6,682,6824297,200,155,0
baseline,6,683,6499795,200,155,0
baseline,6,684,6329463,200,155,0
baseline,6,685,6512325,200,155,0
baseline,6,686,6800297,200,155,0
baseline,6,687,6814698,200,155,0
baseline,6,688,6630075,200,155,0
baseline,6,689,6559806,200,155,0
baseline,6,690,6654046,200,155,0
baseline,6,691,6796237,200,155,0
baseline,6,692,6696276,200,155,0
baseline,6,693,6794208,200,155,0
baseline,6,694,6777177,200,155,0
baseline,6,695,6744616,200,155,0
baseline,6,696,6572266,200,155,0
baseline,6,697,6834177,200,155,0
baseline,6,698,6621006,200,155,0
baseline,6,699,6776117,200,155,0
baseline,6,700,6840618,200,155,0
baseline,6,701,6653226,200,155,0
baseline,6,702,6613166,200,155,0
baseline,6,703,6620795,200,155,0
baseline,6,704,6572026,200,155,0
baseline,6,705,6534005,200,155,0
baseline,6,706,6613525,200,155,0
baseline,6,707,6673205,200,155,0
baseline,6,708,6578086,200,155,0
baseline,6,709,6536315,200,155,0
baseline,6,710,6603656,200,155,0
baseline,6,711,6813127,200,155,0
baseline,6,712,6616906,200,155,0
baseline,6,713,6671296,200,155,0
baseline,6,714,6615836,200,155,0
baseline,6,715,6758107,200,155,0
baseline,6,716,6634945,200,155,0
baseline,6,717,6814337,200,155,0
baseline,6,718,6736747,200,155,0
baseline,6,719,6572675,200,155,0
baseline,6,720,6730887,200,155,0
baseline,6,721,6684686,200,155,0
baseline,6,722,6517805,200,155,0
baseline,6,723,6705336,200,155,0
baseline,6,724,6621726,200,155,0
baseline,6,725,6746457,200,155,0
baseline,6,726,9293368,200,155,0
baseline,6,727,6637476,200,155,0
baseline,6,728,6472464,200,155,0
baseline,6,729,6342854,200,155,0
baseline,6,730,6442684,200,155,0
baseline,6,731,6400574,200,155,0
baseline,6,732,6477074,200,155,0
baseline,6,733,6735137,200,155,0
baseline,6,734,6597676,200,155,0
baseline,6,735,6504724,200,155,0
baseline,6,736,6374874,200,155,0
baseline,6,737,6658606,200,155,0
baseline,6,738,6377584,200,155,0
baseline,6,739,6599815,200,155,0
baseline,6,740,6551506,200,155,0
baseline,6,741,6794107,200,155,0
baseline,6,742,6352803,200,155,0
baseline,6,743,6521925,200,155,0
baseline,6,744,6429604,200,155,0
baseline,6,745,6657886,200,155,0
baseline,6,746,6424244,200,155,0
baseline,6,747,6616746,200,155,0
baseline,6,748,6647386,200,155,0
baseline,6,749,6519165,200,155,0
baseline,6,750,6565285,200,155,0
baseline,6,751,6776367,200,155,0
baseline,6,752,6564976,200,155,0
baseline,6,753,6597365,200,155,0
baseline,6,754,6546585,200,155,0
baseline,6,755,6348203,200,155,0
baseline,6,756,6469894,200,155,0
baseline,6,757,6656466,200,155,0
baseline,6,758,6451664,200,155,0
baseline,6,759,6366164,200,155,0
baseline,6,760,6554625,200,155,0
baseline,6,761,6569285,200,155,0
baseline,6,762,6737977,200,155,0
baseline,6,763,6481155,200,155,0
baseline,6,764,6542635,200,155,0
baseline,6,765,6373833,200,155,0
baseline,6,766,6559286,200,155,0
baseline,6,767,6626615,200,155,0
baseline,6,768,6498755,200,155,0
baseline,6,769,6374794,200,155,0
baseline,6,770,6485625,200,155,0
baseline,6,771,6421063,200,155,0
baseline,6,772,6548796,200,155,0
baseline,6,773,6484824,200,155,0
baseline,6,774,6588886,200,155,0
baseline,6,775,6371093,200,155,0
baseline,6,776,6484295,200,155,0
baseline,6,777,6412124,200,155,0
baseline,6,778,6511795,200,155,0
baseline,6,779,6630285,200,155,0
baseline,6,780,6402684,200,155,0
baseline,6,781,6405814,200,155,0
baseline,6,782,6467145,200,155,0
baseline,6,783,6305993,200,155,0
baseline,6,784,6492034,200,155,0
baseline,6,785,6298773,200,155,0
baseline,6,786,6468275,200,155,0
baseline,6,787,6534215,200,155,0
baseline,6,788,6399944,200,155,0
baseline,6,789,6460314,200,155,0
baseline,6,790,6510335,200,155,0
baseline,6,791,6526255,200,155,0
baseline,6,792,6468964,200,155,0
baseline,6,793,6472555,200,155,0
baseline,6,794,6414254,200,155,0
baseline,6,795,6395584,200,155,0
baseline,6,796,6174262,200,155,0
baseline,6,797,6453924,200,155,0
baseline,6,798,6453024,200,155,0
baseline,6,799,6404464,200,155,0
baseline,6,800,6409874,200,155,0
baseline,6,801,6438664,200,155,0
baseline,6,802,6441145,200,155,0
baseline,6,803,6573095,200,155,0
baseline,6,804,6328303,200,155,0
baseline,6,805,6585206,200,155,0
baseline,6,806,6468244,200,155,0
baseline,6,807,6412134,200,155,0
baseline,6,808,6509765,200,155,0
baseline,6,809,6572735,200,155,0
baseline,6,810,6637956,200,155,0
baseline,6,811,6434064,200,155,0
baseline,6,812,6472445,200,155,0
baseline,6,813,6310283,200,155,0
baseline,6,814,6434444,200,155,0
baseline,6,815,6334313,200,155,0
baseline,6,816,6435025,200,155,0
baseline,6,817,6520575,200,155,0
baseline,6,818,6356263,200,155,0
baseline,6,819,6614456,200,155,0
baseline,6,820,6242022,200,155,0
baseline,6,821,6295193,200,155,0
baseline,6,822,6624046,200,155,0
baseline,6,823,6483465,200,155,0
baseline,6,824,6338593,200,155,0
baseline,6,825,6426134,200,155,0
baseline,6,826,6332283,200,155,0
baseline,6,827,6680587,200,155,0
baseline,6,828,6466964,200,155,0
baseline,6,829,6401564,200,155,0
baseline,6,830,6509365,200,155,0
baseline,6,831,6394753,200,155,0
baseline,6,832,6439555,200,155,0
baseline,6,833,6534445,200,155,0
baseline,6,834,6421384,200,155,0
baseline,6,835,6221252,200,155,0
baseline,6,836,6568425,200,155,0
baseline,6,837,6125282,200,155,0
baseline,6,838,6424454,200,155,0
baseline,6,839,6478685,200,155,0
baseline,6,840,6364113,200,155,0
baseline,6,841,6627226,200,155,0
baseline,6,842,6514585,200,155,0
baseline,6,843,6442734,200,155,0
baseline,6,844,6280593,200,155,0
baseline,6,845,6512495,200,155,0
baseline,6,846,6308133,200,155,0
baseline,6,847,6449204,200,155,0
baseline,6,848,6474415,200,155,0
baseline,6,849,6491974,200,155,0
baseline,6,850,6414584,200,155,0
baseline,6,851,6194762,200,155,0
baseline,6,852,6472725,200,155,0
baseline,6,853,6394264,200,155,0
baseline,6,854,6354123,200,155,0
baseline,6,855,6435504,200,155,0
baseline,6,856,6370944,200,155,0
baseline,6,857,6366624,200,155,0
baseline,6,858,6491014,200,155,0
baseline,6,859,6276153,200,155,0
baseline,6,860,6245283,200,155,0
baseline,6,861,6356183,200,155,0
baseline,6,862,6549525,200,155,0
baseline,6,863,6486185,200,155,0
baseline,6,864,6419374,200,155,0
baseline,6,865,6389374,200,155,0
baseline,6,866,6409734,200,155,0
baseline,6,867,6246372,200,155,0
baseline,6,868,6373064,200,155,0
baseline,6,869,6708317,200,155,0
baseline,6,870,6273972,200,155,0
baseline,6,871,6296003,200,155,0
baseline,6,872,6546925,200,155,0
baseline,6,873,6417964,200,155,0
baseline,6,874,6297743,200,155,0
baseline,6,875,6307344,200,155,0
baseline,6,876,6599825,200,155,0
baseline,6,877,6541825,200,155,0
baseline,6,878,6400264,200,155,0
baseline,6,879,6317153,200,155,0
baseline,6,880,6297623,200,155,0
baseline,6,881,6594166,200,155,0
baseline,6,882,6326013,200,155,0
baseline,6,883,6429974,200,155,0
baseline,6,884,6735256,200,155,0
baseline,6,885,6340354,200,155,0
baseline,6,886,6551225,200,155,0
baseline,6,887,6573175,200,155,0
baseline,6,888,6650356,200,155,0
baseline,6,889,6408894,200,155,0
baseline,6,890,6453805,200,155,0
baseline,6,891,6704216,200,155,0
baseline,6,892,6300033,200,155,0
baseline,6,893,6636126,200,155,0
baseline,6,894,6308203,200,155,0
baseline,6,895,6341793,200,155,0
baseline,6,896,6687696,200,155,0
baseline,6,897,6268613,200,155,0
baseline,6,898,6278133,200,155,0
baseline,6,899,6682896,200,155,0
baseline,6,900,6542085,200,155,0
baseline,6,901,6430144,200,155,0
baseline,6,902,6469684,200,155,0
baseline,6,903,6382394,200,155,0
baseline,6,904,6379713,200,155,0
baseline,6,905,6620466,200,155,0
baseline,6,906,6524335,200,155,0
baseline,6,907,6316793,200,155,0
baseline,6,908,6474415,200,155,0
baseline,6,909,6329153,200,155,0
baseline,6,910,6538035,200,155,0
baseline,6,911,6815407,200,155,0
baseline,6,912,6701587,200,155,0
baseline,6,913,6646846,200,155,0
baseline,6,914,6696666,200,155,0
baseline,6,915,6593025,200,155,0
baseline,6,916,6502255,200,155,0
baseline,6,917,6588116,200,155,0
baseline,6,918,6480044,200,155,0
baseline,6,919,6520425,200,155,0
baseline,6,920,6716056,200,155,0
baseline,6,921,6415354,200,155,0
baseline,6,922,6973359,200,155,0
baseline,6,923,6777117,200,155,0
baseline,6,924,6417134,200,155,0
baseline,6,925,6620266,200,155,0
baseline,6,926,6765847,200,155,0
baseline,6,927,6543515,200,155,0
baseline,6,928,6596045,200,155,0
baseline,6,929,6558985,200,155,0
baseline,6,930,6606926,200,155,0
baseline,6,931,6724957,200,155,0
baseline,6,932,6487934,200,155,0
baseline,6,933,6512165,200,155,0
baseline,6,934,6712136,200,155,0
baseline,6,935,6503425,200,155,0
baseline,6,936,6606586,200,155,0
baseline,6,937,6627105,200,155,0
baseline,6,938,6725657,200,155,0
baseline,6,939,6624056,200,155,0
baseline,6,940,6665776,200,155,0
baseline,6,941,6410354,200,155,0
baseline,6,942,6465944,200,155,0
baseline,6,943,6648966,200,155,0
baseline,6,944,6574286,200,155,0
baseline,6,945,6425204,200,155,0
baseline,6,946,6622585,200,155,0
baseline,6,947,6652036,200,155,0
baseline,6,948,6610866,200,155,0
baseline,6,949,7000859,200,155,0
baseline,6,950,6526195,200,155,0
baseline,6,951,9300268,200,155,0
baseline,6,952,7027259,200,155,0
baseline,6,953,6502615,200,155,0
baseline,6,954,6331673,200,155,0
baseline,6,955,6280373,200,155,0
baseline,6,956,6497075,200,155,0
baseline,6,957,6566455,200,155,0
baseline,6,958,6783447,200,155,0
baseline,6,959,6484754,200,155,0
baseline,6,960,6335164,200,155,0
baseline,6,961,6535365,200,155,0
baseline,6,962,6423824,200,155,0
baseline,6,963,6527555,200,155,0
baseline,6,964,6403694,200,155,0
baseline,6,965,6327643,200,155,0
baseline,6,966,6530385,200,155,0
baseline,6,967,6528225,200,155,0
baseline,6,968,6366063,200,155,0
baseline,6,969,6563736,200,155,0
baseline,6,970,6488474,200,155,0
baseline,6,971,6461874,200,155,0
baseline,6,972,6381364,200,155,0
baseline,6,973,6428314,200,155,0
baseline,6,974,6331184,200,155,0
baseline,6,975,6467174,200,155,0
baseline,6,976,7393612,200,155,0
baseline,6,977,6367544,200,155,0
baseline,6,978,6471144,200,155,0
baseline,6,979,6485455,200,155,0
baseline,6,980,6558465,200,155,0
baseline,6,981,7799616,200,155,0
baseline,6,982,6429104,200,155,0
baseline,6,983,6431244,200,155,0
baseline,6,984,6444014,200,155,0
baseline,6,985,6489865,200,155,0
baseline,6,986,6661616,200,155,0
baseline,6,987,7438182,200,155,0
baseline,6,988,8660833,200,155,0
baseline,6,989,6289653,200,155,0
baseline,6,990,6489845,200,155,0
baseline,6,991,6202092,200,155,0
baseline,6,992,6128132,200,155,0
baseline,6,993,6377093,200,155,0
baseline,6,994,6372484,200,155,0
baseline,6,995,6278073,200,155,0
baseline,6,996,6466314,200,155,0
baseline,6,997,6454934,200,155,0
baseline,6,998,6582876,200,155,0
baseline,6,999,6671456,200,155,0
baseline,6,1000,6510675,200,155,0
fixed,1,1,2959676,200,155,0
fixed,1,2,3076986,200,155,0
fixed,1,3,3063647,200,155,0
fixed,1,4,3069456,200,155,0
fixed,1,5,3528501,200,155,0
fixed,1,6,3157077,200,155,0
fixed,1,7,2901655,200,155,0
fixed,1,8,2937876,200,155,0
fixed,1,9,2880595,200,155,0
fixed,1,10,2878175,200,155,0
fixed,1,11,2825634,200,155,0
fixed,1,12,2857985,200,155,0
fixed,1,13,2940485,200,155,0
fixed,1,14,3057697,200,155,0
fixed,1,15,3567050,200,155,0
fixed,1,16,2998946,200,155,0
fixed,1,17,3070747,200,155,0
fixed,1,18,2888265,200,155,0
fixed,1,19,3811513,200,155,0
fixed,1,20,2919355,200,155,0
fixed,1,21,2969726,200,155,0
fixed,1,22,2982826,200,155,0
fixed,1,23,5160914,200,155,0
fixed,1,24,3609862,200,155,0
fixed,1,25,3658111,200,155,0
fixed,1,26,3254658,200,155,0
fixed,1,27,4107076,200,155,0
fixed,1,28,4291997,200,155,0
fixed,1,29,2965636,200,155,0
fixed,1,30,2871164,200,155,0
fixed,1,31,3145418,200,155,0
fixed,1,32,4451218,200,155,0
fixed,1,33,4170056,200,155,0
fixed,1,34,5241816,200,155,0
fixed,1,35,3102617,200,155,0
fixed,1,36,2949395,200,155,0
fixed,1,37,4231217,200,155,0
fixed,1,38,3976564,200,155,0
fixed,1,39,2955586,200,155,0
fixed,1,40,3042306,200,155,0
fixed,1,41,3195438,200,155,0
fixed,1,42,3009966,200,155,0
fixed,1,43,3236168,200,155,0
fixed,1,44,2850924,200,155,0
fixed,1,45,2802665,200,155,0
fixed,1,46,3063166,200,155,0
fixed,1,47,2887475,200,155,0
fixed,1,48,3169608,200,155,0
fixed,1,49,3259448,200,155,0
fixed,1,50,3199218,200,155,0
fixed,1,51,3145707,200,155,0
fixed,1,52,3529890,200,155,0
fixed,1,53,3071177,200,155,0
fixed,1,54,3548450,200,155,0
fixed,1,55,3223838,200,155,0
fixed,1,56,2883725,200,155,0
fixed,1,57,3075397,200,155,0
fixed,1,58,2919825,200,155,0
fixed,1,59,2870925,200,155,0
fixed,1,60,2802574,200,155,0
fixed,1,61,3132907,200,155,0
fixed,1,62,3214238,200,155,0
fixed,1,63,3172298,200,155,0
fixed,1,64,3137257,200,155,0
fixed,1,65,3091887,200,155,0
fixed,1,66,3482600,200,155,0
fixed,1,67,5335346,200,155,0
fixed,1,68,2982096,200,155,0
fixed,1,69,3458850,200,155,0
fixed,1,70,2923725,200,155,0
fixed,1,71,3863453,200,155,0
fixed,1,72,2943136,200,155,0
fixed,1,73,2986866,200,155,0
fixed,1,74,3323258,200,155,0
fixed,1,75,6633668,200,155,0
fixed,1,76,3744742,200,155,0
fixed,1,77,3077337,200,155,0
fixed,1,78,3132807,200,155,0
fixed,1,79,3458290,200,155,0
fixed,1,80,3067117,200,155,0
fixed,1,81,3122466,200,155,0
fixed,1,82,3701623,200,155,0
fixed,1,83,4322777,200,155,0
fixed,1,84,3213608,200,155,0
fixed,1,85,2927365,200,155,0
fixed,1,86,2913815,200,155,0
fixed,1,87,3040897,200,155,0
fixed,1,88,3290548,200,155,0
fixed,1,89,2927235,200,155,0
fixed,1,90,3637972,200,155,0
fixed,1,91,4006574,200,155,0
fixed,1,92,3263459,200,155,0
fixed,1,93,3048196,200,155,0
fixed,1,94,3188308,200,155,0
fixed,1,95,2984786,200,155,0
fixed,1,96,4582209,200,155,0
fixed,1,97,2901065,200,155,0
fixed,1,98,2945186,200,155,0
fixed,1,99,3056606,200,155,0
fixed,1,100,2869225,200,155,0
fixed,1,101,2909585,200,155,0
fixed,1,102,2923326,200,155,0
fixed,1,103,3062086,200,155,0
fixed,1,104,3465420,200,155,0
fixed,1,105,2974556,200,155,0
fixed,1,106,3261968,200,155,0
fixed,1,107,2936366,200,155,0
fixed,1,108,2843334,200,155,0
fixed,1,109,3026016,200,155,0
fixed,1,110,2887915,200,155,0
fixed,1,111,3118787,200,155,0
fixed,1,112,2973186,200,155,0
fixed,1,113,3294279,200,155,0
fixed,1,114,3326388,200,155,0
fixed,1,115,3262429,200,155,0
fixed,1,116,2913955,200,155,0
fixed,1,117,2932375,200,155,0
fixed,1,118,2892655,200,155,0
fixed,1,119,2887895,200,155,0
fixed,1,120,2889235,200,155,0
fixed,1,121,2945916,200,155,0
fixed,1,122,2938605,200,155,0
fixed,1,123,2954156,200,155,0
fixed,1,124,3065916,200,155,0
fixed,1,125,2973956,200,155,0
fixed,1,126,2902095,200,155,0
fixed,1,127,3373409,200,155,0
fixed,1,128,3003966,200,155,0
fixed,1,129,2955116,200,155,0
fixed,1,130,2882995,200,155,0
fixed,1,131,3091667,200,155,0
fixed,1,132,3036046,200,155,0
fixed,1,133,2917135,200,155,0
fixed,1,134,2866045,200,155,0
fixed,1,135,2910995,200,155,0
fixed,1,136,3027206,200,155,0
fixed,1,137,3397840,200,155,0
fixed,1,138,3207907,200,155,0
fixed,1,139,2977506,200,155,0
fixed,1,140,2977376,200,155,0
fixed,1,141,2885335,200,155,0
fixed,1,142,3057786,200,155,0
fixed,1,143,2936186,200,155,0
fixed,1,144,2870844,200,155,0
fixed,1,145,2920776,200,155,0
fixed,1,146,3078987,200,155,0
fixed,1,147,3202597,200,155,0
fixed,1,148,3373279,200,155,0
fixed,1,149,3052017,200,155,0
fixed,1,150,2976935,200,155,0
fixed,1,151,3341589,200,155,0
fixed,1,152,2987765,200,155,0
fixed,1,153,3262759,200,155,0
fixed,1,154,3510150,200,155,0
fixed,1,155,2900335,200,155,0
fixed,1,156,3016456,200,155,0
fixed,1,157,3055187,200,155,0
fixed,1,158,3030486,200,155,0
fixed,1,159,3096777,200,155,0
fixed,1,160,3181677,200,155,0
fixed,1,161,2927145,200,155,0
fixed,1,162,2907806,200,155,0
fixed,1,163,2911265,200,155,0
fixed,1,164,2955385,200,155,0
fixed,1,165,2917386,200,155,0
fixed,1,166,2903855,200,155,0
fixed,1,167,2943215,200,155,0
fixed,1,168,2951356,200,155,0
fixed,1,169,3297848,200,155,0
fixed,1,170,3137157,200,155,0
fixed,1,171,3079227,200,155,0
fixed,1,172,2924945,200,155,0
fixed,1,173,2982926,200,155,0
fixed,1,174,4052155,200,155,0
fixed,1,175,2908146,200,155,0
fixed,1,176,2992455,200,155,0
fixed,1,177,2914696,200,155,0
fixed,1,178,2900665,200,155,0
fixed,1,179,2871534,200,155,0
fixed,1,180,3295079,200,155,0
fixed,1,181,3219568,200,155,0
fixed,1,182,2836794,200,155,0
fixed,1,183,2821825,200,155,0
fixed,1,184,2832124,200,155,0
fixed,1,185,3167468,200,155,0
fixed,1,186,2870385,200,155,0
fixed,1,187,2989596,200,155,0
fixed,1,188,2900514,200,155,0
fixed,1,189,2980505,200,155,0
fixed,1,190,3179038,200,155,0
fixed,1,191,2918865,200,155,0
fixed,1,192,2990916,200,155,0
fixed,1,193,3223718,200,155,0
fixed,1,194,2908425,200,155,0
fixed,1,195,2917295,200,155,0
fixed,1,196,2884485,200,155,0
fixed,1,197,2922035,200,155,0
fixed,1,198,2846084,200,155,0
fixed,1,199,2888505,200,155,0
fixed,1,200,2911925,200,155,0
fixed,1,201,3484621,200,155,0
fixed,1,202,3341039,200,155,0
fixed,1,203,6603777,200,155,0
fixed,1,204,3047736,200,155,0
fixed,1,205,2944655,200,155,0
fixed,1,206,2909496,200,155,0
fixed,1,207,2975406,200,155,0
fixed,1,208,2999605,200,155,0
fixed,1,209,2846145,200,155,0
fixed,1,210,2964646,200,155,0
fixed,1,211,3087926,200,155,0
fixed,1,212,3092487,200,155,0
fixed,1,213,2938616,200,155,0
fixed,1,214,3168647,200,155,0
fixed,1,215,2880935,200,155,0
fixed,1,216,4175586,200,155,0
fixed,1,217,2994896,200,155,0
fixed,1,218,2918425,200,155,0
fixed,1,219,2807844,200,155,0
fixed,1,220,2911316,200,155,0
fixed,1,221,3022976,200,155,0
fixed,1,222,4224906,200,155,0
fixed,1,223,2999726,200,155,0
fixed,1,224,3090227,200,155,0
fixed,1,225,2944916,200,155,0
fixed,1,226,2858964,200,155,0
fixed,1,227,2854175,200,155,0
fixed,1,228,2887075,200,155,0
fixed,1,229,2844605,200,155,0
fixed,1,230,2945005,200,155,0
fixed,1,231,2882435,200,155,0
fixed,1,232,2977836,200,155,0
fixed,1,233,3274598,200,155,0
fixed,1,234,2917535,200,155,0
fixed,1,235,3400080,200,155,0
fixed,1,236,3986284,200,155,0
fixed,1,237,2971516,200,155,0
fixed,1,238,2894365,200,155,0
fixed,1,239,2846715,200,155,0
fixed,1,240,2903715,200,155,0
fixed,1,241,2904605,200,155,0
fixed,1,242,2907385,200,155,0
fixed,1,243,7164602,200,155,0
fixed,1,244,3633581,200,155,0
fixed,1,245,3367199,200,155,0
fixed,1,246,2909604,200,155,0
fixed,1,247,2916935,200,155,0
fixed,1,248,2882745,200,155,0
fixed,1,249,2903445,200,155,0
fixed,1,250,2882295,200,155,0
fixed,1,251,2906255,200,155,0
fixed,1,252,3134187,200,155,0
fixed,1,253,3108177,200,155,0
fixed,1,254,2970696,200,155,0
fixed,1,255,2991356,200,155,0
fixed,1,256,4333697,200,155,0
fixed,1,257,2899945,200,155,0
fixed,1,258,4158916,200,155,0
fixed,1,259,6304105,200,155,0
fixed,1,260,3247358,200,155,0
fixed,1,261,3247658,200,155,0
fixed,1,262,3364439,200,155,0
fixed,1,263,3097957,200,155,0
fixed,1,264,3285168,200,155,0
fixed,1,265,3218038,200,155,0
fixed,1,266,3180387,200,155,0
fixed,1,267,2818175,200,155,0
fixed,1,268,6813919,200,155,0
fixed,1,269,4207216,200,155,0
fixed,1,270,3436480,200,155,0
fixed,1,271,3294668,200,155,0
fixed,1,272,3077887,200,155,0
fixed,1,273,3038716,200,155,0
fixed,1,274,3244408,200,155,0
fixed,1,275,3035167,200,155,0
fixed,1,276,3987494,200,155,0
fixed,1,277,2953696,200,155,0
fixed,1,278,3013756,200,155,0
fixed,1,279,2952245,200,155,0
fixed,1,280,2948576,200,155,0
fixed,1,281,3135677,200,155,0
fixed,1,282,2985726,200,155,0
fixed,1,283,3016666,200,155,0
fixed,1,284,3258878,200,155,0
fixed,1,285,3292018,200,155,0
fixed,1,286,3452300,200,155,0
fixed,1,287,2998136,200,155,0
fixed,1,288,2855875,200,155,0
fixed,1,289,2758594,200,155,0
fixed,1,290,6259804,200,155,0
fixed,1,291,3640911,200,155,0
fixed,1,292,3268429,200,155,0
fixed,1,293,2911055,200,155,0
fixed,1,294,3220058,200,155,0
fixed,1,295,2784724,200,155,0
fixed,1,296,2811504,200,155,0
fixed,1,297,3017876,200,155,0
fixed,1,298,2762214,200,155,0
fixed,1,299,3801933,200,155,0
fixed,1,300,2888125,200,155,0
fixed,1,301,3024686,200,155,0
fixed,1,302,2982426,200,155,0
fixed,1,303,2995486,200,155,0
fixed,1,304,2869955,200,155,0
fixed,1,305,3189267,200,155,0
fixed,1,306,2818004,200,155,0
fixed,1,307,2797025,200,155,0
fixed,1,308,5657069,200,155,0
fixed,1,309,3143807,200,155,0
fixed,1,310,2999856,200,155,0
fixed,1,311,3101237,200,155,0
fixed,1,312,3302458,200,155,0
fixed,1,313,2953546,200,155,0
fixed,1,314,2931435,200,155,0
fixed,1,315,3074867,200,155,0
fixed,1,316,3496310,200,155,0
fixed,1,317,3061416,200,155,0
fixed,1,318,2923306,200,155,0
fixed,1,319,2945985,200,155,0
fixed,1,320,2844065,200,155,0
fixed,1,321,2827674,200,155,0
fixed,1,322,2901395,200,155,0
fixed,1,323,3136207,200,155,0
fixed,1,324,2841805,200,155,0
fixed,1,325,2849915,200,155,0
fixed,1,326,2988115,200,155,0
fixed,1,327,3110727,200,155,0
fixed,1,328,2888565,200,155,0
fixed,1,329,2912026,200,155,0
fixed,1,330,2843384,200,155,0
fixed,1,331,2825945,200,155,0
fixed,1,332,2858894,200,155,0
fixed,1,333,2928706,200,155,0
fixed,1,334,2987406,200,155,0
fixed,1,335,3084706,200,155,0
fixed,1,336,2949756,200,155,0
fixed,1,337,2991876,200,155,0
fixed,1,338,3180777,200,155,0
fixed,1,339,2897625,200,155,0
fixed,1,340,2931926,200,155,0
fixed,1,341,2884855,200,155,0
fixed,1,342,2863104,200,155,0
fixed,1,343,2881565,200,155,0
fixed,1,344,2994566,200,155,0
fixed,1,345,2974986,200,155,0
fixed,1,346,2863575,200,155,0
fixed,1,347,2890555,200,155,0
fixed,1,348,2851754,200,155,0
fixed,1,349,3173918,200,155,0
fixed,1,350,3934364,200,155,0
fixed,1,351,2954645,200,155,0
fixed,1,352,2856805,200,155,0
fixed,1,353,2817704,200,155,0
fixed,1,354,2907056,200,155,0
fixed,1,355,2899935,200,155,0
fixed,1,356,2952395,200,155,0
fixed,1,357,3150387,200,155,0
fixed,1,358,2905316,200,155,0
fixed,1,359,2891825,200,155,0
fixed,1,360,3154557,200,155,0
fixed,1,361,2925395,200,155,0
fixed,1,362,2896185,200,155,0
fixed,1,363,2832255,200,155,0
fixed,1,364,2825224,200,155,0
fixed,1,365,2838165,200,155,0
fixed,1,366,2795354,200,155,0
fixed,1,367,2964466,200,155,0
fixed,1,368,3313978,200,155,0
fixed,1,369,2916335,200,155,0
fixed,1,370,2900986,200,155,0
fixed,1,371,2973765,200,155,0
fixed,1,372,3095037,200,155,0
fixed,1,373,2903485,200,155,0
fixed,1,374,2863225,200,155,0
fixed,1,375,2838195,200,155,0
fixed,1,376,2809014,200,155,0
fixed,1,377,2876455,200,155,0
fixed,1,378,2956535,200,155,0
fixed,1,379,3010686,200,155,0
fixed,1,380,2924146,200,155,0
fixed,1,381,2866334,200,155,0
fixed,1,382,2967866,200,155,0
fixed,1,383,3178468,200,155,0
fixed,1,384,2860894,200,155,0
fixed,1,385,2816875,200,155,0
fixed,1,386,2821024,200,155,0
fixed,1,387,3186238,200,155,0
fixed,1,388,2799554,200,155,0
fixed,1,389,3091346,200,155,0
fixed,1,390,3015177,200,155,0
fixed,1,391,3087126,200,155,0
fixed,1,392,2912565,200,155,0
fixed,1,393,2968136,200,155,0
fixed,1,394,3147067,200,155,0
fixed,1,395,2860095,200,155,0
fixed,1,396,2841775,200,155,0
fixed,1,397,2845634,200,155,0
fixed,1,398,2802645,200,155,0
fixed,1,399,2871634,200,155,0
fixed,1,400,2803245,200,155,0
fixed,1,401,2891295,200,155,0
fixed,1,402,3313388,200,155,0
fixed,1,403,3040507,200,155,0
fixed,1,404,3022216,200,155,0
fixed,1,405,3057626,200,155,0
fixed,1,406,2939406,200,155,0
fixed,1,407,2845494,200,155,0
fixed,1,408,2869585,200,155,0
fixed,1,409,2833795,200,155,0
fixed,1,410,2794984,200,155,0
fixed,1,411,3277478,200,155,0
fixed,1,412,3394360,200,155,0
fixed,1,413,3037576,200,155,0
fixed,1,414,2934205,200,155,0
fixed,1,415,2914645,200,155,0
fixed,1,416,2962526,200,155,0
fixed,1,417,3057306,200,155,0
fixed,1,418,2865945,200,155,0
fixed,1,419,2824685,200,155,0
fixed,1,420,2841364,200,155,0
fixed,1,421,2803574,200,155,0
fixed,1,422,2858185,200,155,0
fixed,1,423,2912895,200,155,0
fixed,1,424,6608958,200,155,0
fixed,1,425,3603171,200,155,0
fixed,1,426,3345379,200,155,0
fixed,1,427,3066056,200,155,0
fixed,1,428,2965826,200,155,0
fixed,1,429,2849124,200,155,0
fixed,1,430,2828034,200,155,0
fixed,1,431,2762024,200,155,0
fixed,1,432,2785334,200,155,0
fixed,1,433,2944765,200,155,0
fixed,1,434,3127707,200,155,0
fixed,1,435,2925596,200,155,0
fixed,1,436,2888885,200,155,0
fixed,1,437,2987096,200,155,0
fixed,1,438,3166467,200,155,0
fixed,1,439,2903165,200,155,0
fixed,1,440,2795474,200,155,0
fixed,1,441,2764864,200,155,0
fixed,1,442,2930295,200,155,0
fixed,1,443,2920926,200,155,0
fixed,1,444,3002526,200,155,0
fixed,1,445,2987796,200,155,0
fixed,1,446,2908155,200,155,0
fixed,1,447,2884575,200,155,0
fixed,1,448,2927945,200,155,0
fixed,1,449,3356019,200,155,0
fixed,1,450,2852625,200,155,0
fixed,1,451,3543080,200,155,0
fixed,1,452,2859635,200,155,0
fixed,1,453,2824105,200,155,0
fixed,1,454,2872314,200,155,0
fixed,1,455,2968126,200,155,0
fixed,1,456,3066157,200,155,0
fixed,1,457,2868754,200,155,0
fixed,1,458,2895005,200,155,0
fixed,1,459,3033147,200,155,0
fixed,1,460,3061946,200,155,0
fixed,1,461,2938016,200,155,0
fixed,1,462,3031956,200,155,0
fixed,1,463,2844634,200,155,0
fixed,1,464,3550941,200,155,0
fixed,1,465,3287118,200,155,0
fixed,1,466,6339955,200,155,0
fixed,1,467,5568369,200,155,0
fixed,1,468,3167927,200,155,0
fixed,1,469,3409169,200,155,0
fixed,1,470,3083047,200,155,0
fixed,1,471,3106697,200,155,0
fixed,1,472,2955716,200,155,0
fixed,1,473,2869104,200,155,0
fixed,1,474,2881455,200,155,0
fixed,1,475,3278319,200,155,0
fixed,1,476,3046216,200,155,0
fixed,1,477,2924135,200,155,0
fixed,1,478,2848495,200,155,0
fixed,1,479,2823274,200,155,0
fixed,1,480,3188308,200,155,0
fixed,1,481,2785504,200,155,0
fixed,1,482,2810914,200,155,0
fixed,1,483,2783774,200,155,0
fixed,1,484,2834275,200,155,0
fixed,1,485,2842134,200,155,0
fixed,1,486,2947436,200,155,0
fixed,1,487,2962055,200,155,0
fixed,1,488,2888666,200,155,0
fixed,1,489,2859104,200,155,0
fixed,1,490,2804604,200,155,0
fixed,1,491,2846915,200,155,0
fixed,1,492,3259218,200,155,0
fixed,1,493,2917626,200,155,0
fixed,1,494,2784334,200,155,0
fixed,1,495,2787054,200,155,0
fixed,1,496,3086836,200,155,0
fixed,1,497,3062277,200,155,0
fixed,1,498,3084167,200,155,0
fixed,1,499,3192057,200,155,0
fixed,1,500,2945126,200,155,0
fixed,1,501,2881885,200,155,0
fixed,1,502,3052336,200,155,0
fixed,1,503,3148767,200,155,0
fixed,1,504,2837425,200,155,0
fixed,1,505,2852924,200,155,0
fixed,1,506,2964216,200,155,0
fixed,1,507,2887685,200,155,0
fixed,1,508,2958236,200,155,0
fixed,1,509,3095636,200,155,0
fixed,1,510,2959196,200,155,0
fixed,1,511,2852835,200,155,0
fixed,1,512,2860185,200,155,0
fixed,1,513,2889184,200,155,0
fixed,1,514,3213048,200,155,0
fixed,1,515,2888115,200,155,0
fixed,1,516,2818044,200,155,0
fixed,1,517,2868584,200,155,0
fixed,1,518,2822205,200,155,0
fixed,1,519,2848064,200,155,0
fixed,1,520,2942086,200,155,0
fixed,1,521,3357919,200,155,0
fixed,1,522,3739442,200,155,0
fixed,1,523,3007696,200,155,0
fixed,1,524,3050017,200,155,0
fixed,1,525,3315348,200,155,0
fixed,1,526,3018866,200,155,0
fixed,1,527,3483071,200,155,0
fixed,1,528,3049626,200,155,0
fixed,1,529,2923055,200,155,0
fixed,1,530,2991476,200,155,0
fixed,1,531,3110967,200,155,0
fixed,1,532,2834515,200,155,0
fixed,1,533,2897435,200,155,0
fixed,1,534,2820014,200,155,0
fixed,1,535,2877045,200,155,0
fixed,1,536,3205618,200,155,0
fixed,1,537,2875354,200,155,0
fixed,1,538,2925686,200,155,0
fixed,1,539,3112927,200,155,0
fixed,1,540,3247958,200,155,0
fixed,1,541,3096187,200,155,0
fixed,1,542,3094896,200,155,0
fixed,1,543,2871255,200,155,0
fixed,1,544,2827134,200,155,0
fixed,1,545,2851385,200,155,0
fixed,1,546,2903645,200,155,0
fixed,1,547,2942306,200,155,0
fixed,1,548,2984936,200,155,0
fixed,1,549,3015756,200,155,0
fixed,1,550,2883265,200,155,0
fixed,1,551,2914225,200,155,0
fixed,1,552,2875985,200,155,0
fixed,1,553,2904825,200,155,0
fixed,1,554,3332799,200,155,0
fixed,1,555,2857564,200,155,0
fixed,1,556,3064877,200,155,0
fixed,1,557,2970946,200,155,0
fixed,1,558,3053306,200,155,0
fixed,1,559,3036446,200,155,0
fixed,1,560,2852825,200,155,0
fixed,1,561,2811884,200,155,0
fixed,1,562,2771714,200,155,0
fixed,1,563,2854835,200,155,0
fixed,1,564,2854164,200,155,0
fixed,1,565,3316159,200,155,0
fixed,1,566,2938975,200,155,0
fixed,1,567,2865385,200,155,0
fixed,1,568,2853755,200,155,0
fixed,1,569,3087387,200,155,0
fixed,1,570,3097266,200,155,0
fixed,1,571,2842795,200,155,0
fixed,1,572,2865605,200,155,0
fixed,1,573,2805264,200,155,0
fixed,1,574,2822774,200,155,0
fixed,1,575,3033927,200,155,0
fixed,1,576,3075956,200,155,0
fixed,1,577,2880895,200,155,0
fixed,1,578,2857315,200,155,0
fixed,1,579,2902445,200,155,0
fixed,1,580,2799694,200,155,0
fixed,1,581,3032076,200,155,0
fixed,1,582,2921936,200,155,0
fixed,1,583,2882435,200,155,0
fixed,1,584,2887145,200,155,0
fixed,1,585,2820194,200,155,0
fixed,1,586,2798024,200,155,0
fixed,1,587,2990676,200,155,0
fixed,1,588,3168447,200,155,0
fixed,1,589,2974376,200,155,0
fixed,1,590,2830954,200,155,0
fixed,1,591,2808715,200,155,0
fixed,1,592,2988026,200,155,0
fixed,1,593,3122477,200,155,0
fixed,1,594,2904175,200,155,0
fixed,1,595,2854904,200,155,0
fixed,1,596,2880415,200,155,0
fixed,1,597,2940806,200,155,0
fixed,1,598,2907855,200,155,0
fixed,1,599,3201107,200,155,0
fixed,1,600,2936706,200,155,0
fixed,1,601,2858465,200,155,0
fixed,1,602,2808324,200,155,0
fixed,1,603,2853235,200,155,0
fixed,1,604,3207257,200,155,0
fixed,1,605,2926946,200,155,0
fixed,1,606,2806754,200,155,0
fixed,1,607,2745264,200,155,0
fixed,1,608,2819824,200,155,0
fixed,1,609,3113747,200,155,0
fixed,1,610,2929215,200,155,0
fixed,1,611,2866835,200,155,0
fixed,1,612,2817004,200,155,0
fixed,1,613,2783465,200,155,0
fixed,1,614,2761903,200,155,0
fixed,1,615,3060577,200,155,0
fixed,1,616,3057806,200,155,0
fixed,1,617,2849825,200,155,0
fixed,1,618,2797584,200,155,0
fixed,1,619,2780694,200,155,0
fixed,1,620,2832915,200,155,0
fixed,1,621,2952735,200,155,0
fixed,1,622,3147567,200,155,0
fixed,1,623,2908935,200,155,0
fixed,1,624,2984496,200,155,0
fixed,1,625,3038507,200,155,0
fixed,1,626,2923805,200,155,0
fixed,1,627,3302568,200,155,0
fixed,1,628,2981086,200,155,0
fixed,1,629,2863155,200,155,0
fixed,1,630,2948465,200,155,0
fixed,1,631,2928306,200,155,0
fixed,1,632,3038076,200,155,0
fixed,1,633,3291708,200,155,0
fixed,1,634,2920376,200,155,0
fixed,1,635,2902855,200,155,0
fixed,1,636,2911915,200,155,0
fixed,1,637,2970615,200,155,0
fixed,1,638,3238418,200,155,0
fixed,1,639,2877334,200,155,0
fixed,1,640,2812224,200,155,0
fixed,1,641,2775274,200,155,0
fixed,1,642,3019106,200,155,0
fixed,1,643,2907295,200,155,0
fixed,1,644,3130637,200,155,0
fixed,1,645,2838435,200,155,0
fixed,1,646,2730093,200,155,0
fixed,1,647,2869225,200,155,0
fixed,1,648,2828125,200,155,0
fixed,1,649,2833804,200,155,0
fixed,1,650,2881375,200,155,0
fixed,1,651,2832004,200,155,0
fixed,1,652,2791614,200,155,0
fixed,1,653,2823095,200,155,0
fixed,1,654,2868075,200,155,0
fixed,1,655,3182437,200,155,0
fixed,1,656,2871715,200,155,0
fixed,1,657,2905135,200,155,0
fixed,1,658,2989796,200,155,0
fixed,1,659,2883805,200,155,0
fixed,1,660,2977386,200,155,0
fixed,1,661,3252198,200,155,0
fixed,1,662,2965225,200,155,0
fixed,1,663,2941586,200,155,0
fixed,1,664,2882485,200,155,0
fixed,1,665,2944905,200,155,0
fixed,1,666,3006586,200,155,0
fixed,1,667,3314039,200,155,0
fixed,1,668,2807144,200,155,0
fixed,1,669,2978846,200,155,0
fixed,1,670,2890325,200,155,0
fixed,1,671,2810114,200,155,0
fixed,1,672,2811515,200,155,0
fixed,1,673,2844114,200,155,0
fixed,1,674,2842715,200,155,0
fixed,1,675,2828494,200,155,0
fixed,1,676,2755414,200,155,0
fixed,1,677,3030826,200,155,0
fixed,1,678,2857865,200,155,0
fixed,1,679,2962526,200,155,0
fixed,1,680,2948105,200,155,0
fixed,1,681,2907445,200,155,0
fixed,1,682,2914695,200,155,0
fixed,1,683,2934446,200,155,0
fixed,1,684,3300768,200,155,0
fixed,1,685,2955346,200,155,0
fixed,1,686,2809034,200,155,0
fixed,1,687,2887345,200,155,0
fixed,1,688,2877325,200,155,0
fixed,1,689,2979536,200,155,0
fixed,1,690,2913615,200,155,0
fixed,1,691,2853375,200,155,0
fixed,1,692,2828704,200,155,0
fixed,1,693,2805864,200,155,0
fixed,1,694,2772314,200,155,0
fixed,1,695,2768664,200,155,0
fixed,1,696,2763604,200,155,0
fixed,1,697,2848505,200,155,0
fixed,1,698,2791314,200,155,0
fixed,1,699,2875335,200,155,0
fixed,1,700,2937315,200,155,0
fixed,1,701,3129547,200,155,0
fixed,1,702,2896255,200,155,0
fixed,1,703,2854165,200,155,0
fixed,1,704,2870575,200,155,0
fixed,1,705,2849474,200,155,0
fixed,1,706,2883055,200,155,0
fixed,1,707,3098887,200,155,0
fixed,1,708,2841045,200,155,0
fixed,1,709,2780734,200,155,0
fixed,1,710,2727513,200,155,0
fixed,1,711,2797754,200,155,0
fixed,1,712,2864445,200,155,0
fixed,1,713,3007786,200,155,0
fixed,1,714,2743444,200,155,0
fixed,1,715,2773144,200,155,0
fixed,1,716,2773564,200,155,0
fixed,1,717,2766934,200,155,0
fixed,1,718,2805074,200,155,0
fixed,1,719,2844715,200,155,0
fixed,1,720,2879605,200,155,0
fixed,1,721,2797854,200,155,0
fixed,1,722,2857784,200,155,0
fixed,1,723,2842995,200,155,0
fixed,1,724,3177098,200,155,0
fixed,1,725,2790854,200,155,0
fixed,1,726,2837714,200,155,0
fixed,1,727,2794184,200,155,0
fixed,1,728,2789654,200,155,0
fixed,1,729,2840924,200,155,0
fixed,1,730,3136447,200,155,0
fixed,1,731,2787074,200,155,0
fixed,1,732,2800144,200,155,0
fixed,1,733,2745114,200,155,0
fixed,1,734,2825975,200,155,0
fixed,1,735,2785994,200,155,0
fixed,1,736,3136457,200,155,0
fixed,1,737,2829934,200,155,0
fixed,1,738,2791694,200,155,0
fixed,1,739,2740304,200,155,0
fixed,1,740,2837625,200,155,0
fixed,1,741,2763094,200,155,0
fixed,1,742,2858674,200,155,0
fixed,1,743,2801305,200,155,0
fixed,1,744,2860344,200,155,0
fixed,1,745,2821415,200,155,0
fixed,1,746,2865934,200,155,0
fixed,1,747,2974746,200,155,0
fixed,1,748,2888425,200,155,0
fixed,1,749,2916655,200,155,0
fixed,1,750,2838075,200,155,0
fixed,1,751,2794404,200,155,0
fixed,1,752,2721233,200,155,0
fixed,1,753,2931106,200,155,0
fixed,1,754,3009186,200,155,0
fixed,1,755,2811014,200,155,0
fixed,1,756,2923815,200,155,0
fixed,1,757,2894365,200,155,0
fixed,1,758,2885225,200,155,0
fixed,1,759,3160447,200,155,0
fixed,1,760,2960605,200,155,0
fixed,1,761,2905315,200,155,0
fixed,1,762,2972106,200,155,0
fixed,1,763,2778124,200,155,0
fixed,1,764,2729154,200,155,0
fixed,1,765,2881545,200,155,0
fixed,1,766,2869854,200,155,0
fixed,1,767,2760184,200,155,0
fixed,1,768,2911925,200,155,0
fixed,1,769,2898315,200,155,0
fixed,1,770,3062416,200,155,0
fixed,1,771,2989926,200,155,0
fixed,1,772,2853985,200,155,0
fixed,1,773,2822404,200,155,0
fixed,1,774,3023116,200,155,0
fixed,1,775,2800375,200,155,0
fixed,1,776,2771413,200,155,0
fixed,1,777,3110627,200,155,0
fixed,1,778,2967006,200,155,0
fixed,1,779,2846245,200,155,0
fixed,1,780,2914215,200,155,0
fixed,1,781,2837354,200,155,0
fixed,1,782,3100077,200,155,0
fixed,1,783,3073587,200,155,0
fixed,1,784,2867044,200,155,0
fixed,1,785,2793585,200,155,0
fixed,1,786,2843734,200,155,0
fixed,1,787,2834495,200,155,0
fixed,1,788,2763384,200,155,0
fixed,1,789,2738393,200,155,0
fixed,1,790,2769924,200,155,0
fixed,1,791,2752614,200,155,0
fixed,1,792,2875945,200,155,0
fixed,1,793,2871065,200,155,0
fixed,1,794,3163587,200,155,0
fixed,1,795,2854335,200,155,0
fixed,1,796,2917355,200,155,0
fixed,1,797,2945076,200,155,0
fixed,1,798,2831274,200,155,0
fixed,1,799,2801724,200,155,0
fixed,1,800,2895165,200,155,0
fixed,1,801,2822375,200,155,0
fixed,1,802,2784624,200,155,0
fixed,1,803,2760893,200,155,0
fixed,1,804,2816875,200,155,0
fixed,1,805,3128777,200,155,0
fixed,1,806,2876005,200,155,0
fixed,1,807,2817694,200,155,0
fixed,1,808,2842645,200,155,0
fixed,1,809,2771584,200,155,0
fixed,1,810,2901485,200,155,0
fixed,1,811,2955135,200,155,0
fixed,1,812,3077327,200,155,0
fixed,1,813,2871365,200,155,0
fixed,1,814,2985796,200,155,0
fixed,1,815,3024736,200,155,0
fixed,1,816,3016806,200,155,0
fixed,1,817,3198577,200,155,0
fixed,1,818,2916776,200,155,0
fixed,1,819,2919205,200,155,0
fixed,1,820,2865685,200,155,0
fixed,1,821,2903285,200,155,0
fixed,1,822,2819464,200,155,0
fixed,1,823,2789674,200,155,0
fixed,1,824,2718264,200,155,0
fixed,1,825,2831324,200,155,0
fixed,1,826,2828015,200,155,0
fixed,1,827,2906355,200,155,0
fixed,1,828,3257648,200,155,0
fixed,1,829,2872125,200,155,0
fixed,1,830,2899295,200,155,0
fixed,1,831,2830444,200,155,0
fixed,1,832,2777744,200,155,0
fixed,1,833,2768774,200,155,0
fixed,1,834,2753584,200,155,0
fixed,1,835,2742484,200,155,0
fixed,1,836,2789454,200,155,0
fixed,1,837,2800474,200,155,0
fixed,1,838,2928706,200,155,0
fixed,1,839,2982245,200,155,0
fixed,1,840,2923336,200,155,0
fixed,1,841,2846314,200,155,0
fixed,1,842,2833935,200,155,0
fixed,1,843,2873355,200,155,0
fixed,1,844,2820794,200,155,0
fixed,1,845,3021326,200,155,0
fixed,1,846,3228058,200,155,0
fixed,1,847,2901315,200,155,0
fixed,1,848,2786094,200,155,0
fixed,1,849,3160187,200,155,0
fixed,1,850,2846355,200,155,0
fixed,1,851,2861995,200,155,0
fixed,1,852,3011626,200,155,0
fixed,1,853,2795674,200,155,0
fixed,1,854,2864035,200,155,0
fixed,1,855,2859795,200,155,0
fixed,1,856,2910815,200,155,0
fixed,1,857,2967715,200,155,0
fixed,1,858,2886515,200,155,0
fixed,1,859,2853485,200,155,0
fixed,1,860,2846905,200,155,0
fixed,1,861,2900685,200,155,0
fixed,1,862,2927935,200,155,0
fixed,1,863,3183387,200,155,0
fixed,1,864,2751744,200,155,0
fixed,1,865,2831955,200,155,0
fixed,1,866,2865194,200,155,0
fixed,1,867,2836705,200,155,0
fixed,1,868,2880045,200,155,0
fixed,1,869,2815684,200,155,0
fixed,1,870,2757684,200,155,0
fixed,1,871,2942285,200,155,0
fixed,1,872,3026327,200,155,0
fixed,1,873,2976585,200,155,0
fixed,1,874,2961236,200,155,0
fixed,1,875,2889515,200,155,0
fixed,1,876,2789154,200,155,0
fixed,1,877,2943356,200,155,0
fixed,1,878,2788424,200,155,0
fixed,1,879,2886795,200,155,0
fixed,1,880,3102606,200,155,0
fixed,1,881,2882415,200,155,0
fixed,1,882,2862175,200,155,0
fixed,1,883,2798914,200,155,0
fixed,1,884,2794495,200,155,0
fixed,1,885,2836014,200,155,0
fixed,1,886,3129737,200,155,0
fixed,1,887,2890405,200,155,0
fixed,1,888,2869795,200,155,0
fixed,1,889,2802524,200,155,0
fixed,1,890,2804324,200,155,0
fixed,1,891,2800245,200,155,0
fixed,1,892,2833124,200,155,0
fixed,1,893,2939365,200,155,0
fixed,1,894,2851845,200,155,0
fixed,1,895,2862955,200,155,0
fixed,1,896,2859444,200,155,0
fixed,1,897,2976146,200,155,0
fixed,1,898,2914355,200,155,0
fixed,1,899,2889725,200,155,0
fixed,1,900,2844665,200,155,0
fixed,1,901,2833254,200,155,0
fixed,1,902,2812895,200,155,0
fixed,1,903,2837514,200,155,0
fixed,1,904,2867885,200,155,0
fixed,1,905,2859535,200,155,0
fixed,1,906,2830334,200,155,0
fixed,1,907,2851885,200,155,0
fixed,1,908,3092167,200,155,0
fixed,1,909,2847634,200,155,0
fixed,1,910,2798094,200,155,0
fixed,1,911,2829855,200,155,0
fixed,1,912,2831054,200,155,0
fixed,1,913,2832955,200,155,0
fixed,1,914,2840194,200,155,0
fixed,1,915,3132907,200,155,0
fixed,1,916,2829475,200,155,0
fixed,1,917,2804874,200,155,0
fixed,1,918,2880805,200,155,0
fixed,1,919,2836454,200,155,0
fixed,1,920,2829935,200,155,0
fixed,1,921,3188117,200,155,0
fixed,1,922,2853315,200,155,0
fixed,1,923,2872075,200,155,0
fixed,1,924,2825734,200,155,0
fixed,1,925,2846165,200,155,0
fixed,1,926,2833565,200,155,0
fixed,1,927,2832344,200,155,0
fixed,1,928,2787234,200,155,0
fixed,1,929,2783074,200,155,0
fixed,1,930,2812694,200,155,0
fixed,1,931,2789055,200,155,0
fixed,1,932,3101766,200,155,0
fixed,1,933,2871815,200,155,0
fixed,1,934,2814214,200,155,0
fixed,1,935,2863775,200,155,0
fixed,1,936,2858635,200,155,0
fixed,1,937,2861315,200,155,0
fixed,1,938,2800674,200,155,0
fixed,1,939,2914765,200,155,0
fixed,1,940,2805474,200,155,0
fixed,1,941,2802184,200,155,0
fixed,1,942,2921426,200,155,0
fixed,1,943,3172067,200,155,0
fixed,1,944,2851435,200,155,0
fixed,1,945,2893335,200,155,0
fixed,1,946,2816414,200,155,0
fixed,1,947,2819064,200,155,0
fixed,1,948,2775414,200,155,0
fixed,1,949,2859285,200,155,0
fixed,1,950,3253178,200,155,0
fixed,1,951,2833295,200,155,0
fixed,1,952,2892405,200,155,0
fixed,1,953,2882995,200,155,0
fixed,1,954,3022176,200,155,0
fixed,1,955,2932035,200,155,0
fixed,1,956,3134907,200,155,0
fixed,1,957,2837775,200,155,0
fixed,1,958,2891555,200,155,0
fixed,1,959,2843674,200,155,0
fixed,1,960,2873385,200,155,0
fixed,1,961,2850155,200,155,0
fixed,1,962,2849574,200,155,0
fixed,1,963,2750104,200,155,0
fixed,1,964,2782824,200,155,0
fixed,1,965,2808074,200,155,0
fixed,1,966,2880295,200,155,0
fixed,1,967,3126867,200,155,0
fixed,1,968,2741514,200,155,0
fixed,1,969,2800354,200,155,0
fixed,1,970,2778694,200,155,0
fixed,1,971,2844785,200,155,0
fixed,1,972,2769414,200,155,0
fixed,1,973,2736624,200,155,0
fixed,1,974,2809444,200,155,0
fixed,1,975,2820624,200,155,0
fixed,1,976,2912725,200,155,0
fixed,1,977,2958376,200,155,0
fixed,1,978,3418459,200,155,0
fixed,1,979,2866975,200,155,0
fixed,1,980,2878155,200,155,0
fixed,1,981,2807564,200,155,0
fixed,1,982,2834815,200,155,0
fixed,1,983,2810794,200,155,0
fixed,1,984,2806024,200,155,0
fixed,1,985,2825645,200,155,0
fixed,1,986,2847414,200,155,0
fixed,1,987,2893085,200,155,0
fixed,1,988,3148888,200,155,0
fixed,1,989,2913775,200,155,0
fixed,1,990,3179377,200,155,0
fixed,1,991,2794774,200,155,0
fixed,1,992,2766264,200,155,0
fixed,1,993,2816654,200,155,0
fixed,1,994,2786684,200,155,0
fixed,1,995,2766674,200,155,0
fixed,1,996,2811644,200,155,0
fixed,1,997,2782634,200,155,0
fixed,1,998,2788554,200,155,0
fixed,1,999,2835125,200,155,0
fixed,1,1000,2895784,200,155,0
fixed,2,1,3119897,200,155,0
fixed,2,2,5553238,200,155,0
fixed,2,3,3211078,200,155,0
fixed,2,4,3136007,200,155,0
fixed,2,5,4113895,200,155,0
fixed,2,6,3572501,200,155,0
fixed,2,7,3409610,200,155,0
fixed,2,8,2937865,200,155,0
fixed,2,9,3108517,200,155,0
fixed,2,10,3024286,200,155,0
fixed,2,11,2915705,200,155,0
fixed,2,12,3714442,200,155,0
fixed,2,13,5936172,200,155,0
fixed,2,14,3878963,200,155,0
fixed,2,15,3067157,200,155,0
fixed,2,16,3063976,200,155,0
fixed,2,17,3023906,200,155,0
fixed,2,18,2987906,200,155,0
fixed,2,19,3117417,200,155,0
fixed,2,20,3064636,200,155,0
fixed,2,21,4706781,200,155,0
fixed,2,22,3274718,200,155,0
fixed,2,23,6485146,200,155,0
fixed,2,24,3253278,200,155,0
fixed,2,25,3477240,200,155,0
fixed,2,26,3229387,200,155,0
fixed,2,27,4179786,200,155,0
fixed,2,28,4067266,200,155,0
fixed,2,29,3133867,200,155,0
fixed,2,30,3424559,200,155,0
fixed,2,31,3382279,200,155,0
fixed,2,32,3592080,200,155,0
fixed,2,33,3659512,200,155,0
fixed,2,34,3130747,200,155,0
fixed,2,35,3117397,200,155,0
fixed,2,36,6295054,200,155,0
fixed,2,37,3228138,200,155,0
fixed,2,38,3033376,200,155,0
fixed,2,39,3157508,200,155,0
fixed,2,40,3439169,200,155,0
fixed,2,41,3519691,200,155,0
fixed,2,42,3260078,200,155,0
fixed,2,43,3044796,200,155,0
fixed,2,44,3064867,200,155,0
fixed,2,45,3111657,200,155,0
fixed,2,46,3054006,200,155,0
fixed,2,47,3014916,200,155,0
fixed,2,48,3641672,200,155,0
fixed,2,49,3126217,200,155,0
fixed,2,50,3140497,200,155,0
fixed,2,51,3398789,200,155,0
fixed,2,52,3140807,200,155,0
fixed,2,53,3148657,200,155,0
fixed,2,54,3116587,200,155,0
fixed,2,55,3113097,200,155,0
fixed,2,56,3041746,200,155,0
fixed,2,57,3179848,200,155,0
fixed,2,58,3100917,200,155,0
fixed,2,59,3014556,200,155,0
fixed,2,60,3187637,200,155,0
fixed,2,61,3288659,200,155,0
fixed,2,62,3580751,200,155,0
fixed,2,63,3370269,200,155,0
fixed,2,64,3100407,200,155,0
fixed,2,65,3150797,200,155,0
fixed,2,66,3122597,200,155,0
fixed,2,67,3111387,200,155,0
fixed,2,68,3123437,200,155,0
fixed,2,69,3131127,200,155,0
fixed,2,70,3181917,200,155,0
fixed,2,71,3211108,200,155,0
fixed,2,72,3200037,200,155,0
fixed,2,73,3103647,200,155,0
fixed,2,74,4123326,200,155,0
fixed,2,75,3258388,200,155,0
fixed,2,76,3280638,200,155,0
fixed,2,77,3134937,200,155,0
fixed,2,78,3336239,200,155,0
fixed,2,79,3048447,200,155,0
fixed,2,80,2976065,200,155,0
fixed,2,81,3154728,200,155,0
fixed,2,82,3141877,200,155,0
fixed,2,83,3388749,200,155,0
fixed,2,84,3083686,200,155,0
fixed,2,85,3030957,200,155,0
fixed,2,86,2965445,200,155,0
fixed,2,87,3165807,200,155,0
fixed,2,88,3141097,200,155,0
fixed,2,89,3033156,200,155,0
fixed,2,90,3040336,200,155,0
fixed,2,91,3232328,200,155,0
fixed,2,92,3274988,200,155,0
fixed,2,93,3113987,200,155,0
fixed,2,94,3498000,200,155,0
fixed,2,95,3418250,200,155,0
fixed,2,96,3134597,200,155,0
fixed,2,97,3230558,200,155,0
fixed,2,98,3111727,200,155,0
fixed,2,99,3078656,200,155,0
fixed,2,100,2985846,200,155,0
fixed,2,101,3166677,200,155,0
fixed,2,102,3053857,200,155,0
fixed,2,103,3241598,200,155,0
fixed,2,104,3330259,200,155,0
fixed,2,105,3017915,200,155,0
fixed,2,106,3061617,200,155,0
fixed,2,107,3001296,200,155,0
fixed,2,108,2933825,200,155,0
fixed,2,109,2907615,200,155,0
fixed,2,110,2944026,200,155,0
fixed,2,111,3236088,200,155,0
fixed,2,112,3320688,200,155,0
fixed,2,113,3213028,200,155,0
fixed,2,114,3419570,200,155,0
fixed,2,115,3168167,200,155,0
fixed,2,116,3030996,200,155,0
fixed,2,117,3109877,200,155,0
fixed,2,118,3016896,200,155,0
fixed,2,119,2962016,200,155,0
fixed,2,120,2899225,200,155,0
fixed,2,121,2910815,200,155,0
fixed,2,122,2867184,200,155,0
fixed,2,123,3072527,200,155,0
fixed,2,124,3630901,200,155,0
fixed,2,125,3281829,200,155,0
fixed,2,126,3302608,200,155,0
fixed,2,127,3041566,200,155,0
fixed,2,128,3082897,200,155,0
fixed,2,129,3121027,200,155,0
fixed,2,130,3007776,200,155,0
fixed,2,131,3045126,200,155,0
fixed,2,132,2972866,200,155,0
fixed,2,133,2957186,200,155,0
fixed,2,134,3032616,200,155,0
fixed,2,135,3321389,200,155,0
fixed,2,136,3354998,200,155,0
fixed,2,137,3182968,200,155,0
fixed,2,138,2989496,200,155,0
fixed,2,139,2909635,200,155,0
fixed,2,140,2908325,200,155,0
fixed,2,141,2866765,200,155,0
fixed,2,142,2967435,200,155,0
fixed,2,143,2882235,200,155,0
fixed,2,144,2897785,200,155,0
fixed,2,145,3008246,200,155,0
fixed,2,146,3327069,200,155,0
fixed,2,147,3565101,200,155,0
fixed,2,148,3133827,200,155,0
fixed,2,149,2972805,200,155,0
fixed,2,150,3011045,200,155,0
fixed,2,151,2937036,200,155,0
fixed,2,152,2940245,200,155,0
fixed,2,153,3031726,200,155,0
fixed,2,154,3007716,200,155,0
fixed,2,155,3094227,200,155,0
fixed,2,156,3207548,200,155,0
fixed,2,157,2943625,200,155,0
fixed,2,158,3161177,200,155,0
fixed,2,159,2841485,200,155,0
fixed,2,160,2862945,200,155,0
fixed,2,161,2931365,200,155,0
fixed,2,162,2912655,200,155,0
fixed,2,163,2951176,200,155,0
fixed,2,164,2985565,200,155,0
fixed,2,165,2932756,200,155,0
fixed,2,166,3099626,200,155,0
fixed,2,167,3044547,200,155,0
fixed,2,168,3273218,200,155,0
fixed,2,169,3321119,200,155,0
fixed,2,170,2937075,200,155,0
fixed,2,171,2986066,200,155,0
fixed,2,172,2882405,200,155,0
fixed,2,173,2970695,200,155,0
fixed,2,174,2946386,200,155,0
fixed,2,175,2931605,200,155,0
fixed,2,176,2956666,200,155,0
fixed,2,177,3111917,200,155,0
fixed,2,178,3051636,200,155,0
fixed,2,179,3225508,200,155,0
fixed,2,180,3278798,200,155,0
fixed,2,181,2965786,200,155,0
fixed,2,182,2964285,200,155,0
fixed,2,183,2933905,200,155,0
fixed,2,184,2904595,200,155,0
fixed,2,185,2956115,200,155,0
fixed,2,186,2970056,200,155,0
fixed,2,187,2966515,200,155,0
fixed,2,188,3047867,200,155,0
fixed,2,189,3154197,200,155,0
fixed,2,190,2956145,200,155,0
fixed,2,191,3064837,200,155,0
fixed,2,192,3157447,200,155,0
fixed,2,193,2942156,200,155,0
fixed,2,194,2936355,200,155,0
fixed,2,195,2902435,200,155,0
fixed,2,196,2888145,200,155,0
fixed,2,197,2965845,200,155,0
fixed,2,198,2962976,200,155,0
fixed,2,199,3005856,200,155,0
fixed,2,200,3026316,200,155,0
fixed,2,201,3212688,200,155,0
fixed,2,202,3051106,200,155,0
fixed,2,203,3111027,200,155,0
fixed,2,204,3225128,200,155,0
fixed,2,205,3063287,200,155,0
fixed,2,206,2915875,200,155,0
fixed,2,207,3030396,200,155,0
fixed,2,208,2949125,200,155,0
fixed,2,209,2950786,200,155,0
fixed,2,210,2965025,200,155,0
fixed,2,211,3230068,200,155,0
fixed,2,212,2984276,200,155,0
fixed,2,213,2999866,200,155,0
fixed,2,214,3280968,200,155,0
fixed,2,215,3680952,200,155,0
fixed,2,216,3142697,200,155,0
fixed,2,217,3064607,200,155,0
fixed,2,218,3017216,200,155,0
fixed,2,219,3008516,200,155,0
fixed,2,220,2932765,200,155,0
fixed,2,221,3394179,200,155,0
fixed,2,222,3256679,200,155,0
fixed,2,223,3157197,200,155,0
fixed,2,224,3307008,200,155,0
fixed,2,225,2979706,200,155,0
fixed,2,226,2965555,200,155,0
fixed,2,227,2849684,200,155,0
fixed,2,228,2847495,200,155,0
fixed,2,229,2895055,200,155,0
fixed,2,230,2900935,200,155,0
fixed,2,231,2997816,200,155,0
fixed,2,232,3252478,200,155,0
fixed,2,233,3301358,200,155,0
fixed,2,234,3047037,200,155,0
fixed,2,235,3471070,200,155,0
fixed,2,236,3220317,200,155,0
fixed,2,237,3010305,200,155,0
fixed,2,238,3068907,200,155,0
fixed,2,239,3002946,200,155,0
fixed,2,240,2969985,200,155,0
fixed,2,241,2921646,200,155,0
fixed,2,242,3014616,200,155,0
fixed,2,243,3222158,200,155,0
fixed,2,244,3129007,200,155,0
fixed,2,245,3038706,200,155,0
fixed,2,246,3239528,200,155,0
fixed,2,247,3004076,200,155,0
fixed,2,248,3116897,200,155,0
fixed,2,249,2924035,200,155,0
fixed,2,250,2860995,200,155,0
fixed,2,251,2934605,200,155,0
fixed,2,252,3149157,200,155,0
fixed,2,253,3099697,200,155,0
fixed,2,254,3255798,200,155,0
fixed,2,255,3051826,200,155,0
fixed,2,256,4088716,200,155,0
fixed,2,257,3340678,200,155,0
fixed,2,258,3149698,200,155,0
fixed,2,259,3089376,200,155,0
fixed,2,260,3354289,200,155,0
fixed,2,261,3029456,200,155,0
fixed,2,262,2928866,200,155,0
fixed,2,263,2901115,200,155,0
fixed,2,264,2991136,200,155,0
fixed,2,265,3446769,200,155,0
fixed,2,266,3186378,200,155,0
fixed,2,267,3455280,200,155,0
fixed,2,268,2932125,200,155,0
fixed,2,269,2868225,200,155,0
fixed,2,270,3717512,200,155,0
fixed,2,271,3625081,200,155,0
fixed,2,272,2997346,200,155,0
fixed,2,273,2985126,200,155,0
fixed,2,274,3300568,200,155,0
fixed,2,275,3827823,200,155,0
fixed,2,276,3125797,200,155,0
fixed,2,277,3283509,200,155,0
fixed,2,278,3053956,200,155,0
fixed,2,279,3197958,200,155,0
fixed,2,280,3376729,200,155,0
fixed,2,281,2871415,200,155,0
fixed,2,282,2852214,200,155,0
fixed,2,283,3749803,200,155,0
fixed,2,284,4045774,200,155,0
fixed,2,285,3196548,200,155,0
fixed,2,286,3009496,200,155,0
fixed,2,287,2952796,200,155,0
fixed,2,288,3306388,200,155,0
fixed,2,289,3033996,200,155,0
fixed,2,290,3012906,200,155,0
fixed,2,291,3022247,200,155,0
fixed,2,292,3354488,200,155,0
fixed,2,293,3100997,200,155,0
fixed,2,294,3164397,200,155,0
fixed,2,295,3215378,200,155,0
fixed,2,296,3237328,200,155,0
fixed,2,297,2992296,200,155,0
fixed,2,298,3281118,200,155,0
fixed,2,299,2945286,200,155,0
fixed,2,300,3037746,200,155,0
fixed,2,301,2857734,200,155,0
fixed,2,302,2938046,200,155,0
fixed,2,303,2894515,200,155,0
fixed,2,304,4419878,200,155,0
fixed,2,305,2950965,200,155,0
fixed,2,306,3368240,200,155,0
fixed,2,307,2907935,200,155,0
fixed,2,308,3152327,200,155,0
fixed,2,309,3115307,200,155,0
fixed,2,310,3063746,200,155,0
fixed,2,311,2963135,200,155,0
fixed,2,312,3170268,200,155,0
fixed,2,313,2929015,200,155,0
fixed,2,314,2888725,200,155,0
fixed,2,315,3003266,200,155,0
fixed,2,316,3449180,200,155,0
fixed,2,317,2917195,200,155,0
fixed,2,318,3027656,200,155,0
fixed,2,319,2976036,200,155,0
fixed,2,320,3337749,200,155,0
fixed,2,321,3049516,200,155,0
fixed,2,322,3051416,200,155,0
fixed,2,323,3025297,200,155,0
fixed,2,324,2972795,200,155,0
fixed,2,325,3063027,200,155,0
fixed,2,326,2986006,200,155,0
fixed,2,327,2891685,200,155,0
fixed,2,328,3186437,200,155,0
fixed,2,329,2911275,200,155,0
fixed,2,330,2950366,200,155,0
fixed,2,331,3155527,200,155,0
fixed,2,332,2919535,200,155,0
fixed,2,333,2888905,200,155,0
fixed,2,334,2864344,200,155,0
fixed,2,335,2884834,200,155,0
fixed,2,336,2855215,200,155,0
fixed,2,337,2904945,200,155,0
fixed,2,338,2891585,200,155,0
fixed,2,339,3213978,200,155,0
fixed,2,340,2913355,200,155,0
fixed,2,341,2869164,200,155,0
fixed,2,342,3225128,200,155,0
fixed,2,343,2954485,200,155,0
fixed,2,344,2901346,200,155,0
fixed,2,345,3516530,200,155,0
fixed,2,346,2889545,200,155,0
fixed,2,347,2897085,200,155,0
fixed,2,348,2907105,200,155,0
fixed,2,349,3093877,200,155,0
fixed,2,350,3155477,200,155,0
fixed,2,351,3120707,200,155,0
fixed,2,352,3037246,200,155,0
fixed,2,353,3243788,200,155,0
fixed,2,354,2960116,200,155,0
fixed,2,355,2990705,200,155,0
fixed,2,356,2907326,200,155,0
fixed,2,357,2868824,200,155,0
fixed,2,358,2909426,200,155,0
fixed,2,359,2904245,200,155,0
fixed,2,360,2903805,200,155,0
fixed,2,361,3216598,200,155,0
fixed,2,362,2877055,200,155,0
fixed,2,363,2878304,200,155,0
fixed,2,364,3143917,200,155,0
fixed,2,365,2889245,200,155,0
fixed,2,366,2962316,200,155,0
fixed,2,367,2831214,200,155,0
fixed,2,368,2826825,200,155,0
fixed,2,369,2841404,200,155,0
fixed,2,370,2888345,200,155,0
fixed,2,371,3003876,200,155,0
fixed,2,372,3152637,200,155,0
fixed,2,373,2915445,200,155,0
fixed,2,374,2932125,200,155,0
fixed,2,375,3172588,200,155,0
fixed,2,376,2874795,200,155,0
fixed,2,377,2858744,200,155,0
fixed,2,378,2845485,200,155,0
fixed,2,379,2823714,200,155,0
fixed,2,380,2780574,200,155,0
fixed,2,381,2832345,200,155,0
fixed,2,382,3603581,200,155,0
fixed,2,383,3226308,200,155,0
fixed,2,384,2861535,200,155,0
fixed,2,385,2913745,200,155,0
fixed,2,386,3243258,200,155,0
fixed,2,387,3146917,200,155,0
fixed,2,388,2889085,200,155,0
fixed,2,389,3031946,200,155,0
fixed,2,390,3013246,200,155,0
fixed,2,391,2874365,200,155,0
fixed,2,392,2866045,200,155,0
fixed,2,393,2940555,200,155,0
fixed,2,394,3350239,200,155,0
fixed,2,395,3167647,200,155,0
fixed,2,396,2941085,200,155,0
fixed,2,397,3219208,200,155,0
fixed,2,398,2989745,200,155,0
fixed,2,399,2883975,200,155,0
fixed,2,400,2849145,200,155,0
fixed,2,401,2935486,200,155,0
fixed,2,402,2909235,200,155,0
fixed,2,403,3424459,200,155,0
fixed,2,404,3175848,200,155,0
fixed,2,405,3261588,200,155,0
fixed,2,406,3422239,200,155,0
fixed,2,407,2880655,200,155,0
fixed,2,408,3456240,200,155,0
fixed,2,409,2932095,200,155,0
fixed,2,410,2909075,200,155,0
fixed,2,411,4642830,200,155,0
fixed,2,412,3051757,200,155,0
fixed,2,413,3002735,200,155,0
fixed,2,414,2950726,200,155,0
fixed,2,415,3116297,200,155,0
fixed,2,416,2975385,200,155,0
fixed,2,417,2851535,200,155,0
fixed,2,418,2887075,200,155,0
fixed,2,419,3103397,200,155,0
fixed,2,420,2855074,200,155,0
fixed,2,421,2824685,200,155,0
fixed,2,422,2855484,200,155,0
fixed,2,423,2818485,200,155,0
fixed,2,424,2744554,200,155,0
fixed,2,425,2852244,200,155,0
fixed,2,426,2897225,200,155,0
fixed,2,427,3866903,200,155,0
fixed,2,428,3043057,200,155,0
fixed,2,429,3033936,200,155,0
fixed,2,430,3558880,200,155,0
fixed,2,431,3063416,200,155,0
fixed,2,432,3327328,200,155,0
fixed,2,433,2956626,200,155,0
fixed,2,434,2968805,200,155,0
fixed,2,435,2879445,200,155,0
fixed,2,436,2874245,200,155,0
fixed,2,437,2951866,200,155,0
fixed,2,438,3230127,200,155,0
fixed,2,439,2928755,200,155,0
fixed,2,440,2950546,200,155,0
fixed,2,441,3190697,200,155,0
fixed,2,442,2893426,200,155,0
fixed,2,443,2821344,200,155,0
fixed,2,444,2934835,200,155,0
fixed,2,445,2964575,200,155,0
fixed,2,446,2837625,200,155,0
fixed,2,447,2896295,200,155,0
fixed,2,448,3044576,200,155,0
fixed,2,449,2887736,200,155,0
fixed,2,450,2907125,200,155,0
fixed,2,451,2846354,200,155,0
fixed,2,452,3254348,200,155,0
fixed,2,453,2923405,200,155,0
fixed,2,454,2912745,200,155,0
fixed,2,455,2856545,200,155,0
fixed,2,456,2866445,200,155,0
fixed,2,457,2810614,200,155,0
fixed,2,458,2862775,200,155,0
fixed,2,459,2976465,200,155,0
fixed,2,460,3382019,200,155,0
fixed,2,461,2937945,200,155,0
fixed,2,462,2829895,200,155,0
fixed,2,463,3050736,200,155,0
fixed,2,464,2976506,200,155,0
fixed,2,465,2925115,200,155,0
fixed,2,466,2913266,200,155,0
fixed,2,467,2862384,200,155,0
fixed,2,468,2788003,200,155,0
fixed,2,469,2816335,200,155,0
fixed,2,470,2951625,200,155,0
fixed,2,471,3041976,200,155,0
fixed,2,472,2944836,200,155,0
fixed,2,473,2906065,200,155,0
fixed,2,474,2831214,200,155,0
fixed,2,475,3341829,200,155,0
fixed,2,476,2912515,200,155,0
fixed,2,477,2909635,200,155,0
fixed,2,478,2862085,200,155,0
fixed,2,479,2926695,200,155,0
fixed,2,480,2959106,200,155,0
fixed,2,481,3013146,200,155,0
fixed,2,482,3128637,200,155,0
fixed,2,483,3071546,200,155,0
fixed,2,484,2891145,200,155,0
fixed,2,485,2846135,200,155,0
fixed,2,486,3311758,200,155,0
fixed,2,487,2845585,200,155,0
fixed,2,488,2810804,200,155,0
fixed,2,489,2769694,200,155,0
fixed,2,490,2882925,200,155,0
fixed,2,491,2793884,200,155,0
fixed,2,492,2919785,200,155,0
fixed,2,493,3005586,200,155,0
fixed,2,494,3362369,200,155,0
fixed,2,495,2969486,200,155,0
fixed,2,496,7214692,200,155,0
fixed,2,497,3300548,200,155,0
fixed,2,498,3034766,200,155,0
fixed,2,499,2885935,200,155,0
fixed,2,500,2904785,200,155,0
fixed,2,501,2887895,200,155,0
fixed,2,502,3092626,200,155,0
fixed,2,503,3135196,200,155,0
fixed,2,504,2947336,200,155,0
fixed,2,505,2998076,200,155,0
fixed,2,506,2893455,200,155,0
fixed,2,507,3150337,200,155,0
fixed,2,508,2940075,200,155,0
fixed,2,509,2907345,200,155,0
fixed,2,510,2850645,200,155,0
fixed,2,511,2967126,200,155,0
fixed,2,512,2935275,200,155,0
fixed,2,513,3070966,200,155,0
fixed,2,514,3039396,200,155,0
fixed,2,515,2886365,200,155,0
fixed,2,516,2782474,200,155,0
fixed,2,517,2850545,200,155,0
fixed,2,518,3047876,200,155,0
fixed,2,519,2994486,200,155,0
fixed,2,520,2986846,200,155,0
fixed,2,521,3088607,200,155,0
fixed,2,522,2884745,200,155,0
fixed,2,523,3002105,200,155,0
fixed,2,524,3092157,200,155,0
fixed,2,525,3029286,200,155,0
fixed,2,526,3315508,200,155,0
fixed,2,527,3011246,200,155,0
fixed,2,528,2984346,200,155,0
fixed,2,529,3070807,200,155,0
fixed,2,530,2983795,200,155,0
fixed,2,531,2981496,200,155,0
fixed,2,532,2915295,200,155,0
fixed,2,533,3388789,200,155,0
fixed,2,534,2925806,200,155,0
fixed,2,535,3000786,200,155,0
fixed,2,536,3047996,200,155,0
fixed,2,537,3222568,200,155,0
fixed,2,538,4069295,200,155,0
fixed,2,539,5848020,200,155,0
fixed,2,540,3395370,200,155,0
fixed,2,541,2947865,200,155,0
fixed,2,542,2959575,200,155,0
fixed,2,543,2908595,200,155,0
fixed,2,544,2877305,200,155,0
fixed,2,545,3020546,200,155,0
fixed,2,546,3129157,200,155,0
fixed,2,547,2933566,200,155,0
fixed,2,548,2867064,200,155,0
fixed,2,549,2933375,200,155,0
fixed,2,550,3242778,200,155,0
fixed,2,551,2946205,200,155,0
fixed,2,552,2925256,200,155,0
fixed,2,553,2974115,200,155,0
fixed,2,554,2879885,200,155,0
fixed,2,555,2826045,200,155,0
fixed,2,556,2968135,200,155,0
fixed,2,557,3089407,200,155,0
fixed,2,558,2966856,200,155,0
fixed,2,559,2904124,200,155,0
fixed,2,560,2905345,200,155,0
fixed,2,561,2976355,200,155,0
fixed,2,562,3014986,200,155,0
fixed,2,563,2947456,200,155,0
fixed,2,564,2832494,200,155,0
fixed,2,565,2796854,200,155,0
fixed,2,566,2858825,200,155,0
fixed,2,567,2852555,200,155,0
fixed,2,568,3048186,200,155,0
fixed,2,569,3192537,200,155,0
fixed,2,570,2984246,200,155,0
fixed,2,571,3146057,200,155,0
fixed,2,572,3332919,200,155,0
fixed,2,573,3194078,200,155,0
fixed,2,574,3007266,200,155,0
fixed,2,575,2963315,200,155,0
fixed,2,576,2897905,200,155,0
fixed,2,577,2960086,200,155,0
fixed,2,578,2973875,200,155,0
fixed,2,579,2977076,200,155,0
fixed,2,580,2921155,200,155,0
fixed,2,581,2849485,200,155,0
fixed,2,582,2926685,200,155,0
fixed,2,583,2996066,200,155,0
fixed,2,584,3134217,200,155,0
fixed,2,585,2932865,200,155,0
fixed,2,586,2830295,200,155,0
fixed,2,587,2802044,200,155,0
fixed,2,588,2812924,200,155,0
fixed,2,589,2858965,200,155,0
fixed,2,590,2897685,200,155,0
fixed,2,591,3269928,200,155,0
fixed,2,592,2891265,200,155,0
fixed,2,593,2859925,200,155,0
fixed,2,594,2895055,200,155,0
fixed,2,595,3174877,200,155,0
fixed,2,596,2852145,200,155,0
fixed,2,597,2881855,200,155,0
fixed,2,598,2835804,200,155,0
fixed,2,599,2941866,200,155,0
fixed,2,600,3211057,200,155,0
fixed,2,601,3055807,200,155,0
fixed,2,602,3275348,200,155,0
fixed,2,603,2859765,200,155,0
fixed,2,604,2917965,200,155,0
fixed,2,605,2832704,200,155,0
fixed,2,606,3208818,200,155,0
fixed,2,607,2918635,200,155,0
fixed,2,608,2798844,200,155,0
fixed,2,609,2785284,200,155,0
fixed,2,610,2744174,200,155,0
fixed,2,611,2813814,200,155,0
fixed,2,612,2879435,200,155,0
fixed,2,613,2959936,200,155,0
fixed,2,614,2881175,200,155,0
fixed,2,615,2819984,200,155,0
fixed,2,616,2759024,200,155,0
fixed,2,617,2856144,200,155,0
fixed,2,618,3174158,200,155,0
fixed,2,619,2832674,200,155,0
fixed,2,620,2847705,200,155,0
fixed,2,621,2839594,200,155,0
fixed,2,622,2808805,200,155,0
fixed,2,623,2988945,200,155,0
fixed,2,624,2923175,200,155,0
fixed,2,625,3436379,200,155,0
fixed,2,626,2996696,200,155,0
fixed,2,627,2900475,200,155,0
fixed,2,628,2983266,200,155,0
fixed,2,629,3201168,200,155,0
fixed,2,630,2944405,200,155,0
fixed,2,631,2880975,200,155,0
fixed,2,632,2933765,200,155,0
fixed,2,633,2909905,200,155,0
fixed,2,634,3001796,200,155,0
fixed,2,635,2956266,200,155,0
fixed,2,636,3371669,200,155,0
fixed,2,637,2982026,200,155,0
fixed,2,638,2893934,200,155,0
fixed,2,639,2827724,200,155,0
fixed,2,640,3207028,200,155,0
fixed,2,641,2850654,200,155,0
fixed,2,642,2772344,200,155,0
fixed,2,643,2902355,200,155,0
fixed,2,644,2833085,200,155,0
fixed,2,645,2872244,200,155,0
fixed,2,646,2919686,200,155,0
fixed,2,647,2936305,200,155,0
fixed,2,648,2822824,200,155,0
fixed,2,649,2777664,200,155,0
fixed,2,650,2807925,200,155,0
fixed,2,651,2909215,200,155,0
fixed,2,652,3172407,200,155,0
fixed,2,653,2850785,200,155,0
fixed,2,654,2827944,200,155,0
fixed,2,655,2813884,200,155,0
fixed,2,656,2870195,200,155,0
fixed,2,657,3110167,200,155,0
fixed,2,658,4311367,200,155,0
fixed,2,659,3050087,200,155,0
fixed,2,660,2961095,200,155,0
fixed,2,661,3042546,200,155,0
fixed,2,662,3044157,200,155,0
fixed,2,663,3085316,200,155,0
fixed,2,664,2895185,200,155,0
fixed,2,665,2866235,200,155,0
fixed,2,666,2815804,200,155,0
fixed,2,667,2842115,200,155,0
fixed,2,668,3121417,200,155,0
fixed,2,669,3378679,200,155,0
fixed,2,670,3032686,200,155,0
fixed,2,671,2916625,200,155,0
fixed,2,672,2835145,200,155,0
fixed,2,673,2841684,200,155,0
fixed,2,674,3149337,200,155,0
fixed,2,675,2792994,200,155,0
fixed,2,676,2765673,200,155,0
fixed,2,677,2766434,200,155,0
fixed,2,678,2779324,200,155,0
fixed,2,679,3061597,200,155,0
fixed,2,680,2966135,200,155,0
fixed,2,681,3342209,200,155,0
fixed,2,682,3256868,200,155,0
fixed,2,683,3075857,200,155,0
fixed,2,684,3101997,200,155,0
fixed,2,685,3263128,200,155,0
fixed,2,686,2926285,200,155,0
fixed,2,687,2940725,200,155,0
fixed,2,688,2909065,200,155,0
fixed,2,689,2976326,200,155,0
fixed,2,690,3008016,200,155,0
fixed,2,691,3102137,200,155,0
fixed,2,692,2846785,200,155,0
fixed,2,693,2803734,200,155,0
fixed,2,694,2893975,200,155,0
fixed,2,695,2961365,200,155,0
fixed,2,696,3294969,200,155,0
fixed,2,697,2945655,200,155,0
fixed,2,698,2910155,200,155,0
fixed,2,699,2874425,200,155,0
fixed,2,700,2894435,200,155,0
fixed,2,701,2923435,200,155,0
fixed,2,702,3006056,200,155,0
fixed,2,703,3249568,200,155,0
fixed,2,704,2940526,200,155,0
fixed,2,705,2956265,200,155,0
fixed,2,706,2925835,200,155,0
fixed,2,707,3245338,200,155,0
fixed,2,708,2918076,200,155,0
fixed,2,709,2870144,200,155,0
fixed,2,710,2844665,200,155,0
fixed,2,711,2801954,200,155,0
fixed,2,712,2936475,200,155,0
fixed,2,713,2955626,200,155,0
fixed,2,714,3291788,200,155,0
fixed,2,715,2958946,200,155,0
fixed,2,716,2888765,200,155,0
fixed,2,717,2870245,200,155,0
fixed,2,718,3047856,200,155,0
fixed,2,719,3059906,200,155,0
fixed,2,720,2932786,200,155,0
fixed,2,721,2919585,200,155,0
fixed,2,722,2888455,200,155,0
fixed,2,723,2937705,200,155,0
fixed,2,724,3033096,200,155,0
fixed,2,725,3026166,200,155,0
fixed,2,726,2940046,200,155,0
fixed,2,727,2940785,200,155,0
fixed,2,728,2880375,200,155,0
fixed,2,729,2944225,200,155,0
fixed,2,730,3178338,200,155,0
fixed,2,731,2946095,200,155,0
fixed,2,732,2901095,200,155,0
fixed,2,733,2823414,200,155,0
fixed,2,734,2826345,200,155,0
fixed,2,735,2935625,200,155,0
fixed,2,736,3111747,200,155,0
fixed,2,737,3059537,200,155,0
fixed,2,738,2881154,200,155,0
fixed,2,739,2938356,200,155,0
fixed,2,740,2895825,200,155,0
fixed,2,741,3634151,200,155,0
fixed,2,742,2913085,200,155,0
fixed,2,743,2961326,200,155,0
fixed,2,744,2898855,200,155,0
fixed,2,745,2915585,200,155,0
fixed,2,746,2966986,200,155,0
fixed,2,747,3010815,200,155,0
fixed,2,748,3021426,200,155,0
fixed,2,749,3064387,200,155,0
fixed,2,750,2920675,200,155,0
fixed,2,751,2890885,200,155,0
fixed,2,752,3225378,200,155,0
fixed,2,753,2961135,200,155,0
fixed,2,754,2871245,200,155,0
fixed,2,755,2866375,200,155,0
fixed,2,756,2932275,200,155,0
fixed,2,757,2989806,200,155,0
fixed,2,758,3111847,200,155,0
fixed,2,759,2948095,200,155,0
fixed,2,760,2930076,200,155,0
fixed,2,761,2837944,200,155,0
fixed,2,762,2825674,200,155,0
fixed,2,763,3092347,200,155,0
fixed,2,764,2948896,200,155,0
fixed,2,765,2911195,200,155,0
fixed,2,766,2865284,200,155,0
fixed,2,767,2900655,200,155,0
fixed,2,768,2964886,200,155,0
fixed,2,769,3022286,200,155,0
fixed,2,770,3183827,200,155,0
fixed,2,771,2962635,200,155,0
fixed,2,772,2877955,200,155,0
fixed,2,773,2864795,200,155,0
fixed,2,774,2933835,200,155,0
fixed,2,775,3094337,200,155,0
fixed,2,776,2870354,200,155,0
fixed,2,777,2896655,200,155,0
fixed,2,778,2844155,200,155,0
fixed,2,779,2905715,200,155,0
fixed,2,780,3199488,200,155,0
fixed,2,781,3208767,200,155,0
fixed,2,782,2920815,200,155,0
fixed,2,783,2861305,200,155,0
fixed,2,784,2847525,200,155,0
fixed,2,785,2889025,200,155,0
fixed,2,786,3234318,200,155,0
fixed,2,787,2960345,200,155,0
fixed,2,788,2938615,200,155,0
fixed,2,789,2837015,200,155,0
fixed,2,790,2843534,200,155,0
fixed,2,791,2963776,200,155,0
fixed,2,792,3043756,200,155,0
fixed,2,793,2913765,200,155,0
fixed,2,794,2910986,200,155,0
fixed,2,795,3046486,200,155,0
fixed,2,796,3308388,200,155,0
fixed,2,797,3377519,200,155,0
fixed,2,798,2947186,200,155,0
fixed,2,799,2922705,200,155,0
fixed,2,800,2824665,200,155,0
fixed,2,801,2895424,200,155,0
fixed,2,802,2939266,200,155,0
fixed,2,803,3106167,200,155,0
fixed,2,804,2920815,200,155,0
fixed,2,805,2856544,200,155,0
fixed,2,806,2875885,200,155,0
fixed,2,807,2930756,200,155,0
fixed,2,808,3210377,200,155,0
fixed,2,809,2805555,200,155,0
fixed,2,810,2793094,200,155,0
fixed,2,811,2746023,200,155,0
fixed,2,812,2815115,200,155,0
fixed,2,813,2822074,200,155,0
fixed,2,814,2833274,200,155,0
fixed,2,815,3142407,200,155,0
fixed,2,816,2849565,200,155,0
fixed,2,817,2915255,200,155,0
fixed,2,818,2797844,200,155,0
fixed,2,819,2899545,200,155,0
fixed,2,820,3177918,200,155,0
fixed,2,821,2848194,200,155,0
fixed,2,822,2850145,200,155,0
fixed,2,823,2823224,200,155,0
fixed,2,824,2876625,200,155,0
fixed,2,825,3001226,200,155,0
fixed,2,826,2929915,200,155,0
fixed,2,827,2952856,200,155,0
fixed,2,828,2991026,200,155,0
fixed,2,829,2912435,200,155,0
fixed,2,830,2858964,200,155,0
fixed,2,831,3145668,200,155,0
fixed,2,832,2833364,200,155,0
fixed,2,833,2840024,200,155,0
fixed,2,834,2839045,200,155,0
fixed,2,835,2747594,200,155,0
fixed,2,836,2837124,200,155,0
fixed,2,837,3091827,200,155,0
fixed,2,838,2944715,200,155,0
fixed,2,839,2865955,200,155,0
fixed,2,840,2882795,200,155,0
fixed,2,841,2832384,200,155,0
fixed,2,842,2879765,200,155,0
fixed,2,843,3166157,200,155,0
fixed,2,844,2858925,200,155,0
fixed,2,845,2856855,200,155,0
fixed,2,846,2811684,200,155,0
fixed,2,847,2854965,200,155,0
fixed,2,848,2871564,200,155,0
fixed,2,849,3121367,200,155,0
fixed,2,850,2919116,200,155,0
fixed,2,851,2862174,200,155,0
fixed,2,852,2806234,200,155,0
fixed,2,853,2839525,200,155,0
fixed,2,854,3239478,200,155,0
fixed,2,855,2875425,200,155,0
fixed,2,856,2906895,200,155,0
fixed,2,857,2852114,200,155,0
fixed,2,858,2918165,200,155,0
fixed,2,859,2906956,200,155,0
fixed,2,860,3228377,200,155,0
fixed,2,861,2848095,200,155,0
fixed,2,862,2899645,200,155,0
fixed,2,863,2903205,200,155,0
fixed,2,864,2928675,200,155,0
fixed,2,865,2949116,200,155,0
fixed,2,866,2987595,200,155,0
fixed,2,867,2872835,200,155,0
fixed,2,868,2767014,200,155,0
fixed,2,869,2911795,200,155,0
fixed,2,870,2914205,200,155,0
fixed,2,871,3175788,200,155,0
fixed,2,872,2879295,200,155,0
fixed,2,873,2892575,200,155,0
fixed,2,874,2818534,200,155,0
fixed,2,875,2769284,200,155,0
fixed,2,876,2801774,200,155,0
fixed,2,877,3145147,200,155,0
fixed,2,878,2857915,200,155,0
fixed,2,879,2795084,200,155,0
fixed,2,880,2768814,200,155,0
fixed,2,881,2835194,200,155,0
fixed,2,882,2954786,200,155,0
fixed,2,883,3146907,200,155,0
fixed,2,884,2868875,200,155,0
fixed,2,885,2881794,200,155,0
fixed,2,886,2865725,200,155,0
fixed,2,887,2833505,200,155,0
fixed,2,888,2815684,200,155,0
fixed,2,889,3027046,200,155,0
fixed,2,890,2802374,200,155,0
fixed,2,891,2803624,200,155,0
fixed,2,892,2868975,200,155,0
fixed,2,893,2934195,200,155,0
fixed,2,894,3038347,200,155,0
fixed,2,895,3050556,200,155,0
fixed,2,896,2838854,200,155,0
fixed,2,897,2770134,200,155,0
fixed,2,898,2772274,200,155,0
fixed,2,899,2777634,200,155,0
fixed,2,900,3123917,200,155,0
fixed,2,901,2889535,200,155,0
fixed,2,902,2789544,200,155,0
fixed,2,903,2758704,200,155,0
fixed,2,904,2816094,200,155,0
fixed,2,905,2911935,200,155,0
fixed,2,906,4215767,200,155,0
fixed,2,907,2896995,200,155,0
fixed,2,908,2815614,200,155,0
fixed,2,909,2795474,200,155,0
fixed,2,910,2783554,200,155,0
fixed,2,911,2736664,200,155,0
fixed,2,912,2729403,200,155,0
fixed,2,913,2743004,200,155,0
fixed,2,914,2756394,200,155,0
fixed,2,915,2818614,200,155,0
fixed,2,916,2822684,200,155,0
fixed,2,917,3284029,200,155,0
fixed,2,918,2894925,200,155,0
fixed,2,919,2820594,200,155,0
fixed,2,920,2813804,200,155,0
fixed,2,921,2776004,200,155,0
fixed,2,922,2840695,200,155,0
fixed,2,923,3048366,200,155,0
fixed,2,924,2797214,200,155,0
fixed,2,925,2838315,200,155,0
fixed,2,926,2893185,200,155,0
fixed,2,927,2932235,200,155,0
fixed,2,928,2910765,200,155,0
fixed,2,929,3151497,200,155,0
fixed,2,930,2883665,200,155,0
fixed,2,931,2804944,200,155,0
fixed,2,932,2814395,200,155,0
fixed,2,933,2762503,200,155,0
fixed,2,934,2754604,200,155,0
fixed,2,935,2792294,200,155,0
fixed,2,936,2789744,200,155,0
fixed,2,937,2764914,200,155,0
fixed,2,938,2820545,200,155,0
fixed,2,939,3013885,200,155,0
fixed,2,940,3266269,200,155,0
fixed,2,941,2911905,200,155,0
fixed,2,942,2812324,200,155,0
fixed,2,943,2755454,200,155,0
fixed,2,944,2772364,200,155,0
fixed,2,945,2790444,200,155,0
fixed,2,946,2852305,200,155,0
fixed,2,947,2910475,200,155,0
fixed,2,948,2776133,200,155,0
fixed,2,949,2756554,200,155,0
fixed,2,950,2813814,200,155,0
fixed,2,951,3154087,200,155,0
fixed,2,952,3048196,200,155,0
fixed,2,953,2910635,200,155,0
fixed,2,954,2864115,200,155,0
fixed,2,955,2863815,200,155,0
fixed,2,956,2818884,200,155,0
fixed,2,957,2811554,200,155,0
fixed,2,958,3119347,200,155,0
fixed,2,959,2928115,200,155,0
fixed,2,960,2817445,200,155,0
fixed,2,961,2980555,200,155,0
fixed,2,962,2956506,200,155,0
fixed,2,963,3082476,200,155,0
fixed,2,964,3022306,200,155,0
fixed,2,965,2901326,200,155,0
fixed,2,966,2851674,200,155,0
fixed,2,967,2818434,200,155,0
fixed,2,968,2782935,200,155,0
fixed,2,969,2743433,200,155,0
fixed,2,970,2850645,200,155,0
fixed,2,971,2841024,200,155,0
fixed,2,972,2858015,200,155,0
fixed,2,973,2908195,200,155,0
fixed,2,974,2992846,200,155,0
fixed,2,975,3134467,200,155,0
fixed,2,976,3046456,200,155,0
fixed,2,977,2833775,200,155,0
fixed,2,978,2797034,200,155,0
fixed,2,979,2748843,200,155,0
fixed,2,980,2801195,200,155,0
fixed,2,981,2766213,200,155,0
fixed,2,982,2761404,200,155,0
fixed,2,983,2743114,200,155,0
fixed,2,984,2811084,200,155,0
fixed,2,985,2843635,200,155,0
fixed,2,986,3223047,200,155,0
fixed,2,987,2953496,200,155,0
fixed,2,988,2940905,200,155,0
fixed,2,989,2903195,200,155,0
fixed,2,990,2968516,200,155,0
fixed,2,991,2929645,200,155,0
fixed,2,992,3118857,200,155,0
fixed,2,993,2780354,200,155,0
fixed,2,994,2865265,200,155,0
fixed,2,995,2777034,200,155,0
fixed,2,996,2943105,200,155,0
fixed,2,997,2945566,200,155,0
fixed,2,998,3242308,200,155,0
fixed,2,999,2801634,200,155,0
fixed,2,1000,2823284,200,155,0
fixed,3,1,3124297,200,155,0
fixed,3,2,3052826,200,155,0
fixed,3,3,3186398,200,155,0
fixed,3,4,3107396,200,155,0
fixed,3,5,3080537,200,155,0
fixed,3,6,3094086,200,155,0
fixed,3,7,2962775,200,155,0
fixed,3,8,3001316,200,155,0
fixed,3,9,3178057,200,155,0
fixed,3,10,3151087,200,155,0
fixed,3,11,3221758,200,155,0
fixed,3,12,3050246,200,155,0
fixed,3,13,3069326,200,155,0
fixed,3,14,3217408,200,155,0
fixed,3,15,2989695,200,155,0
fixed,3,16,2952226,200,155,0
fixed,3,17,3018956,200,155,0
fixed,3,18,3098936,200,155,0
fixed,3,19,3243178,200,155,0
fixed,3,20,3448389,200,155,0
fixed,3,21,3008016,200,155,0
fixed,3,22,3018056,200,155,0
fixed,3,23,3126297,200,155,0
fixed,3,24,3039556,200,155,0
fixed,3,25,3255778,200,155,0
fixed,3,26,3025725,200,155,0
fixed,3,27,3018955,200,155,0
fixed,3,28,3050866,200,155,0
fixed,3,29,3163708,200,155,0
fixed,3,30,3217447,200,155,0
fixed,3,31,3389439,200,155,0
fixed,3,32,3289028,200,155,0
fixed,3,33,2980296,200,155,0
fixed,3,34,3029626,200,155,0
fixed,3,35,2984965,200,155,0
fixed,3,36,3067307,200,155,0
fixed,3,37,2901124,200,155,0
fixed,3,38,2910755,200,155,0
fixed,3,39,2899705,200,155,0
fixed,3,40,3009316,200,155,0
fixed,3,41,2991446,200,155,0
fixed,3,42,3252997,200,155,0
fixed,3,43,2980896,200,155,0
fixed,3,44,2916795,200,155,0
fixed,3,45,3026566,200,155,0
fixed,3,46,3028706,200,155,0
fixed,3,47,3144307,200,155,0
fixed,3,48,3021986,200,155,0
fixed,3,49,2966645,200,155,0
fixed,3,50,2880745,200,155,0
fixed,3,51,3045366,200,155,0
fixed,3,52,2970605,200,155,0
fixed,3,53,3267508,200,155,0
fixed,3,54,3038676,200,155,0
fixed,3,55,2871185,200,155,0
fixed,3,56,2924745,200,155,0
fixed,3,57,3082566,200,155,0
fixed,3,58,3106957,200,155,0
fixed,3,59,2966615,200,155,0
fixed,3,60,2924185,200,155,0
fixed,3,61,2855735,200,155,0
fixed,3,62,3004515,200,155,0
fixed,3,63,3027266,200,155,0
fixed,3,64,3170737,200,155,0
fixed,3,65,2923405,200,155,0
fixed,3,66,2996266,200,155,0
fixed,3,67,3161677,200,155,0
fixed,3,68,2973416,200,155,0
fixed,3,69,3129016,200,155,0
fixed,3,70,3017656,200,155,0
fixed,3,71,2936375,200,155,0
fixed,3,72,2866175,200,155,0
fixed,3,73,3041766,200,155,0
fixed,3,74,3000986,200,155,0
fixed,3,75,3242497,200,155,0
fixed,3,76,2918495,200,155,0
fixed,3,77,2929795,200,155,0
fixed,3,78,3256468,200,155,0
fixed,3,79,3078237,200,155,0
fixed,3,80,3128917,200,155,0
fixed,3,81,3044116,200,155,0
fixed,3,82,2921935,200,155,0
fixed,3,83,2960535,200,155,0
fixed,3,84,3011256,200,155,0
fixed,3,85,3026696,200,155,0
fixed,3,86,3179507,200,155,0
fixed,3,87,2904045,200,155,0
fixed,3,88,3912843,200,155,0
fixed,3,89,2942445,200,155,0
fixed,3,90,2977026,200,155,0
fixed,3,91,3069886,200,155,0
fixed,3,92,2936615,200,155,0
fixed,3,93,2894535,200,155,0
fixed,3,94,2886915,200,155,0
fixed,3,95,2959555,200,155,0
fixed,3,96,3010006,200,155,0
fixed,3,97,3476530,200,155,0
fixed,3,98,2987265,200,155,0
fixed,3,99,2982676,200,155,0
fixed,3,100,2955835,200,155,0
fixed,3,101,2874295,200,155,0
fixed,3,102,3058786,200,155,0
fixed,3,103,2885115,200,155,0
fixed,3,104,3004735,200,155,0
fixed,3,105,2903985,200,155,0
fixed,3,106,3030886,200,155,0
fixed,3,107,2989176,200,155,0
fixed,3,108,3166817,200,155,0
fixed,3,109,2827594,200,155,0
fixed,3,110,2829164,200,155,0
fixed,3,111,3114727,200,155,0
fixed,3,112,3070326,200,155,0
fixed,3,113,3069296,200,155,0
fixed,3,114,2914895,200,155,0
fixed,3,115,2835975,200,155,0
fixed,3,116,2850264,200,155,0
fixed,3,117,2918115,200,155,0
fixed,3,118,2909075,200,155,0
fixed,3,119,3313278,200,155,0
fixed,3,120,2926005,200,155,0
fixed,3,121,2954906,200,155,0
fixed,3,122,2921605,200,155,0
fixed,3,123,2839664,200,155,0
fixed,3,124,2846704,200,155,0
fixed,3,125,2877245,200,155,0
fixed,3,126,2845034,200,155,0
fixed,3,127,2834085,200,155,0
fixed,3,128,2862244,200,155,0
fixed,3,129,2929715,200,155,0
fixed,3,130,3339879,200,155,0
fixed,3,131,2850014,200,155,0
fixed,3,132,2874725,200,155,0
fixed,3,133,2873904,200,155,0
fixed,3,134,2897365,200,155,0
fixed,3,135,2880905,200,155,0
fixed,3,136,3045206,200,155,0
fixed,3,137,3354929,200,155,0
fixed,3,138,2871844,200,155,0
fixed,3,139,3067277,200,155,0
fixed,3,140,2872994,200,155,0
fixed,3,141,2964836,200,155,0
fixed,3,142,3109636,200,155,0
fixed,3,143,3018646,200,155,0
fixed,3,144,2944835,200,155,0
fixed,3,145,2904565,200,155,0
fixed,3,146,2872075,200,155,0
fixed,3,147,3073696,200,155,0
fixed,3,148,2952165,200,155,0
fixed,3,149,2920135,200,155,0
fixed,3,150,2891345,200,155,0
fixed,3,151,2946795,200,155,0
fixed,3,152,2991186,200,155,0
fixed,3,153,3079236,200,155,0
fixed,3,154,2820774,200,155,0
fixed,3,155,2792484,200,155,0
fixed,3,156,2839055,200,155,0
fixed,3,157,2828534,200,155,0
fixed,3,158,3199997,200,155,0
fixed,3,159,2905155,200,155,0
fixed,3,160,2921115,200,155,0
fixed,3,161,2866675,200,155,0
fixed,3,162,3007885,200,155,0
fixed,3,163,2970166,200,155,0
fixed,3,164,3291608,200,155,0
fixed,3,165,2825984,200,155,0
fixed,3,166,2860055,200,155,0
fixed,3,167,2905375,200,155,0
fixed,3,168,2904464,200,155,0
fixed,3,169,2934026,200,155,0
fixed,3,170,2879374,200,155,0
fixed,3,171,2851105,200,155,0
fixed,3,172,2852054,200,155,0
fixed,3,173,2839344,200,155,0
fixed,3,174,2849155,200,155,0
fixed,3,175,3013296,200,155,0
fixed,3,176,3080206,200,155,0
fixed,3,177,2908155,200,155,0
fixed,3,178,2861754,200,155,0
fixed,3,179,2934415,200,155,0
fixed,3,180,2951576,200,155,0
fixed,3,181,2893584,200,155,0
fixed,3,182,2808004,200,155,0
fixed,3,183,2783644,200,155,0
fixed,3,184,2863185,200,155,0
fixed,3,185,2948195,200,155,0
fixed,3,186,2866275,200,155,0
fixed,3,187,3160527,200,155,0
fixed,3,188,2896404,200,155,0
fixed,3,189,2862975,200,155,0
fixed,3,190,2806784,200,155,0
fixed,3,191,2808694,200,155,0
fixed,3,192,2884665,200,155,0
fixed,3,193,2873924,200,155,0
fixed,3,194,2840604,200,155,0
fixed,3,195,2825365,200,155,0
fixed,3,196,2872034,200,155,0
fixed,3,197,2860605,200,155,0
fixed,3,198,2969145,200,155,0
fixed,3,199,3066096,200,155,0
fixed,3,200,2861435,200,155,0
fixed,3,201,2874814,200,155,0
fixed,3,202,2899825,200,155,0
fixed,3,203,3145887,200,155,0
fixed,3,204,3117477,200,155,0
fixed,3,205,2884904,200,155,0
fixed,3,206,2865074,200,155,0
fixed,3,207,2826934,200,155,0
fixed,3,208,3040336,200,155,0
fixed,3,209,3163297,200,155,0
fixed,3,210,2977266,200,155,0
fixed,3,211,2803594,200,155,0
fixed,3,212,2892265,200,155,0
fixed,3,213,2966915,200,155,0
fixed,3,214,2790724,200,155,0
fixed,3,215,2906895,200,155,0
fixed,3,216,6806938,200,155,0
fixed,3,217,3421389,200,155,0
fixed,3,218,3005876,200,155,0
fixed,3,219,3831923,200,155,0
fixed,3,220,3763302,200,155,0
fixed,3,221,2844234,200,155,0
fixed,3,222,3993534,200,155,0
fixed,3,223,2931126,200,155,0
fixed,3,224,2845204,200,155,0
fixed,3,225,3067656,200,155,0
fixed,3,226,2865565,200,155,0
fixed,3,227,2813754,200,155,0
fixed,3,228,2919195,200,155,0
fixed,3,229,2866214,200,155,0
fixed,3,230,3147897,200,155,0
fixed,3,231,2854985,200,155,0
fixed,3,232,3089606,200,155,0
fixed,3,233,2851964,200,155,0
fixed,3,234,2799664,200,155,0
fixed,3,235,7059171,200,155,0
fixed,3,236,3179767,200,155,0
fixed,3,237,2903795,200,155,0
fixed,3,238,3043916,200,155,0
fixed,3,239,3148067,200,155,0
fixed,3,240,2983505,200,155,0
fixed,3,241,2858095,200,155,0
fixed,3,242,2862214,200,155,0
fixed,3,243,2867255,200,155,0
fixed,3,244,3026826,200,155,0
fixed,3,245,2850314,200,155,0
fixed,3,246,2912175,200,155,0
fixed,3,247,2888575,200,155,0
fixed,3,248,2864114,200,155,0
fixed,3,249,2875015,200,155,0
fixed,3,250,3011916,200,155,0
fixed,3,251,3157297,200,155,0
fixed,3,252,2872784,200,155,0
fixed,3,253,2821184,200,155,0
fixed,3,254,3062287,200,155,0
fixed,3,255,2879184,200,155,0
fixed,3,256,4047615,200,155,0
fixed,3,257,3500350,200,155,0
fixed,3,258,3867473,200,155,0
fixed,3,259,2945945,200,155,0
fixed,3,260,3106917,200,155,0
fixed,3,261,3034646,200,155,0
fixed,3,262,3161097,200,155,0
fixed,3,263,2901394,200,155,0
fixed,3,264,3169687,200,155,0
fixed,3,265,2864674,200,155,0
fixed,3,266,3082187,200,155,0
fixed,3,267,2794093,200,155,0
fixed,3,268,3064037,200,155,0
fixed,3,269,2892444,200,155,0
fixed,3,270,4094435,200,155,0
fixed,3,271,4374778,200,155,0
fixed,3,272,3209027,200,155,0
fixed,3,273,2950936,200,155,0
fixed,3,274,3850692,200,155,0
fixed,3,275,3779973,200,155,0
fixed,3,276,3146387,200,155,0
fixed,3,277,2974255,200,155,0
fixed,3,278,3792433,200,155,0
fixed,3,279,2906035,200,155,0
fixed,3,280,2960595,200,155,0
fixed,3,281,3067106,200,155,0
fixed,3,282,3352389,200,155,0
fixed,3,283,3494110,200,155,0
fixed,3,284,4615709,200,155,0
fixed,3,285,3104557,200,155,0
fixed,3,286,2895635,200,155,0
fixed,3,287,3203247,200,155,0
fixed,3,288,4180466,200,155,0
fixed,3,289,2835874,200,155,0
fixed,3,290,2954925,200,155,0
fixed,3,291,3476720,200,155,0
fixed,3,292,3325659,200,155,0
fixed,3,293,3667001,200,155,0
fixed,3,294,3094496,200,155,0
fixed,3,295,2880815,200,155,0
fixed,3,296,2792574,200,155,0
fixed,3,297,2830224,200,155,0
fixed,3,298,2917755,200,155,0
fixed,3,299,2865555,200,155,0
fixed,3,300,2827364,200,155,0
fixed,3,301,3106496,200,155,0
fixed,3,302,3087687,200,155,0
fixed,3,303,3267928,200,155,0
fixed,3,304,2932345,200,155,0
fixed,3,305,2939615,200,155,0
fixed,3,306,2890775,200,155,0
fixed,3,307,2877174,200,155,0
fixed,3,308,3129807,200,155,0
fixed,3,309,3018916,200,155,0
fixed,3,310,3014116,200,155,0
fixed,3,311,2962245,200,155,0
fixed,3,312,3111507,200,155,0
fixed,3,313,3141317,200,155,0
fixed,3,314,3122466,200,155,0
fixed,3,315,2988736,200,155,0
fixed,3,316,2907195,200,155,0
fixed,3,317,2939035,200,155,0
fixed,3,318,2906315,200,155,0
fixed,3,319,2915325,200,155,0
fixed,3,320,3123047,200,155,0
fixed,3,321,2900244,200,155,0
fixed,3,322,2892695,200,155,0
fixed,3,323,2972876,200,155,0
fixed,3,324,2928965,200,155,0
fixed,3,325,3300618,200,155,0
fixed,3,326,3346559,200,155,0
fixed,3,327,2954645,200,155,0
fixed,3,328,3536870,200,155,0
fixed,3,329,2889645,200,155,0
fixed,3,330,3385079,200,155,0
fixed,3,331,2826964,200,155,0
fixed,3,332,2918055,200,155,0
fixed,3,333,2919905,200,155,0
fixed,3,334,3018356,200,155,0
fixed,3,335,3257908,200,155,0
fixed,3,336,3098006,200,155,0
fixed,3,337,3041146,200,155,0
fixed,3,338,3019026,200,155,0
fixed,3,339,2908025,200,155,0
fixed,3,340,2906945,200,155,0
fixed,3,341,2878114,200,155,0
fixed,3,342,2876605,200,155,0
fixed,3,343,2827884,200,155,0
fixed,3,344,2828014,200,155,0
fixed,3,345,2908485,200,155,0
fixed,3,346,3051356,200,155,0
fixed,3,347,3174868,200,155,0
fixed,3,348,2917235,200,155,0
fixed,3,349,2877964,200,155,0
fixed,3,350,3951234,200,155,0
fixed,3,351,2905845,200,155,0
fixed,3,352,2901875,200,155,0
fixed,3,353,3197567,200,155,0
fixed,3,354,2896845,200,155,0
fixed,3,355,2905715,200,155,0
fixed,3,356,2941135,200,155,0
fixed,3,357,2937105,200,155,0
fixed,3,358,3147937,200,155,0
fixed,3,359,2974975,200,155,0
fixed,3,360,2978296,200,155,0
fixed,3,361,2899815,200,155,0
fixed,3,362,2835334,200,155,0
fixed,3,363,2883945,200,155,0
fixed,3,364,2834204,200,155,0
fixed,3,365,2879575,200,155,0
fixed,3,366,2871034,200,155,0
fixed,3,367,2920715,200,155,0
fixed,3,368,3103627,200,155,0
fixed,3,369,3339708,200,155,0
fixed,3,370,2915485,200,155,0
fixed,3,371,2984166,200,155,0
fixed,3,372,5466677,200,155,0
fixed,3,373,2976475,200,155,0
fixed,3,374,3523520,200,155,0
fixed,3,375,2844075,200,155,0
fixed,3,376,2815144,200,155,0
fixed,3,377,2973685,200,155,0
fixed,3,378,2908095,200,155,0
fixed,3,379,3136747,200,155,0
fixed,3,380,2846684,200,155,0
fixed,3,381,2867405,200,155,0
fixed,3,382,2833524,200,155,0
fixed,3,383,2829424,200,155,0
fixed,3,384,2914925,200,155,0
fixed,3,385,2962985,200,155,0
fixed,3,386,3014966,200,155,0
fixed,3,387,3161267,200,155,0
fixed,3,388,2867435,200,155,0
fixed,3,389,5347746,200,155,0
fixed,3,390,3174727,200,155,0
fixed,3,391,2963685,200,155,0
fixed,3,392,2999856,200,155,0
fixed,3,393,3333728,200,155,0
fixed,3,394,2932755,200,155,0
fixed,3,395,2862985,200,155,0
fixed,3,396,2876134,200,155,0
fixed,3,397,3257318,200,155,0
fixed,3,398,2850565,200,155,0
fixed,3,399,2986525,200,155,0
fixed,3,400,3074527,200,155,0
fixed,3,401,4427277,200,155,0
fixed,3,402,3544351,200,155,0
fixed,3,403,2951725,200,155,0
fixed,3,404,2914275,200,155,0
fixed,3,405,4112545,200,155,0
fixed,3,406,2878785,200,155,0
fixed,3,407,2902945,200,155,0
fixed,3,408,3145627,200,155,0
fixed,3,409,2978905,200,155,0
fixed,3,410,2990216,200,155,0
fixed,3,411,7792766,200,155,0
fixed,3,412,3458340,200,155,0
fixed,3,413,2982525,200,155,0
fixed,3,414,2961216,200,155,0
fixed,3,415,3041456,200,155,0
fixed,3,416,2924035,200,155,0
fixed,3,417,2924585,200,155,0
fixed,3,418,2939255,200,155,0
fixed,3,419,2924995,200,155,0
fixed,3,420,2955445,200,155,0
fixed,3,421,3175437,200,155,0
fixed,3,422,3013436,200,155,0
fixed,3,423,2945825,200,155,0
fixed,3,424,2866945,200,155,0
fixed,3,425,2875465,200,155,0
fixed,3,426,2831564,200,155,0
fixed,3,427,2870154,200,155,0
fixed,3,428,2890375,200,155,0
fixed,3,429,2951795,200,155,0
fixed,3,430,4081465,200,155,0
fixed,3,431,4060265,200,155,0
fixed,3,432,5814610,200,155,0
fixed,3,433,3079596,200,155,0
fixed,3,434,2989026,200,155,0
fixed,3,435,2948205,200,155,0
fixed,3,436,2856664,200,155,0
fixed,3,437,2825305,200,155,0
fixed,3,438,2904204,200,155,0
fixed,3,439,2829765,200,155,0
fixed,3,440,3003595,200,155,0
fixed,3,441,3017226,200,155,0
fixed,3,442,2884355,200,155,0
fixed,3,443,2880425,200,155,0
fixed,3,444,2796083,200,155,0
fixed,3,445,2763424,200,155,0
fixed,3,446,2795294,200,155,0
fixed,3,447,2880245,200,155,0
fixed,3,448,3125776,200,155,0
fixed,3,449,2822325,200,155,0
fixed,3,450,2944095,200,155,0
fixed,3,451,2991515,200,155,0
fixed,3,452,2869965,200,155,0
fixed,3,453,2934035,200,155,0
fixed,3,454,3133787,200,155,0
fixed,3,455,2842964,200,155,0
fixed,3,456,2874405,200,155,0
fixed,3,457,2819004,200,155,0
fixed,3,458,2787544,200,155,0
fixed,3,459,2783834,200,155,0
fixed,3,460,2842894,200,155,0
fixed,3,461,2857124,200,155,0
fixed,3,462,3146537,200,155,0
fixed,3,463,3116927,200,155,0
fixed,3,464,3193807,200,155,0
fixed,3,465,2846315,200,155,0
fixed,3,466,2953625,200,155,0
fixed,3,467,2765753,200,155,0
fixed,3,468,2861955,200,155,0
fixed,3,469,2882085,200,155,0
fixed,3,470,2893564,200,155,0
fixed,3,471,2938185,200,155,0
fixed,3,472,2844854,200,155,0
fixed,3,473,2943705,200,155,0
fixed,3,474,2951325,200,155,0
fixed,3,475,3247398,200,155,0
fixed,3,476,2862125,200,155,0
fixed,3,477,2847514,200,155,0
fixed,3,478,2859865,200,155,0
fixed,3,479,2902114,200,155,0
fixed,3,480,2789674,200,155,0
fixed,3,481,2821804,200,155,0
fixed,3,482,3178788,200,155,0
fixed,3,483,2963355,200,155,0
fixed,3,484,2831404,200,155,0
fixed,3,485,2813034,200,155,0
fixed,3,486,2922255,200,155,0
fixed,3,487,3007006,200,155,0
fixed,3,488,3179377,200,155,0
fixed,3,489,2807014,200,155,0
fixed,3,490,2799324,200,155,0
fixed,3,491,2748664,200,155,0
fixed,3,492,2866744,200,155,0
fixed,3,493,2735804,200,155,0
fixed,3,494,2821394,200,155,0
fixed,3,495,2854564,200,155,0
fixed,3,496,3928924,200,155,0
fixed,3,497,3266438,200,155,0
fixed,3,498,3172687,200,155,0
fixed,3,499,3005286,200,155,0
fixed,3,500,2914855,200,155,0
fixed,3,501,2950555,200,155,0
fixed,3,502,2940595,200,155,0
fixed,3,503,2864084,200,155,0
fixed,3,504,2899215,200,155,0
fixed,3,505,2790034,200,155,0
fixed,3,506,2818364,200,155,0
fixed,3,507,3071166,200,155,0
fixed,3,508,2939686,200,155,0
fixed,3,509,3336178,200,155,0
fixed,3,510,2879895,200,155,0
fixed,3,511,2926695,200,155,0
fixed,3,512,2960005,200,155,0
fixed,3,513,2813824,200,155,0
fixed,3,514,2809244,200,155,0
fixed,3,515,2875175,200,155,0
fixed,3,516,3265708,200,155,0
fixed,3,517,2840354,200,155,0
fixed,3,518,2891945,200,155,0
fixed,3,519,2874694,200,155,0
fixed,3,520,2940375,200,155,0
fixed,3,521,3765722,200,155,0
fixed,3,522,6259443,200,155,0
fixed,3,523,3093487,200,155,0
fixed,3,524,2999265,200,155,0
fixed,3,525,3035546,200,155,0
fixed,3,526,3059177,200,155,0
fixed,3,527,2958145,200,155,0
fixed,3,528,3139817,200,155,0
fixed,3,529,2955775,200,155,0
fixed,3,530,2882985,200,155,0
fixed,3,531,2935465,200,155,0
fixed,3,532,3601021,200,155,0
fixed,3,533,3028215,200,155,0
fixed,3,534,3041267,200,155,0
fixed,3,535,2986735,200,155,0
fixed,3,536,3650321,200,155,0
fixed,3,537,3040606,200,155,0
fixed,3,538,7033740,200,155,0
fixed,3,539,3604111,200,155,0
fixed,3,540,4716421,200,155,0
fixed,3,541,2932885,200,155,0
fixed,3,542,2778963,200,155,0
fixed,3,543,2793454,200,155,0
fixed,3,544,2765224,200,155,0
fixed,3,545,2880475,200,155,0
fixed,3,546,3059186,200,155,0
fixed,3,547,2889954,200,155,0
fixed,3,548,2851835,200,155,0
fixed,3,549,2875154,200,155,0
fixed,3,550,2846645,200,155,0
fixed,3,551,2945105,200,155,0
fixed,3,552,2917425,200,155,0
fixed,3,553,2823744,200,155,0
fixed,3,554,2799204,200,155,0
fixed,3,555,2791204,200,155,0
fixed,3,556,2803094,200,155,0
fixed,3,557,3033486,200,155,0
fixed,3,558,2837944,200,155,0
fixed,3,559,2789684,200,155,0
fixed,3,560,2873484,200,155,0
fixed,3,561,2850674,200,155,0
fixed,3,562,2829094,200,155,0
fixed,3,563,4223496,200,155,0
fixed,3,564,2854225,200,155,0
fixed,3,565,2750053,200,155,0
fixed,3,566,2748064,200,155,0
fixed,3,567,2832214,200,155,0
fixed,3,568,2933945,200,155,0
fixed,3,569,2803754,200,155,0
fixed,3,570,2761154,200,155,0
fixed,3,571,2761953,200,155,0
fixed,3,572,7256412,200,155,0
fixed,3,573,4341317,200,155,0
fixed,3,574,3095857,200,155,0
fixed,3,575,2972345,200,155,0
fixed,3,576,2777994,200,155,0
fixed,3,577,2813334,200,155,0
fixed,3,578,3060836,200,155,0
fixed,3,579,2834435,200,155,0
fixed,3,580,2917205,200,155,0
fixed,3,581,2926074,200,155,0
fixed,3,582,2874884,200,155,0
fixed,3,583,2961875,200,155,0
fixed,3,584,3149917,200,155,0
fixed,3,585,2829085,200,155,0
fixed,3,586,2879224,200,155,0
fixed,3,587,2841515,200,155,0
fixed,3,588,2928355,200,155,0
fixed,3,589,3060486,200,155,0
fixed,3,590,2850644,200,155,0
fixed,3,591,2857565,200,155,0
fixed,3,592,2991355,200,155,0
fixed,3,593,2966386,200,155,0
fixed,3,594,2967805,200,155,0
fixed,3,595,3079216,200,155,0
fixed,3,596,2924175,200,155,0
fixed,3,597,2790414,200,155,0
fixed,3,598,3032556,200,155,0
fixed,3,599,2817164,200,155,0
fixed,3,600,3562161,200,155,0
fixed,3,601,2848454,200,155,0
fixed,3,602,2768704,200,155,0
fixed,3,603,2857814,200,155,0
fixed,3,604,2934155,200,155,0
fixed,3,605,2872395,200,155,0
fixed,3,606,2990905,200,155,0
fixed,3,607,3002936,200,155,0
fixed,3,608,2790274,200,155,0
fixed,3,609,2824154,200,155,0
fixed,3,610,2938025,200,155,0
fixed,3,611,2904745,200,155,0
fixed,3,612,2980086,200,155,0
fixed,3,613,2852944,200,155,0
fixed,3,614,2808984,200,155,0
fixed,3,615,2893295,200,155,0
fixed,3,616,2873354,200,155,0
fixed,3,617,2931055,200,155,0
fixed,3,618,3160727,200,155,0
fixed,3,619,2844185,200,155,0
fixed,3,620,2836124,200,155,0
fixed,3,621,2775784,200,155,0
fixed,3,622,2794794,200,155,0
fixed,3,623,2952125,200,155,0
fixed,3,624,2829094,200,155,0
fixed,3,625,3099457,200,155,0
fixed,3,626,2870424,200,155,0
fixed,3,627,3023876,200,155,0
fixed,3,628,2849134,200,155,0
fixed,3,629,3101677,200,155,0
fixed,3,630,3103026,200,155,0
fixed,3,631,2924824,200,155,0
fixed,3,632,2821255,200,155,0
fixed,3,633,2930275,200,155,0
fixed,3,634,2900354,200,155,0
fixed,3,635,2947546,200,155,0
fixed,3,636,2860164,200,155,0
fixed,3,637,2836364,200,155,0
fixed,3,638,2823525,200,155,0
fixed,3,639,2898514,200,155,0
fixed,3,640,2969286,200,155,0
fixed,3,641,3172427,200,155,0
fixed,3,642,2870054,200,155,0
fixed,3,643,2810965,200,155,0
fixed,3,644,2771093,200,155,0
fixed,3,645,2853345,200,155,0
fixed,3,646,2964555,200,155,0
fixed,3,647,2843744,200,155,0
fixed,3,648,2805434,200,155,0
fixed,3,649,2859425,200,155,0
fixed,3,650,2892404,200,155,0
fixed,3,651,2812624,200,155,0
fixed,3,652,3100196,200,155,0
fixed,3,653,2902385,200,155,0
fixed,3,654,2847974,200,155,0
fixed,3,655,3473110,200,155,0
fixed,3,656,2868124,200,155,0
fixed,3,657,2976416,200,155,0
fixed,3,658,6803578,200,155,0
fixed,3,659,3060506,200,155,0
fixed,3,660,3039756,200,155,0
fixed,3,661,2968576,200,155,0
fixed,3,662,3078506,200,155,0
fixed,3,663,2970175,200,155,0
fixed,3,664,2954236,200,155,0
fixed,3,665,2873644,200,155,0
fixed,3,666,2832964,200,155,0
fixed,3,667,3137077,200,155,0
fixed,3,668,2986006,200,155,0
fixed,3,669,2868435,200,155,0
fixed,3,670,2828164,200,155,0
fixed,3,671,2817944,200,155,0
fixed,3,672,2863934,200,155,0
fixed,3,673,3050986,200,155,0
fixed,3,674,3113887,200,155,0
fixed,3,675,3047466,200,155,0
fixed,3,676,2927025,200,155,0
fixed,3,677,2880935,200,155,0
fixed,3,678,2946215,200,155,0
fixed,3,679,3211847,200,155,0
fixed,3,680,3098627,200,155,0
fixed,3,681,2904605,200,155,0
fixed,3,682,3689281,200,155,0
fixed,3,683,2948725,200,155,0
fixed,3,684,3089277,200,155,0
fixed,3,685,2942305,200,155,0
fixed,3,686,3094236,200,155,0
fixed,3,687,2919465,200,155,0
fixed,3,688,2883415,200,155,0
fixed,3,689,2818534,200,155,0
fixed,3,690,3307939,200,155,0
fixed,3,691,2902584,200,155,0
fixed,3,692,2870855,200,155,0
fixed,3,693,2831364,200,155,0
fixed,3,694,2875675,200,155,0
fixed,3,695,3017745,200,155,0
fixed,3,696,2861095,200,155,0
fixed,3,697,3039966,200,155,0
fixed,3,698,2866675,200,155,0
fixed,3,699,2906614,200,155,0
fixed,3,700,2991106,200,155,0
fixed,3,701,2956365,200,155,0
fixed,3,702,3191118,200,155,0
fixed,3,703,2876244,200,155,0
fixed,3,704,2972266,200,155,0
fixed,3,705,2905254,200,155,0
fixed,3,706,3053707,200,155,0
fixed,3,707,3032506,200,155,0
fixed,3,708,2923055,200,155,0
fixed,3,709,2920625,200,155,0
fixed,3,710,2862114,200,155,0
fixed,3,711,2860985,200,155,0
fixed,3,712,2926744,200,155,0
fixed,3,713,3051077,200,155,0
fixed,3,714,2870214,200,155,0
fixed,3,715,2853845,200,155,0
fixed,3,716,2998365,200,155,0
fixed,3,717,2841875,200,155,0
fixed,3,718,3051626,200,155,0
fixed,3,719,2798824,200,155,0
fixed,3,720,2860354,200,155,0
fixed,3,721,2865005,200,155,0
fixed,3,722,2768623,200,155,0
fixed,3,723,2877715,200,155,0
fixed,3,724,3202077,200,155,0
fixed,3,725,2862325,200,155,0
fixed,3,726,2964615,200,155,0
fixed,3,727,2975476,200,155,0
fixed,3,728,2879784,200,155,0
fixed,3,729,3012326,200,155,0
fixed,3,730,3013266,200,155,0
fixed,3,731,2963095,200,155,0
fixed,3,732,2746043,200,155,0
fixed,3,733,2763354,200,155,0
fixed,3,734,2744914,200,155,0
fixed,3,735,2918165,200,155,0
fixed,3,736,3147327,200,155,0
fixed,3,737,2869884,200,155,0
fixed,3,738,2910765,200,155,0
fixed,3,739,2862164,200,155,0
fixed,3,740,2867505,200,155,0
fixed,3,741,3053746,200,155,0
fixed,3,742,2977736,200,155,0
fixed,3,743,2892244,200,155,0
fixed,3,744,2784034,200,155,0
fixed,3,745,2772804,200,155,0
fixed,3,746,2803914,200,155,0
fixed,3,747,3152017,200,155,0
fixed,3,748,2818764,200,155,0
fixed,3,749,2799444,200,155,0
fixed,3,750,2824604,200,155,0
fixed,3,751,2826604,200,155,0
fixed,3,752,2964846,200,155,0
fixed,3,753,3066206,200,155,0
fixed,3,754,2998605,200,155,0
fixed,3,755,2962916,200,155,0
fixed,3,756,2770974,200,155,0
fixed,3,757,2794993,200,155,0
fixed,3,758,3081817,200,155,0
fixed,3,759,5172494,200,155,0
fixed,3,760,2757444,200,155,0
fixed,3,761,2865184,200,155,0
fixed,3,762,2817334,200,155,0
fixed,3,763,3016356,200,155,0
fixed,3,764,2787504,200,155,0
fixed,3,765,2924045,200,155,0
fixed,3,766,2811274,200,155,0
fixed,3,767,2776904,200,155,0
fixed,3,768,2860744,200,155,0
fixed,3,769,3008556,200,155,0
fixed,3,770,3109686,200,155,0
fixed,3,771,2845185,200,155,0
fixed,3,772,2844104,200,155,0
fixed,3,773,2794064,200,155,0
fixed,3,774,2871985,200,155,0
fixed,3,775,3060586,200,155,0
fixed,3,776,2877914,200,155,0
fixed,3,777,2955426,200,155,0
fixed,3,778,2953845,200,155,0
fixed,3,779,2758843,200,155,0
fixed,3,780,2848335,200,155,0
fixed,3,781,3122717,200,155,0
fixed,3,782,2839844,200,155,0
fixed,3,783,2848174,200,155,0
fixed,3,784,2813824,200,155,0
fixed,3,785,2764414,200,155,0
fixed,3,786,2957775,200,155,0
fixed,3,787,2834975,200,155,0
fixed,3,788,2898584,200,155,0
fixed,3,789,2945066,200,155,0
fixed,3,790,2906894,200,155,0
fixed,3,791,2881255,200,155,0
fixed,3,792,3161247,200,155,0
fixed,3,793,2832844,200,155,0
fixed,3,794,2920805,200,155,0
fixed,3,795,5915051,200,155,0
fixed,3,796,5415296,200,155,0
fixed,3,797,3253838,200,155,0
fixed,3,798,2968655,200,155,0
fixed,3,799,2883535,200,155,0
fixed,3,800,2838754,200,155,0
fixed,3,801,2873775,200,155,0
fixed,3,802,3205317,200,155,0
fixed,3,803,2863485,200,155,0
fixed,3,804,2852734,200,155,0
fixed,3,805,2939075,200,155,0
fixed,3,806,2852395,200,155,0
fixed,3,807,2892164,200,155,0
fixed,3,808,2913085,200,155,0
fixed,3,809,2886845,200,155,0
fixed,3,810,2922375,200,155,0
fixed,3,811,2966585,200,155,0
fixed,3,812,2892125,200,155,0
fixed,3,813,3099697,200,155,0
fixed,3,814,4843611,200,155,0
fixed,3,815,2890415,200,155,0
fixed,3,816,2985685,200,155,0
fixed,3,817,2846285,200,155,0
fixed,3,818,2972785,200,155,0
fixed,3,819,2933105,200,155,0
fixed,3,820,2819384,200,155,0
fixed,3,821,2824695,200,155,0
fixed,3,822,2875474,200,155,0
fixed,3,823,2866075,200,155,0
fixed,3,824,3105686,200,155,0
fixed,3,825,3011166,200,155,0
fixed,3,826,2799704,200,155,0
fixed,3,827,2878695,200,155,0
fixed,3,828,5593077,200,155,0
fixed,3,829,2859115,200,155,0
fixed,3,830,2876744,200,155,0
fixed,3,831,2833795,200,155,0
fixed,3,832,2812324,200,155,0
fixed,3,833,2805814,200,155,0
fixed,3,834,3162327,200,155,0
fixed,3,835,2993105,200,155,0
fixed,3,836,2826574,200,155,0
fixed,3,837,2858794,200,155,0
fixed,3,838,2831864,200,155,0
fixed,3,839,2799404,200,155,0
fixed,3,840,2750044,200,155,0
fixed,3,841,2789673,200,155,0
fixed,3,842,2830605,200,155,0
fixed,3,843,2950575,200,155,0
fixed,3,844,2822134,200,155,0
fixed,3,845,2907925,200,155,0
fixed,3,846,3154037,200,155,0
fixed,3,847,2874484,200,155,0
fixed,3,848,2798203,200,155,0
fixed,3,849,2796314,200,155,0
fixed,3,850,2897205,200,155,0
fixed,3,851,2861264,200,155,0
fixed,3,852,2856005,200,155,0
fixed,3,853,2886645,200,155,0
fixed,3,854,2862794,200,155,0
fixed,3,855,2756504,200,155,0
fixed,3,856,4242196,200,155,0
fixed,3,857,3176887,200,155,0
fixed,3,858,2805384,200,155,0
fixed,3,859,2749304,200,155,0
fixed,3,860,2694303,200,155,0
fixed,3,861,2786843,200,155,0
fixed,3,862,5530678,200,155,0
fixed,3,863,2972755,200,155,0
fixed,3,864,2993776,200,155,0
fixed,3,865,2840234,200,155,0
fixed,3,866,2739633,200,155,0
fixed,3,867,2884015,200,155,0
fixed,3,868,3220908,200,155,0
fixed,3,869,2840994,200,155,0
fixed,3,870,2855274,200,155,0
fixed,3,871,2820644,200,155,0
fixed,3,872,2810804,200,155,0
fixed,3,873,2846975,200,155,0
fixed,3,874,2882654,200,155,0
fixed,3,875,2920215,200,155,0
fixed,3,876,2917055,200,155,0
fixed,3,877,3044626,200,155,0
fixed,3,878,2929306,200,155,0
fixed,3,879,3134776,200,155,0
fixed,3,880,2878015,200,155,0
fixed,3,881,2857584,200,155,0
fixed,3,882,2846435,200,155,0
fixed,3,883,2867924,200,155,0
fixed,3,884,2812634,200,155,0
fixed,3,885,2805324,200,155,0
fixed,3,886,2889255,200,155,0
fixed,3,887,2923625,200,155,0
fixed,3,888,3130487,200,155,0
fixed,3,889,2811214,200,155,0
fixed,3,890,2880454,200,155,0
fixed,3,891,3077237,200,155,0
fixed,3,892,3003265,200,155,0
fixed,3,893,2861675,200,155,0
fixed,3,894,2873024,200,155,0
fixed,3,895,2904895,200,155,0
fixed,3,896,2879185,200,155,0
fixed,3,897,2907075,200,155,0
fixed,3,898,3002885,200,155,0
fixed,3,899,2988496,200,155,0
fixed,3,900,2872354,200,155,0
fixed,3,901,2782754,200,155,0
fixed,3,902,3073856,200,155,0
fixed,3,903,2774733,200,155,0
fixed,3,904,2817004,200,155,0
fixed,3,905,2902925,200,155,0
fixed,3,906,2879175,200,155,0
fixed,3,907,2846044,200,155,0
fixed,3,908,2842964,200,155,0
fixed,3,909,2881265,200,155,0
fixed,3,910,2871205,200,155,0
fixed,3,911,3191027,200,155,0
fixed,3,912,2886385,200,155,0
fixed,3,913,2966085,200,155,0
fixed,3,914,3066876,200,155,0
fixed,3,915,2844035,200,155,0
fixed,3,916,2832364,200,155,0
fixed,3,917,2832424,200,155,0
fixed,3,918,2814514,200,155,0
fixed,3,919,2908195,200,155,0
fixed,3,920,2920135,200,155,0
fixed,3,921,2827694,200,155,0
fixed,3,922,3229138,200,155,0
fixed,3,923,2887094,200,155,0
fixed,3,924,2904445,200,155,0
fixed,3,925,3141227,200,155,0
fixed,3,926,2892075,200,155,0
fixed,3,927,2885294,200,155,0
fixed,3,928,2785434,200,155,0
fixed,3,929,2750854,200,155,0
fixed,3,930,2801934,200,155,0
fixed,3,931,2795903,200,155,0
fixed,3,932,2893015,200,155,0
fixed,3,933,3063676,200,155,0
fixed,3,934,2875085,200,155,0
fixed,3,935,2964055,200,155,0
fixed,3,936,3064337,200,155,0
fixed,3,937,3102126,200,155,0
fixed,3,938,3279648,200,155,0
fixed,3,939,2973316,200,155,0
fixed,3,940,3668241,200,155,0
fixed,3,941,3065266,200,155,0
fixed,3,942,3098077,200,155,0
fixed,3,943,2990665,200,155,0
fixed,3,944,3030486,200,155,0
fixed,3,945,3047666,200,155,0
fixed,3,946,2958926,200,155,0
fixed,3,947,3158146,200,155,0
fixed,3,948,2898925,200,155,0
fixed,3,949,2826154,200,155,0
fixed,3,950,5129224,200,155,0
fixed,3,951,2778864,200,155,0
fixed,3,952,2786334,200,155,0
fixed,3,953,2906765,200,155,0
fixed,3,954,2914155,200,155,0
fixed,3,955,3180477,200,155,0
fixed,3,956,2790854,200,155,0
fixed,3,957,2798634,200,155,0
fixed,3,958,3575110,200,155,0
fixed,3,959,2856505,200,155,0
fixed,3,960,2786353,200,155,0
fixed,3,961,2775054,200,155,0
fixed,3,962,2813704,200,155,0
fixed,3,963,2800974,200,155,0
fixed,3,964,2818494,200,155,0
fixed,3,965,2992426,200,155,0
fixed,3,966,2999285,200,155,0
fixed,3,967,2778294,200,155,0
fixed,3,968,2763114,200,155,0
fixed,3,969,2793254,200,155,0
fixed,3,970,2930415,200,155,0
fixed,3,971,2789484,200,155,0
fixed,3,972,2759513,200,155,0
fixed,3,973,3535700,200,155,0
fixed,3,974,2786513,200,155,0
fixed,3,975,2759404,200,155,0
fixed,3,976,2856194,200,155,0
fixed,3,977,2837715,200,155,0
fixed,3,978,3074246,200,155,0
fixed,3,979,2878084,200,155,0
fixed,3,980,2930755,200,155,0
fixed,3,981,3137697,200,155,0
fixed,3,982,2827094,200,155,0
fixed,3,983,2801573,200,155,0
fixed,3,984,2733104,200,155,0
fixed,3,985,2754153,200,155,0
fixed,3,986,3006536,200,155,0
fixed,3,987,6031812,200,155,0
fixed,3,988,3802152,200,155,0
fixed,3,989,2908835,200,155,0
fixed,3,990,2908825,200,155,0
fixed,3,991,3170237,200,155,0
fixed,3,992,2792944,200,155,0
fixed,3,993,2764243,200,155,0
fixed,3,994,2891055,200,155,0
fixed,3,995,2833694,200,155,0
fixed,3,996,2799234,200,155,0
fixed,3,997,2800474,200,155,0
fixed,3,998,2978706,200,155,0
fixed,3,999,3008105,200,155,0
fixed,3,1000,3320718,200,155,0
fixed,4,1,3423789,200,155,0
fixed,4,2,3904453,200,155,0
fixed,4,3,3154267,200,155,0
fixed,4,4,3051506,200,155,0
fixed,4,5,3717292,200,155,0
fixed,4,6,6877459,200,155,0
fixed,4,7,3200017,200,155,0
fixed,4,8,3193217,200,155,0
fixed,4,9,3160937,200,155,0
fixed,4,10,3424760,200,155,0
fixed,4,11,3079336,200,155,0
fixed,4,12,3126337,200,155,0
fixed,4,13,3057876,200,155,0
fixed,4,14,3228127,200,155,0
fixed,4,15,3127927,200,155,0
fixed,4,16,3267818,200,155,0
fixed,4,17,3192807,200,155,0
fixed,4,18,3109057,200,155,0
fixed,4,19,3117866,200,155,0
fixed,4,20,3236968,200,155,0
fixed,4,21,3292628,200,155,0
fixed,4,22,3501100,200,155,0
fixed,4,23,3739022,200,155,0
fixed,4,24,3096796,200,155,0
fixed,4,25,3174737,200,155,0
fixed,4,26,3096136,200,155,0
fixed,4,27,3427689,200,155,0
fixed,4,28,4055035,200,155,0
fixed,4,29,4127305,200,155,0
fixed,4,30,4100075,200,155,0
fixed,4,31,5144554,200,155,0
fixed,4,32,3230658,200,155,0
fixed,4,33,3041336,200,155,0
fixed,4,34,3153257,200,155,0
fixed,4,35,3115146,200,155,0
fixed,4,36,3024996,200,155,0
fixed,4,37,3080097,200,155,0
fixed,4,38,3087936,200,155,0
fixed,4,39,3398539,200,155,0
fixed,4,40,3318168,200,155,0
fixed,4,41,2973126,200,155,0
fixed,4,42,3086286,200,155,0
fixed,4,43,3055206,200,155,0
fixed,4,44,2942255,200,155,0
fixed,4,45,2982766,200,155,0
fixed,4,46,3252067,200,155,0
fixed,4,47,3109447,200,155,0
fixed,4,48,3184437,200,155,0
fixed,4,49,3004826,200,155,0
fixed,4,50,3073266,200,155,0
fixed,4,51,3338339,200,155,0
fixed,4,52,3057936,200,155,0
fixed,4,53,3053386,200,155,0
fixed,4,54,3096266,200,155,0
fixed,4,55,2990316,200,155,0
fixed,4,56,3010476,200,155,0
fixed,4,57,3238787,200,155,0
fixed,4,58,3022686,200,155,0
fixed,4,59,3000366,200,155,0
fixed,4,60,2990605,200,155,0
fixed,4,61,3061066,200,155,0
fixed,4,62,3187678,200,155,0
fixed,4,63,3020235,200,155,0
fixed,4,64,2903465,200,155,0
fixed,4,65,3384799,200,155,0
fixed,4,66,4163616,200,155,0
fixed,4,67,3330028,200,155,0
fixed,4,68,3045826,200,155,0
fixed,4,69,3009456,200,155,0
fixed,4,70,2892994,200,155,0
fixed,4,71,2958816,200,155,0
fixed,4,72,3300308,200,155,0
fixed,4,73,2961575,200,155,0
fixed,4,74,3136197,200,155,0
fixed,4,75,2999546,200,155,0
fixed,4,76,3855183,200,155,0
fixed,4,77,3137386,200,155,0
fixed,4,78,3143927,200,155,0
fixed,4,79,3051066,200,155,0
fixed,4,80,2943096,200,155,0
fixed,4,81,3082286,200,155,0
fixed,4,82,2938115,200,155,0
fixed,4,83,3212727,200,155,0
fixed,4,84,3026586,200,155,0
fixed,4,85,2935845,200,155,0
fixed,4,86,2908405,200,155,0
fixed,4,87,2890875,200,155,0
fixed,4,88,3021926,200,155,0
fixed,4,89,3037606,200,155,0
fixed,4,90,3041226,200,155,0
fixed,4,91,3017965,200,155,0
fixed,4,92,3064406,200,155,0
fixed,4,93,3064157,200,155,0
fixed,4,94,4099195,200,155,0
fixed,4,95,3013816,200,155,0
fixed,4,96,2950745,200,155,0
fixed,4,97,2839504,200,155,0
fixed,4,98,3242238,200,155,0
fixed,4,99,3318018,200,155,0
fixed,4,100,3129757,200,155,0
fixed,4,101,2903204,200,155,0
fixed,4,102,2801824,200,155,0
fixed,4,103,2860415,200,155,0
fixed,4,104,3119047,200,155,0
fixed,4,105,2950035,200,155,0
fixed,4,106,3006635,200,155,0
fixed,4,107,2931375,200,155,0
fixed,4,108,2908345,200,155,0
fixed,4,109,2997676,200,155,0
fixed,4,110,2951395,200,155,0
fixed,4,111,3234458,200,155,0
fixed,4,112,3063226,200,155,0
fixed,4,113,2999806,200,155,0
fixed,4,114,2974595,200,155,0
fixed,4,115,3129347,200,155,0
fixed,4,116,3077526,200,155,0
fixed,4,117,2901705,200,155,0
fixed,4,118,2869334,200,155,0
fixed,4,119,2972296,200,155,0
fixed,4,120,2860404,200,155,0
fixed,4,121,2958295,200,155,0
fixed,4,122,3123577,200,155,0
fixed,4,123,2910475,200,155,0
fixed,4,124,2847444,200,155,0
fixed,4,125,2895265,200,155,0
fixed,4,126,3077726,200,155,0
fixed,4,127,3263018,200,155,0
fixed,4,128,3006786,200,155,0
fixed,4,129,3075536,200,155,0
fixed,4,130,2987656,200,155,0
fixed,4,131,3004415,200,155,0
fixed,4,132,3132477,200,155,0
fixed,4,133,3093886,200,155,0
fixed,4,134,2980736,200,155,0
fixed,4,135,2966135,200,155,0
fixed,4,136,2975326,200,155,0
fixed,4,137,3217537,200,155,0
fixed,4,138,3263178,200,155,0
fixed,4,139,3017546,200,155,0
fixed,4,140,2990925,200,155,0
fixed,4,141,2905245,200,155,0
fixed,4,142,2968185,200,155,0
fixed,4,143,3048627,200,155,0
fixed,4,144,3299058,200,155,0
fixed,4,145,3002205,200,155,0
fixed,4,146,2995296,200,155,0
fixed,4,147,3007816,200,155,0
fixed,4,148,3211997,200,155,0
fixed,4,149,3122647,200,155,0
fixed,4,150,2952095,200,155,0
fixed,4,151,2901055,200,155,0
fixed,4,152,2987185,200,155,0
fixed,4,153,3048196,200,155,0
fixed,4,154,3005446,200,155,0
fixed,4,155,3402529,200,155,0
fixed,4,156,3098647,200,155,0
fixed,4,157,3011065,200,155,0
fixed,4,158,2905975,200,155,0
fixed,4,159,3051706,200,155,0
fixed,4,160,2985906,200,155,0
fixed,4,161,2890744,200,155,0
fixed,4,162,2959406,200,155,0
fixed,4,163,2887324,200,155,0
fixed,4,164,2979906,200,155,0
fixed,4,165,3137947,200,155,0
fixed,4,166,3113226,200,155,0
fixed,4,167,3059616,200,155,0
fixed,4,168,3050386,200,155,0
fixed,4,169,2973496,200,155,0
fixed,4,170,3145297,200,155,0
fixed,4,171,3040916,200,155,0
fixed,4,172,2881924,200,155,0
fixed,4,173,2955265,200,155,0
fixed,4,174,2999885,200,155,0
fixed,4,175,2958535,200,155,0
fixed,4,176,2980596,200,155,0
fixed,4,177,3356158,200,155,0
fixed,4,178,3048527,200,155,0
fixed,4,179,3020195,200,155,0
fixed,4,180,3035056,200,155,0
fixed,4,181,3043246,200,155,0
fixed,4,182,3098197,200,155,0
fixed,4,183,3053136,200,155,0
fixed,4,184,3080166,200,155,0
fixed,4,185,2948645,200,155,0
fixed,4,186,2982326,200,155,0
fixed,4,187,2925615,200,155,0
fixed,4,188,3322458,200,155,0
fixed,4,189,2926055,200,155,0
fixed,4,190,2907135,200,155,0
fixed,4,191,2860184,200,155,0
fixed,4,192,2915535,200,155,0
fixed,4,193,3099647,200,155,0
fixed,4,194,3026376,200,155,0
fixed,4,195,2985655,200,155,0
fixed,4,196,2940125,200,155,0
fixed,4,197,3010886,200,155,0
fixed,4,198,3098316,200,155,0
fixed,4,199,3053947,200,155,0
fixed,4,200,3030045,200,155,0
fixed,4,201,2934645,200,155,0
fixed,4,202,2935576,200,155,0
fixed,4,203,2954665,200,155,0
fixed,4,204,5422936,200,155,0
fixed,4,205,4495899,200,155,0
fixed,4,206,3088566,200,155,0
fixed,4,207,3016026,200,155,0
fixed,4,208,2973785,200,155,0
fixed,4,209,3381649,200,155,0
fixed,4,210,2988165,200,155,0
fixed,4,211,2978656,200,155,0
fixed,4,212,2959955,200,155,0
fixed,4,213,3169967,200,155,0
fixed,4,214,3012206,200,155,0
fixed,4,215,3246618,200,155,0
fixed,4,216,3123956,200,155,0
fixed,4,217,3071016,200,155,0
fixed,4,218,2969705,200,155,0
fixed,4,219,3134397,200,155,0
fixed,4,220,3323988,200,155,0
fixed,4,221,3003436,200,155,0
fixed,4,222,3129407,200,155,0
fixed,4,223,2926594,200,155,0
fixed,4,224,3392100,200,155,0
fixed,4,225,2987335,200,155,0
fixed,4,226,3752392,200,155,0
fixed,4,227,3057536,200,155,0
fixed,4,228,3023196,200,155,0
fixed,4,229,3041586,200,155,0
fixed,4,230,3114247,200,155,0
fixed,4,231,2974655,200,155,0
fixed,4,232,3187077,200,155,0
fixed,4,233,2960046,200,155,0
fixed,4,234,3036125,200,155,0
fixed,4,235,3465909,200,155,0
fixed,4,236,6515726,200,155,0
fixed,4,237,2980265,200,155,0
fixed,4,238,4500369,200,155,0
fixed,4,239,3407689,200,155,0
fixed,4,240,3020566,200,155,0
fixed,4,241,2955025,200,155,0
fixed,4,242,2962465,200,155,0
fixed,4,243,3048686,200,155,0
fixed,4,244,5510707,200,155,0
fixed,4,245,3084937,200,155,0
fixed,4,246,2940575,200,155,0
fixed,4,247,2955785,200,155,0
fixed,4,248,3000816,200,155,0
fixed,4,249,3094736,200,155,0
fixed,4,250,3011676,200,155,0
fixed,4,251,2964735,200,155,0
fixed,4,252,5368216,200,155,0
fixed,4,253,3462899,200,155,0
fixed,4,254,4561529,200,155,0
fixed,4,255,3179228,200,155,0
fixed,4,256,3201827,200,155,0
fixed,4,257,3492660,200,155,0
fixed,4,258,3443839,200,155,0
fixed,4,259,3133807,200,155,0
fixed,4,260,3661781,200,155,0
fixed,4,261,3057476,200,155,0
fixed,4,262,2984506,200,155,0
fixed,4,263,3320818,200,155,0
fixed,4,264,2987786,200,155,0
fixed,4,265,3017175,200,155,0
fixed,4,266,2956646,200,155,0
fixed,4,267,2914735,200,155,0
fixed,4,268,2965475,200,155,0
fixed,4,269,3140897,200,155,0
fixed,4,270,3260848,200,155,0
fixed,4,271,2976785,200,155,0
fixed,4,272,2926005,200,155,0
fixed,4,273,2915245,200,155,0
fixed,4,274,3369439,200,155,0
fixed,4,275,3085746,200,155,0
fixed,4,276,2981876,200,155,0
fixed,4,277,2895814,200,155,0
fixed,4,278,3118607,200,155,0
fixed,4,279,4022344,200,155,0
fixed,4,280,3346109,200,155,0
fixed,4,281,3011826,200,155,0
fixed,4,282,3030815,200,155,0
fixed,4,283,2923736,200,155,0
fixed,4,284,3083416,200,155,0
fixed,4,285,3475799,200,155,0
fixed,4,286,3932814,200,155,0
fixed,4,287,2944435,200,155,0
fixed,4,288,2859315,200,155,0
fixed,4,289,3047426,200,155,0
fixed,4,290,4667650,200,155,0
fixed,4,291,5420696,200,155,0
fixed,4,292,3057466,200,155,0
fixed,4,293,3014666,200,155,0
fixed,4,294,3288448,200,155,0
fixed,4,295,3065616,200,155,0
fixed,4,296,2950905,200,155,0
fixed,4,297,3323139,200,155,0
fixed,4,298,4367657,200,155,0
fixed,4,299,3520010,200,155,0
fixed,4,300,3153617,200,155,0
fixed,4,301,2926535,200,155,0
fixed,4,302,2889365,200,155,0
fixed,4,303,2786193,200,155,0
fixed,4,304,3113317,200,155,0
fixed,4,305,2789404,200,155,0
fixed,4,306,2858324,200,155,0
fixed,4,307,2806094,200,155,0
fixed,4,308,2774364,200,155,0
fixed,4,309,2785644,200,155,0
fixed,4,310,2877804,200,155,0
fixed,4,311,4757191,200,155,0
fixed,4,312,3750352,200,155,0
fixed,4,313,2996826,200,155,0
fixed,4,314,2965105,200,155,0
fixed,4,315,3177167,200,155,0
fixed,4,316,2933205,200,155,0
fixed,4,317,2845474,200,155,0
fixed,4,318,2819154,200,155,0
fixed,4,319,2822525,200,155,0
fixed,4,320,2989265,200,155,0
fixed,4,321,3043106,200,155,0
fixed,4,322,2961465,200,155,0
fixed,4,323,2955206,200,155,0
fixed,4,324,2890224,200,155,0
fixed,4,325,2836735,200,155,0
fixed,4,326,3550420,200,155,0
fixed,4,327,3051736,200,155,0
fixed,4,328,2901675,200,155,0
fixed,4,329,2876624,200,155,0
fixed,4,330,2869205,200,155,0
fixed,4,331,2911565,200,155,0
fixed,4,332,3795772,200,155,0
fixed,4,333,3071176,200,155,0
fixed,4,334,2784214,200,155,0
fixed,4,335,2770164,200,155,0
fixed,4,336,2934515,200,155,0
fixed,4,337,3285698,200,155,0
fixed,4,338,2846224,200,155,0
fixed,4,339,2812644,200,155,0
fixed,4,340,2714563,200,155,0
fixed,4,341,2716493,200,155,0
fixed,4,342,2761064,200,155,0
fixed,4,343,2835014,200,155,0
fixed,4,344,3138227,200,155,0
fixed,4,345,2815774,200,155,0
fixed,4,346,2918415,200,155,0
fixed,4,347,2914545,200,155,0
fixed,4,348,2949385,200,155,0
fixed,4,349,3157207,200,155,0
fixed,4,350,3986054,200,155,0
fixed,4,351,3077536,200,155,0
fixed,4,352,2968796,200,155,0
fixed,4,353,3010815,200,155,0
fixed,4,354,3835843,200,155,0
fixed,4,355,2903885,200,155,0
fixed,4,356,2985905,200,155,0
fixed,4,357,2870575,200,155,0
fixed,4,358,2921925,200,155,0
fixed,4,359,3307208,200,155,0
fixed,4,360,3429580,200,155,0
fixed,4,361,2931324,200,155,0
fixed,4,362,2855625,200,155,0
fixed,4,363,2845574,200,155,0
fixed,4,364,2907255,200,155,0
fixed,4,365,2928745,200,155,0
fixed,4,366,3073946,200,155,0
fixed,4,367,3257188,200,155,0
fixed,4,368,2918905,200,155,0
fixed,4,369,2944465,200,155,0
fixed,4,370,3178497,200,155,0
fixed,4,371,2854975,200,155,0
fixed,4,372,2924595,200,155,0
fixed,4,373,2934415,200,155,0
fixed,4,374,2850374,200,155,0
fixed,4,375,2937075,200,155,0
fixed,4,376,2960005,200,155,0
fixed,4,377,3245328,200,155,0
fixed,4,378,2907565,200,155,0
fixed,4,379,2803374,200,155,0
fixed,4,380,2925595,200,155,0
fixed,4,381,2845924,200,155,0
fixed,4,382,3543120,200,155,0
fixed,4,383,3059006,200,155,0
fixed,4,384,2934086,200,155,0
fixed,4,385,2813224,200,155,0
fixed,4,386,2971995,200,155,0
fixed,4,387,3438589,200,155,0
fixed,4,388,3919114,200,155,0
fixed,4,389,2925485,200,155,0
fixed,4,390,2915655,200,155,0
fixed,4,391,2956165,200,155,0
fixed,4,392,3269668,200,155,0
fixed,4,393,2932195,200,155,0
fixed,4,394,3299638,200,155,0
fixed,4,395,2910185,200,155,0
fixed,4,396,3122057,200,155,0
fixed,4,397,2927915,200,155,0
fixed,4,398,3454269,200,155,0
fixed,4,399,2931305,200,155,0
fixed,4,400,2862345,200,155,0
fixed,4,401,2841904,200,155,0
fixed,4,402,3858763,200,155,0
fixed,4,403,4022664,200,155,0
fixed,4,404,2960575,200,155,0
fixed,4,405,2858585,200,155,0
fixed,4,406,2880194,200,155,0
fixed,4,407,3380739,200,155,0
fixed,4,408,3275208,200,155,0
fixed,4,409,3255478,200,155,0
fixed,4,410,2920975,200,155,0
fixed,4,411,6709267,200,155,0
fixed,4,412,3713002,200,155,0
fixed,4,413,3179947,200,155,0
fixed,4,414,3035516,200,155,0
fixed,4,415,2984865,200,155,0
fixed,4,416,2939886,200,155,0
fixed,4,417,3028995,200,155,0
fixed,4,418,2963166,200,155,0
fixed,4,419,2952695,200,155,0
fixed,4,420,2986406,200,155,0
fixed,4,421,2904774,200,155,0
fixed,4,422,2884465,200,155,0
fixed,4,423,3195717,200,155,0
fixed,4,424,2930185,200,155,0
fixed,4,425,2899345,200,155,0
fixed,4,426,2883714,200,155,0
fixed,4,427,2881395,200,155,0
fixed,4,428,2954545,200,155,0
fixed,4,429,3014546,200,155,0
fixed,4,430,3093187,200,155,0
fixed,4,431,2993325,200,155,0
fixed,4,432,2906365,200,155,0
fixed,4,433,2885145,200,155,0
fixed,4,434,3229377,200,155,0
fixed,4,435,2966135,200,155,0
fixed,4,436,2928226,200,155,0
fixed,4,437,2920534,200,155,0
fixed,4,438,2883735,200,155,0
fixed,4,439,2938625,200,155,0
fixed,4,440,2957005,200,155,0
fixed,4,441,3251038,200,155,0
fixed,4,442,2945945,200,155,0
fixed,4,443,2912515,200,155,0
fixed,4,444,2890125,200,155,0
fixed,4,445,3001245,200,155,0
fixed,4,446,3069137,200,155,0
fixed,4,447,2920595,200,155,0
fixed,4,448,2917494,200,155,0
fixed,4,449,2890975,200,155,0
fixed,4,450,2866145,200,155,0
fixed,4,451,3022875,200,155,0
fixed,4,452,2920935,200,155,0
fixed,4,453,2931356,200,155,0
fixed,4,454,2858064,200,155,0
fixed,4,455,2924165,200,155,0
fixed,4,456,3010556,200,155,0
fixed,4,457,3157267,200,155,0
fixed,4,458,2902744,200,155,0
fixed,4,459,2946475,200,155,0
fixed,4,460,2903995,200,155,0
fixed,4,461,2882895,200,155,0
fixed,4,462,2874554,200,155,0
fixed,4,463,3249898,200,155,0
fixed,4,464,2897895,200,155,0
fixed,4,465,2846194,200,155,0
fixed,4,466,2888965,200,155,0
fixed,4,467,2833984,200,155,0
fixed,4,468,3119947,200,155,0
fixed,4,469,2827144,200,155,0
fixed,4,470,2879104,200,155,0
fixed,4,471,2880675,200,155,0
fixed,4,472,2859334,200,155,0
fixed,4,473,2908545,200,155,0
fixed,4,474,2938455,200,155,0
fixed,4,475,3176587,200,155,0
fixed,4,476,2898485,200,155,0
fixed,4,477,2863175,200,155,0
fixed,4,478,2871124,200,155,0
fixed,4,479,2987566,200,155,0
fixed,4,480,3048446,200,155,0
fixed,4,481,2863954,200,155,0
fixed,4,482,2905475,200,155,0
fixed,4,483,2883505,200,155,0
fixed,4,484,2831124,200,155,0
fixed,4,485,3102886,200,155,0
fixed,4,486,2891175,200,155,0
fixed,4,487,2914235,200,155,0
fixed,4,488,2881764,200,155,0
fixed,4,489,2767274,200,155,0
fixed,4,490,2799424,200,155,0
fixed,4,491,3155047,200,155,0
fixed,4,492,2832254,200,155,0
fixed,4,493,2891235,200,155,0
fixed,4,494,2873044,200,155,0
fixed,4,495,2935425,200,155,0
fixed,4,496,3157406,200,155,0
fixed,4,497,3030486,200,155,0
fixed,4,498,3203988,200,155,0
fixed,4,499,2877054,200,155,0
fixed,4,500,2919505,200,155,0
fixed,4,501,2896475,200,155,0
fixed,4,502,3168057,200,155,0
fixed,4,503,2931345,200,155,0
fixed,4,504,2939815,200,155,0
fixed,4,505,2857564,200,155,0
fixed,4,506,2926795,200,155,0
fixed,4,507,3042906,200,155,0
fixed,4,508,3051737,200,155,0
fixed,4,509,2944815,200,155,0
fixed,4,510,2864964,200,155,0
fixed,4,511,2874855,200,155,0
fixed,4,512,2874664,200,155,0
fixed,4,513,2954685,200,155,0
fixed,4,514,3065087,200,155,0
fixed,4,515,2932535,200,155,0
fixed,4,516,2829364,200,155,0
fixed,4,517,2808944,200,155,0
fixed,4,518,2874324,200,155,0
fixed,4,519,3020326,200,155,0
fixed,4,520,2838164,200,155,0
fixed,4,521,2901395,200,155,0
fixed,4,522,3008586,200,155,0
fixed,4,523,2958225,200,155,0
fixed,4,524,2961405,200,155,0
fixed,4,525,3643561,200,155,0
fixed,4,526,3159457,200,155,0
fixed,4,527,2995326,200,155,0
fixed,4,528,3117587,200,155,0
fixed,4,529,2979795,200,155,0
fixed,4,530,2944635,200,155,0
fixed,4,531,3198857,200,155,0
fixed,4,532,2966976,200,155,0
fixed,4,533,2903855,200,155,0
fixed,4,534,2881064,200,155,0
fixed,4,535,2907125,200,155,0
fixed,4,536,3104196,200,155,0
fixed,4,537,2879985,200,155,0
fixed,4,538,3090297,200,155,0
fixed,4,539,2932654,200,155,0
fixed,4,540,3066296,200,155,0
fixed,4,541,2980805,200,155,0
fixed,4,542,3122607,200,155,0
fixed,4,543,2913765,200,155,0
fixed,4,544,2875284,200,155,0
fixed,4,545,2835094,200,155,0
fixed,4,546,2833925,200,155,0
fixed,4,547,3208647,200,155,0
fixed,4,548,2859505,200,155,0
fixed,4,549,2845874,200,155,0
fixed,4,550,2816024,200,155,0
fixed,4,551,2834624,200,155,0
fixed,4,552,2978565,200,155,0
fixed,4,553,2961865,200,155,0
fixed,4,554,2921055,200,155,0
fixed,4,555,2897415,200,155,0
fixed,4,556,2894524,200,155,0
fixed,4,557,2817854,200,155,0
fixed,4,558,3010346,200,155,0
fixed,4,559,2970265,200,155,0
fixed,4,560,2899275,200,155,0
fixed,4,561,2918955,200,155,0
fixed,4,562,2804224,200,155,0
fixed,4,563,2825064,200,155,0
fixed,4,564,2980435,200,155,0
fixed,4,565,3142807,200,155,0
fixed,4,566,2883845,200,155,0
fixed,4,567,2883515,200,155,0
fixed,4,568,2895194,200,155,0
fixed,4,569,2989836,200,155,0
fixed,4,570,3150887,200,155,0
fixed,4,571,2920975,200,155,0
fixed,4,572,3141137,200,155,0
fixed,4,573,2997545,200,155,0
fixed,4,574,3007556,200,155,0
fixed,4,575,3052816,200,155,0
fixed,4,576,3131197,200,155,0
fixed,4,577,2862254,200,155,0
fixed,4,578,2955155,200,155,0
fixed,4,579,2885445,200,155,0
fixed,4,580,2954095,200,155,0
fixed,4,581,3136857,200,155,0
fixed,4,582,2962985,200,155,0
fixed,4,583,2874035,200,155,0
fixed,4,584,2850314,200,155,0
fixed,4,585,2846054,200,155,0
fixed,4,586,3056076,200,155,0
fixed,4,587,2964356,200,155,0
fixed,4,588,2883055,200,155,0
fixed,4,589,2933514,200,155,0
fixed,4,590,2906255,200,155,0
fixed,4,591,2932585,200,155,0
fixed,4,592,3018876,200,155,0
fixed,4,593,3105287,200,155,0
fixed,4,594,2916854,200,155,0
fixed,4,595,2893355,200,155,0
fixed,4,596,2902945,200,155,0
fixed,4,597,2918275,200,155,0
fixed,4,598,2941085,200,155,0
fixed,4,599,3080776,200,155,0
fixed,4,600,2932805,200,155,0
fixed,4,601,2864625,200,155,0
fixed,4,602,2953545,200,155,0
fixed,4,603,2970305,200,155,0
fixed,4,604,3058037,200,155,0
fixed,4,605,2871484,200,155,0
fixed,4,606,2943615,200,155,0
fixed,4,607,2899435,200,155,0
fixed,4,608,2881374,200,155,0
fixed,4,609,2923766,200,155,0
fixed,4,610,3172147,200,155,0
fixed,4,611,2899144,200,155,0
fixed,4,612,2940246,200,155,0
fixed,4,613,2930225,200,155,0
fixed,4,614,2936645,200,155,0
fixed,4,615,3151077,200,155,0
fixed,4,616,3017185,200,155,0
fixed,4,617,2875695,200,155,0
fixed,4,618,2880704,200,155,0
fixed,4,619,2925145,200,155,0
fixed,4,620,3034506,200,155,0
fixed,4,621,2914765,200,155,0
fixed,4,622,2819964,200,155,0
fixed,4,623,2817214,200,155,0
fixed,4,624,2884985,200,155,0
fixed,4,625,3080226,200,155,0
fixed,4,626,3245448,200,155,0
fixed,4,627,2980855,200,155,0
fixed,4,628,3376049,200,155,0
fixed,4,629,3089967,200,155,0
fixed,4,630,3090896,200,155,0
fixed,4,631,2981066,200,155,0
fixed,4,632,3437009,200,155,0
fixed,4,633,2918365,200,155,0
fixed,4,634,3016226,200,155,0
fixed,4,635,2925694,200,155,0
fixed,4,636,2981376,200,155,0
fixed,4,637,3181787,200,155,0
fixed,4,638,2957095,200,155,0
fixed,4,639,2951646,200,155,0
fixed,4,640,2945815,200,155,0
fixed,4,641,2914455,200,155,0
fixed,4,642,2982905,200,155,0
fixed,4,643,3203548,200,155,0
fixed,4,644,2958805,200,155,0
fixed,4,645,2969625,200,155,0
fixed,4,646,2992366,200,155,0
fixed,4,647,2973665,200,155,0
fixed,4,648,3173767,200,155,0
fixed,4,649,2845214,200,155,0
fixed,4,650,2898485,200,155,0
fixed,4,651,2892325,200,155,0
fixed,4,652,2933645,200,155,0
fixed,4,653,2928495,200,155,0
fixed,4,654,3224347,200,155,0
fixed,4,655,2904505,200,155,0
fixed,4,656,2947505,200,155,0
fixed,4,657,2829635,200,155,0
fixed,4,658,3345528,200,155,0
fixed,4,659,4215026,200,155,0
fixed,4,660,3204457,200,155,0
fixed,4,661,3196838,200,155,0
fixed,4,662,3066026,200,155,0
fixed,4,663,2996475,200,155,0
fixed,4,664,3119347,200,155,0
fixed,4,665,2892595,200,155,0
fixed,4,666,2976925,200,155,0
fixed,4,667,2850994,200,155,0
fixed,4,668,2884215,200,155,0
fixed,4,669,3084156,200,155,0
fixed,4,670,3313089,200,155,0
fixed,4,671,2902564,200,155,0
fixed,4,672,2850365,200,155,0
fixed,4,673,2873554,200,155,0
fixed,4,674,2838225,200,155,0
fixed,4,675,2925614,200,155,0
fixed,4,676,3007796,200,155,0
fixed,4,677,2918295,200,155,0
fixed,4,678,2851484,200,155,0
fixed,4,679,2960466,200,155,0
fixed,4,680,3269238,200,155,0
fixed,4,681,3413669,200,155,0
fixed,4,682,3015495,200,155,0
fixed,4,683,3150057,200,155,0
fixed,4,684,3162817,200,155,0
fixed,4,685,3013296,200,155,0
fixed,4,686,3167227,200,155,0
fixed,4,687,2993926,200,155,0
fixed,4,688,2996585,200,155,0
fixed,4,689,2896605,200,155,0
fixed,4,690,2926995,200,155,0
fixed,4,691,2917625,200,155,0
fixed,4,692,3201147,200,155,0
fixed,4,693,2916835,200,155,0
fixed,4,694,2980396,200,155,0
fixed,4,695,2867644,200,155,0
fixed,4,696,2824174,200,155,0
fixed,4,697,2847724,200,155,0
fixed,4,698,3147167,200,155,0
fixed,4,699,2970396,200,155,0
fixed,4,700,3058026,200,155,0
fixed,4,701,2805924,200,155,0
fixed,4,702,2769933,200,155,0
fixed,4,703,3069256,200,155,0
fixed,4,704,2906064,200,155,0
fixed,4,705,2824734,200,155,0
fixed,4,706,2850255,200,155,0
fixed,4,707,2805244,200,155,0
fixed,4,708,2940035,200,155,0
fixed,4,709,3285508,200,155,0
fixed,4,710,2915665,200,155,0
fixed,4,711,2809164,200,155,0
fixed,4,712,2817794,200,155,0
fixed,4,713,2806454,200,155,0
fixed,4,714,2860854,200,155,0
fixed,4,715,3095117,200,155,0
fixed,4,716,2812084,200,155,0
fixed,4,717,2750333,200,155,0
fixed,4,718,2772984,200,155,0
fixed,4,719,2867704,200,155,0
fixed,4,720,3021066,200,155,0
fixed,4,721,3071916,200,155,0
fixed,4,722,2906325,200,155,0
fixed,4,723,2886075,200,155,0
fixed,4,724,2888404,200,155,0
fixed,4,725,2914325,200,155,0
fixed,4,726,3165487,200,155,0
fixed,4,727,2863325,200,155,0
fixed,4,728,2809444,200,155,0
fixed,4,729,2904854,200,155,0
fixed,4,730,2861795,200,155,0
fixed,4,731,2899855,200,155,0
fixed,4,732,3214337,200,155,0
fixed,4,733,2891475,200,155,0
fixed,4,734,2843634,200,155,0
fixed,4,735,2799364,200,155,0
fixed,4,736,2852464,200,155,0
fixed,4,737,2875235,200,155,0
fixed,4,738,3109416,200,155,0
fixed,4,739,2838415,200,155,0
fixed,4,740,2805674,200,155,0
fixed,4,741,2835614,200,155,0
fixed,4,742,3046736,200,155,0
fixed,4,743,3066596,200,155,0
fixed,4,744,3087246,200,155,0
fixed,4,745,2869645,200,155,0
fixed,4,746,2881904,200,155,0
fixed,4,747,2896235,200,155,0
fixed,4,748,2823054,200,155,0
fixed,4,749,3200447,200,155,0
fixed,4,750,3700652,200,155,0
fixed,4,751,2827964,200,155,0
fixed,4,752,2825294,200,155,0
fixed,4,753,2952755,200,155,0
fixed,4,754,3091757,200,155,0
fixed,4,755,2908075,200,155,0
fixed,4,756,2845224,200,155,0
fixed,4,757,2870664,200,155,0
fixed,4,758,2831415,200,155,0
fixed,4,759,2901804,200,155,0
fixed,4,760,3142417,200,155,0
fixed,4,761,2839554,200,155,0
fixed,4,762,2852535,200,155,0
fixed,4,763,2791174,200,155,0
fixed,4,764,2891564,200,155,0
fixed,4,765,2844435,200,155,0
fixed,4,766,3127556,200,155,0
fixed,4,767,2889855,200,155,0
fixed,4,768,2832434,200,155,0
fixed,4,769,2816124,200,155,0
fixed,4,770,2840134,200,155,0
fixed,4,771,2893405,200,155,0
fixed,4,772,3069096,200,155,0
fixed,4,773,2916255,200,155,0
fixed,4,774,2868725,200,155,0
fixed,4,775,2857494,200,155,0
fixed,4,776,2922285,200,155,0
fixed,4,777,3156297,200,155,0
fixed,4,778,2884114,200,155,0
fixed,4,779,2856975,200,155,0
fixed,4,780,2813584,200,155,0
fixed,4,781,2866084,200,155,0
fixed,4,782,2822024,200,155,0
fixed,4,783,3642601,200,155,0
fixed,4,784,2861385,200,155,0
fixed,4,785,2881045,200,155,0
fixed,4,786,2891354,200,155,0
fixed,4,787,2893525,200,155,0
fixed,4,788,2919855,200,155,0
fixed,4,789,3099736,200,155,0
fixed,4,790,2868775,200,155,0
fixed,4,791,2888574,200,155,0
fixed,4,792,2839545,200,155,0
fixed,4,793,2835904,200,155,0
fixed,4,794,3116846,200,155,0
fixed,4,795,2990236,200,155,0
fixed,4,796,2877894,200,155,0
fixed,4,797,3071397,200,155,0
fixed,4,798,2853404,200,155,0
fixed,4,799,2964585,200,155,0
fixed,4,800,3154027,200,155,0
fixed,4,801,2853115,200,155,0
fixed,4,802,2844344,200,155,0
fixed,4,803,2834174,200,155,0
fixed,4,804,2815714,200,155,0
fixed,4,805,2951505,200,155,0
fixed,4,806,3079307,200,155,0
fixed,4,807,2868284,200,155,0
fixed,4,808,2887355,200,155,0
fixed,4,809,2781934,200,155,0
fixed,4,810,2784503,200,155,0
fixed,4,811,2799744,200,155,0
fixed,4,812,3031536,200,155,0
fixed,4,813,2884735,200,155,0
fixed,4,814,2830554,200,155,0
fixed,4,815,2786474,200,155,0
fixed,4,816,2920875,200,155,0
fixed,4,817,3152176,200,155,0
fixed,4,818,2908205,200,155,0
fixed,4,819,2822484,200,155,0
fixed,4,820,2777164,200,155,0
fixed,4,821,2770114,200,155,0
fixed,4,822,2822344,200,155,0
fixed,4,823,3134127,200,155,0
fixed,4,824,2887544,200,155,0
fixed,4,825,2918855,200,155,0
fixed,4,826,2818054,200,155,0
fixed,4,827,2902775,200,155,0
fixed,4,828,3024256,200,155,0
fixed,4,829,3123516,200,155,0
fixed,4,830,2873525,200,155,0
fixed,4,831,2783734,200,155,0
fixed,4,832,2782263,200,155,0
fixed,4,833,2821964,200,155,0
fixed,4,834,2921365,200,155,0
fixed,4,835,3087237,200,155,0
fixed,4,836,2865044,200,155,0
fixed,4,837,2897985,200,155,0
fixed,4,838,2767474,200,155,0
fixed,4,839,2853094,200,155,0
fixed,4,840,3274248,200,155,0
fixed,4,841,2938645,200,155,0
fixed,4,842,2893135,200,155,0
fixed,4,843,2800894,200,155,0
fixed,4,844,2874464,200,155,0
fixed,4,845,2887865,200,155,0
fixed,4,846,3238807,200,155,0
fixed,4,847,2841055,200,155,0
fixed,4,848,2862844,200,155,0
fixed,4,849,2792244,200,155,0
fixed,4,850,2754023,200,155,0
fixed,4,851,2924685,200,155,0
fixed,4,852,3703872,200,155,0
fixed,4,853,2955225,200,155,0
fixed,4,854,3000786,200,155,0
fixed,4,855,2813524,200,155,0
fixed,4,856,2901555,200,155,0
fixed,4,857,3119046,200,155,0
fixed,4,858,2868155,200,155,0
fixed,4,859,2852884,200,155,0
fixed,4,860,2869735,200,155,0
fixed,4,861,2861214,200,155,0
fixed,4,862,2847654,200,155,0
fixed,4,863,3143307,200,155,0
fixed,4,864,2776624,200,155,0
fixed,4,865,2754163,200,155,0
fixed,4,866,2759834,200,155,0
fixed,4,867,2793084,200,155,0
fixed,4,868,2903405,200,155,0
fixed,4,869,3124936,200,155,0
fixed,4,870,2860204,200,155,0
fixed,4,871,2838844,200,155,0
fixed,4,872,2851154,200,155,0
fixed,4,873,2905105,200,155,0
fixed,4,874,3166457,200,155,0
fixed,4,875,2855454,200,155,0
fixed,4,876,2823604,200,155,0
fixed,4,877,2873935,200,155,0
fixed,4,878,2820454,200,155,0
fixed,4,879,2842494,200,155,0
fixed,4,880,3216498,200,155,0
fixed,4,881,2940165,200,155,0
fixed,4,882,2824904,200,155,0
fixed,4,883,2830074,200,155,0
fixed,4,884,2810734,200,155,0
fixed,4,885,2848524,200,155,0
fixed,4,886,2826244,200,155,0
fixed,4,887,2815284,200,155,0
fixed,4,888,2816964,200,155,0
fixed,4,889,2836305,200,155,0
fixed,4,890,2950605,200,155,0
fixed,4,891,3040226,200,155,0
fixed,4,892,2887874,200,155,0
fixed,4,893,2847035,200,155,0
fixed,4,894,2836094,200,155,0
fixed,4,895,2838044,200,155,0
fixed,4,896,2905955,200,155,0
fixed,4,897,3023506,200,155,0
fixed,4,898,2951605,200,155,0
fixed,4,899,2823914,200,155,0
fixed,4,900,2845994,200,155,0
fixed,4,901,2890705,200,155,0
fixed,4,902,2873785,200,155,0
fixed,4,903,3204567,200,155,0
fixed,4,904,2871084,200,155,0
fixed,4,905,2855475,200,155,0
fixed,4,906,2857144,200,155,0
fixed,4,907,2882225,200,155,0
fixed,4,908,2869474,200,155,0
fixed,4,909,2829134,200,155,0
fixed,4,910,2897695,200,155,0
fixed,4,911,2838674,200,155,0
fixed,4,912,2844035,200,155,0
fixed,4,913,2880534,200,155,0
fixed,4,914,2938855,200,155,0
fixed,4,915,3047506,200,155,0
fixed,4,916,2871325,200,155,0
fixed,4,917,2856854,200,155,0
fixed,4,918,2881445,200,155,0
fixed,4,919,2837984,200,155,0
fixed,4,920,2968855,200,155,0
fixed,4,921,2999196,200,155,0
fixed,4,922,2826674,200,155,0
fixed,4,923,2763604,200,155,0
fixed,4,924,2847724,200,155,0
fixed,4,925,2832984,200,155,0
fixed,4,926,2976566,200,155,0
fixed,4,927,3003655,200,155,0
fixed,4,928,2863765,200,155,0
fixed,4,929,2877424,200,155,0
fixed,4,930,2816134,200,155,0
fixed,4,931,2844645,200,155,0
fixed,4,932,2867974,200,155,0
fixed,4,933,2868094,200,155,0
fixed,4,934,2842185,200,155,0
fixed,4,935,2798024,200,155,0
fixed,4,936,2846924,200,155,0
fixed,4,937,2843774,200,155,0
fixed,4,938,3141417,200,155,0
fixed,4,939,2844654,200,155,0
fixed,4,940,2888135,200,155,0
fixed,4,941,2837754,200,155,0
fixed,4,942,2819864,200,155,0
fixed,4,943,2914975,200,155,0
fixed,4,944,3147347,200,155,0
fixed,4,945,2825594,200,155,0
fixed,4,946,2853394,200,155,0
fixed,4,947,2814694,200,155,0
fixed,4,948,2886355,200,155,0
fixed,4,949,3157627,200,155,0
fixed,4,950,2969215,200,155,0
fixed,4,951,2928855,200,155,0
fixed,4,952,2840935,200,155,0
fixed,4,953,2882754,200,155,0
fixed,4,954,2811954,200,155,0
fixed,4,955,2835604,200,155,0
fixed,4,956,2909485,200,155,0
fixed,4,957,2770304,200,155,0
fixed,4,958,2796274,200,155,0
fixed,4,959,2913885,200,155,0
fixed,4,960,2923635,200,155,0
fixed,4,961,2730173,200,155,0
fixed,4,962,2778414,200,155,0
fixed,4,963,2753553,200,155,0
fixed,4,964,2790194,200,155,0
fixed,4,965,2832474,200,155,0
fixed,4,966,2822364,200,155,0
fixed,4,967,3120967,200,155,0
fixed,4,968,2907415,200,155,0
fixed,4,969,2846404,200,155,0
fixed,4,970,2842554,200,155,0
fixed,4,971,2930555,200,155,0
fixed,4,972,3045566,200,155,0
fixed,4,973,3005626,200,155,0
fixed,4,974,2846564,200,155,0
fixed,4,975,2902515,200,155,0
fixed,4,976,2887175,200,155,0
fixed,4,977,2865814,200,155,0
fixed,4,978,2775934,200,155,0
fixed,4,979,2860934,200,155,0
fixed,4,980,2872045,200,155,0
fixed,4,981,2819344,200,155,0
fixed,4,982,2809434,200,155,0
fixed,4,983,2818474,200,155,0
fixed,4,984,3206847,200,155,0
fixed,4,985,2839074,200,155,0
fixed,4,986,2840875,200,155,0
fixed,4,987,2776883,200,155,0
fixed,4,988,2996236,200,155,0
fixed,4,989,2942195,200,155,0
fixed,4,990,3199107,200,155,0
fixed,4,991,2865155,200,155,0
fixed,4,992,2861774,200,155,0
fixed,4,993,2832494,200,155,0
fixed,4,994,2873045,200,155,0
fixed,4,995,2991995,200,155,0
fixed,4,996,3056606,200,155,0
fixed,4,997,2839055,200,155,0
fixed,4,998,2853394,200,155,0
fixed,4,999,2832394,200,155,0
fixed,4,1000,2791654,200,155,0
fixed,5,1,3050286,200,155,0
fixed,5,2,3380048,200,155,0
fixed,5,3,3044086,200,155,0
fixed,5,4,3000996,200,155,0
fixed,5,5,3024955,200,155,0
fixed,5,6,2986166,200,155,0
fixed,5,7,3117936,200,155,0
fixed,5,8,3219867,200,155,0
fixed,5,9,2987026,200,155,0
fixed,5,10,2906914,200,155,0
fixed,5,11,2968515,200,155,0
fixed,5,12,3017886,200,155,0
fixed,5,13,3114306,200,155,0
fixed,5,14,3641711,200,155,0
fixed,5,15,2968155,200,155,0
fixed,5,16,2921524,200,155,0
fixed,5,17,3016216,200,155,0
fixed,5,18,3211407,200,155,0
fixed,5,19,3112776,200,155,0
fixed,5,20,3150857,200,155,0
fixed,5,21,3001165,200,155,0
fixed,5,22,3156857,200,155,0
fixed,5,23,3290748,200,155,0
fixed,5,24,3403639,200,155,0
fixed,5,25,3185317,200,155,0
fixed,5,26,3040256,200,155,0
fixed,5,27,3115336,200,155,0
fixed,5,28,3066286,200,155,0
fixed,5,29,3334408,200,155,0
fixed,5,30,2921095,200,155,0
fixed,5,31,3746302,200,155,0
fixed,5,32,3282077,200,155,0
fixed,5,33,3004926,200,155,0
fixed,5,34,3088826,200,155,0
fixed,5,35,2920185,200,155,0
fixed,5,36,3206077,200,155,0
fixed,5,37,3048096,200,155,0
fixed,5,38,2994615,200,155,0
fixed,5,39,3115087,200,155,0
fixed,5,40,2965725,200,155,0
fixed,5,41,2986405,200,155,0
fixed,5,42,3010566,200,155,0
fixed,5,43,3065166,200,155,0
fixed,5,44,3014435,200,155,0
fixed,5,45,3404219,200,155,0
fixed,5,46,2982105,200,155,0
fixed,5,47,3074316,200,155,0
fixed,5,48,3066886,200,155,0
fixed,5,49,2998346,200,155,0
fixed,5,50,3127756,200,155,0
fixed,5,51,3081826,200,155,0
fixed,5,52,2959065,200,155,0
fixed,5,53,2898665,200,155,0
fixed,5,54,2959415,200,155,0
fixed,5,55,2880064,200,155,0
fixed,5,56,2942835,200,155,0
fixed,5,57,3162847,200,155,0
fixed,5,58,3030026,200,155,0
fixed,5,59,3105826,200,155,0
fixed,5,60,3223678,200,155,0
fixed,5,61,3012875,200,155,0
fixed,5,62,3080116,200,155,0
fixed,5,63,3051286,200,155,0
fixed,5,64,3013285,200,155,0
fixed,5,65,3017736,200,155,0
fixed,5,66,3109996,200,155,0
fixed,5,67,3315818,200,155,0
fixed,5,68,3098927,200,155,0
fixed,5,69,3034925,200,155,0
fixed,5,70,3222578,200,155,0
fixed,5,71,3270107,200,155,0
fixed,5,72,3462560,200,155,0
fixed,5,73,3173296,200,155,0
fixed,5,74,3065256,200,155,0
fixed,5,75,3087117,200,155,0
fixed,5,76,2930964,200,155,0
fixed,5,77,2963625,200,155,0
fixed,5,78,2971406,200,155,0
fixed,5,79,2948145,200,155,0
fixed,5,80,2890414,200,155,0
fixed,5,81,2983525,200,155,0
fixed,5,82,3281878,200,155,0
fixed,5,83,3029126,200,155,0
fixed,5,84,3085486,200,155,0
fixed,5,85,2965335,200,155,0
fixed,5,86,3265818,200,155,0
fixed,5,87,3197307,200,155,0
fixed,5,88,3282668,200,155,0
fixed,5,89,3187327,200,155,0
fixed,5,90,3149396,200,155,0
fixed,5,91,3019926,200,155,0
fixed,5,92,3143976,200,155,0
fixed,5,93,2991766,200,155,0
fixed,5,94,3424909,200,155,0
fixed,5,95,4257756,200,155,0
fixed,5,96,3191047,200,155,0
fixed,5,97,3202707,200,155,0
fixed,5,98,3143807,200,155,0
fixed,5,99,3154196,200,155,0
fixed,5,100,3097757,200,155,0
fixed,5,101,3110116,200,155,0
fixed,5,102,3037496,200,155,0
fixed,5,103,3147976,200,155,0
fixed,5,104,3318569,200,155,0
fixed,5,105,3024975,200,155,0
fixed,5,106,3022686,200,155,0
fixed,5,107,2956335,200,155,0
fixed,5,108,2960955,200,155,0
fixed,5,109,3036165,200,155,0
fixed,5,110,3287048,200,155,0
fixed,5,111,3311638,200,155,0
fixed,5,112,3320249,200,155,0
fixed,5,113,3335928,200,155,0
fixed,5,114,3159187,200,155,0
fixed,5,115,3309038,200,155,0
fixed,5,116,2985435,200,155,0
fixed,5,117,2970455,200,155,0
fixed,5,118,2899205,200,155,0
fixed,5,119,3087826,200,155,0
fixed,5,120,3407689,200,155,0
fixed,5,121,3133656,200,155,0
fixed,5,122,2957805,200,155,0
fixed,5,123,2958265,200,155,0
fixed,5,124,2929775,200,155,0
fixed,5,125,3149617,200,155,0
fixed,5,126,3141426,200,155,0
fixed,5,127,2996276,200,155,0
fixed,5,128,2936704,200,155,0
fixed,5,129,2957946,200,155,0
fixed,5,130,3026105,200,155,0
fixed,5,131,2938895,200,155,0
fixed,5,132,2897755,200,155,0
fixed,5,133,2957975,200,155,0
fixed,5,134,3006785,200,155,0
fixed,5,135,2938735,200,155,0
fixed,5,136,3443739,200,155,0
fixed,5,137,3048776,200,155,0
fixed,5,138,3071826,200,155,0
fixed,5,139,2987395,200,155,0
fixed,5,140,2911895,200,155,0
fixed,5,141,3021466,200,155,0
fixed,5,142,2938814,200,155,0
fixed,5,143,3097797,200,155,0
fixed,5,144,2942125,200,155,0
fixed,5,145,3029395,200,155,0
fixed,5,146,3295128,200,155,0
fixed,5,147,3104607,200,155,0
fixed,5,148,2988045,200,155,0
fixed,5,149,2951795,200,155,0
fixed,5,150,2969265,200,155,0
fixed,5,151,2980055,200,155,0
fixed,5,152,2999566,200,155,0
fixed,5,153,2972925,200,155,0
fixed,5,154,2903104,200,155,0
fixed,5,155,2968196,200,155,0
fixed,5,156,3297987,200,155,0
fixed,5,157,3061166,200,155,0
fixed,5,158,3334429,200,155,0
fixed,5,159,2922564,200,155,0
fixed,5,160,2871805,200,155,0
fixed,5,161,2858664,200,155,0
fixed,5,162,2889644,200,155,0
fixed,5,163,2835054,200,155,0
fixed,5,164,2883625,200,155,0
fixed,5,165,2964365,200,155,0
fixed,5,166,2865934,200,155,0
fixed,5,167,2929335,200,155,0
fixed,5,168,3048246,200,155,0
fixed,5,169,3175877,200,155,0
fixed,5,170,2861414,200,155,0
fixed,5,171,2940905,200,155,0
fixed,5,172,2764953,200,155,0
fixed,5,173,2874745,200,155,0
fixed,5,174,2810323,200,155,0
fixed,5,175,2833215,200,155,0
fixed,5,176,2842563,200,155,0
fixed,5,177,2873974,200,155,0
fixed,5,178,2822024,200,155,0
fixed,5,179,3107596,200,155,0
fixed,5,180,3328468,200,155,0
fixed,5,181,2885045,200,155,0
fixed,5,182,2961685,200,155,0
fixed,5,183,2835674,200,155,0
fixed,5,184,2842664,200,155,0
fixed,5,185,2814594,200,155,0
fixed,5,186,2842514,200,155,0
fixed,5,187,2807524,200,155,0
fixed,5,188,2837744,200,155,0
fixed,5,189,3030015,200,155,0
fixed,5,190,3036786,200,155,0
fixed,5,191,3045716,200,155,0
fixed,5,192,3047056,200,155,0
fixed,5,193,2885664,200,155,0
fixed,5,194,2789414,200,155,0
fixed,5,195,2799003,200,155,0
fixed,5,196,2757054,200,155,0
fixed,5,197,2878144,200,155,0
fixed,5,198,2978305,200,155,0
fixed,5,199,2834704,200,155,0
fixed,5,200,2887785,200,155,0
fixed,5,201,2928684,200,155,0
fixed,5,202,2891005,200,155,0
fixed,5,203,3596510,200,155,0
fixed,5,204,2917465,200,155,0
fixed,5,205,3071536,200,155,0
fixed,5,206,2896775,200,155,0
fixed,5,207,2851464,200,155,0
fixed,5,208,2834584,200,155,0
fixed,5,209,2893944,200,155,0
fixed,5,210,2951335,200,155,0
fixed,5,211,2871425,200,155,0
fixed,5,212,2985125,200,155,0
fixed,5,213,3106026,200,155,0
fixed,5,214,3376099,200,155,0
fixed,5,215,2948675,200,155,0
fixed,5,216,3018085,200,155,0
fixed,5,217,3015256,200,155,0
fixed,5,218,2922185,200,155,0
fixed,5,219,2997375,200,155,0
fixed,5,220,3030736,200,155,0
fixed,5,221,2964325,200,155,0
fixed,5,222,2944465,200,155,0
fixed,5,223,3030325,200,155,0
fixed,5,224,3045296,200,155,0
fixed,5,225,2942565,200,155,0
fixed,5,226,3270608,200,155,0
fixed,5,227,3088786,200,155,0
fixed,5,228,3127197,200,155,0
fixed,5,229,2951235,200,155,0
fixed,5,230,2929044,200,155,0
fixed,5,231,2960715,200,155,0
fixed,5,232,2997186,200,155,0
fixed,5,233,2956095,200,155,0
fixed,5,234,3016085,200,155,0
fixed,5,235,3260198,200,155,0
fixed,5,236,4012054,200,155,0
fixed,5,237,3094636,200,155,0
fixed,5,238,3156997,200,155,0
fixed,5,239,2968135,200,155,0
fixed,5,240,2892914,200,155,0
fixed,5,241,2965076,200,155,0
fixed,5,242,2959495,200,155,0
fixed,5,243,2917154,200,155,0
fixed,5,244,3044626,200,155,0
fixed,5,245,3059706,200,155,0
fixed,5,246,3103796,200,155,0
fixed,5,247,3243878,200,155,0
fixed,5,248,2937025,200,155,0
fixed,5,249,2878154,200,155,0
fixed,5,250,2819424,200,155,0
fixed,5,251,2826954,200,155,0
fixed,5,252,2902874,200,155,0
fixed,5,253,2863095,200,155,0
fixed,5,254,3011775,200,155,0
fixed,5,255,2908205,200,155,0
fixed,5,256,3639611,200,155,0
fixed,5,257,3651661,200,155,0
fixed,5,258,6565045,200,155,0
fixed,5,259,3344749,200,155,0
fixed,5,260,3309398,200,155,0
fixed,5,261,3057786,200,155,0
fixed,5,262,3017805,200,155,0
fixed,5,263,2991525,200,155,0
fixed,5,264,2967065,200,155,0
fixed,5,265,2976546,200,155,0
fixed,5,266,3074466,200,155,0
fixed,5,267,3409719,200,155,0
fixed,5,268,3509029,200,155,0
fixed,5,269,3095427,200,155,0
fixed,5,270,3235297,200,155,0
fixed,5,271,3073716,200,155,0
fixed,5,272,2965095,200,155,0
fixed,5,273,2976855,200,155,0
fixed,5,274,3084326,200,155,0
fixed,5,275,2985766,200,155,0
fixed,5,276,3087376,200,155,0
fixed,5,277,3199747,200,155,0
fixed,5,278,3517220,200,155,0
fixed,5,279,2986945,200,155,0
fixed,5,280,2882984,200,155,0
fixed,5,281,2936155,200,155,0
fixed,5,282,2885555,200,155,0
fixed,5,283,2962745,200,155,0
fixed,5,284,3075986,200,155,0
fixed,5,285,3002355,200,155,0
fixed,5,286,2920395,200,155,0
fixed,5,287,3233527,200,155,0
fixed,5,288,3187137,200,155,0
fixed,5,289,3164797,200,155,0
fixed,5,290,3138447,200,155,0
fixed,5,291,3073296,200,155,0
fixed,5,292,3058166,200,155,0
fixed,5,293,2959875,200,155,0
fixed,5,294,2963775,200,155,0
fixed,5,295,2891524,200,155,0
fixed,5,296,2947255,200,155,0
fixed,5,297,2974875,200,155,0
fixed,5,298,3023015,200,155,0
fixed,5,299,3257428,200,155,0
fixed,5,300,3432079,200,155,0
fixed,5,301,2930525,200,155,0
fixed,5,302,2887864,200,155,0
fixed,5,303,2943625,200,155,0
fixed,5,304,2918325,200,155,0
fixed,5,305,2894644,200,155,0
fixed,5,306,2929145,200,155,0
fixed,5,307,2859424,200,155,0
fixed,5,308,3142747,200,155,0
fixed,5,309,3151736,200,155,0
fixed,5,310,3242638,200,155,0
fixed,5,311,3484159,200,155,0
fixed,5,312,3148627,200,155,0
fixed,5,313,2924695,200,155,0
fixed,5,314,2927085,200,155,0
fixed,5,315,2890164,200,155,0
fixed,5,316,3664691,200,155,0
fixed,5,317,3028446,200,155,0
fixed,5,318,2863474,200,155,0
fixed,5,319,2778994,200,155,0
fixed,5,320,3025845,200,155,0
fixed,5,321,3026066,200,155,0
fixed,5,322,2904125,200,155,0
fixed,5,323,3167696,200,155,0
fixed,5,324,2953615,200,155,0
fixed,5,325,2906735,200,155,0
fixed,5,326,2945845,200,155,0
fixed,5,327,2982735,200,155,0
fixed,5,328,2940645,200,155,0
fixed,5,329,2984975,200,155,0
fixed,5,330,2892975,200,155,0
fixed,5,331,2974555,200,155,0
fixed,5,332,3160127,200,155,0
fixed,5,333,3431099,200,155,0
fixed,5,334,2977885,200,155,0
fixed,5,335,2935725,200,155,0
fixed,5,336,2882324,200,155,0
fixed,5,337,2930954,200,155,0
fixed,5,338,2973315,200,155,0
fixed,5,339,2892344,200,155,0
fixed,5,340,2895515,200,155,0
fixed,5,341,2828633,200,155,0
fixed,5,342,2928035,200,155,0
fixed,5,343,3135407,200,155,0
fixed,5,344,3315388,200,155,0
fixed,5,345,2870474,200,155,0
fixed,5,346,2961135,200,155,0
fixed,5,347,2953525,200,155,0
fixed,5,348,2866385,200,155,0
fixed,5,349,2794963,200,155,0
fixed,5,350,3083496,200,155,0
fixed,5,351,3013946,200,155,0
fixed,5,352,2987615,200,155,0
fixed,5,353,3107846,200,155,0
fixed,5,354,3144637,200,155,0
fixed,5,355,2957735,200,155,0
fixed,5,356,3224048,200,155,0
fixed,5,357,2919504,200,155,0
fixed,5,358,2960745,200,155,0
fixed,5,359,2934425,200,155,0
fixed,5,360,2900185,200,155,0
fixed,5,361,2894244,200,155,0
fixed,5,362,2942685,200,155,0
fixed,5,363,2964175,200,155,0
fixed,5,364,2948365,200,155,0
fixed,5,365,2954895,200,155,0
fixed,5,366,3401419,200,155,0
fixed,5,367,3229697,200,155,0
fixed,5,368,2981926,200,155,0
fixed,5,369,2917154,200,155,0
fixed,5,370,2922375,200,155,0
fixed,5,371,2892445,200,155,0
fixed,5,372,2880344,200,155,0
fixed,5,373,2856944,200,155,0
fixed,5,374,2939505,200,155,0
fixed,5,375,2979535,200,155,0
fixed,5,376,3010686,200,155,0
fixed,5,377,3289698,200,155,0
fixed,5,378,3339518,200,155,0
fixed,5,379,2959555,200,155,0
fixed,5,380,2981585,200,155,0
fixed,5,381,2892695,200,155,0
fixed,5,382,3024795,200,155,0
fixed,5,383,2952375,200,155,0
fixed,5,384,2916605,200,155,0
fixed,5,385,2844644,200,155,0
fixed,5,386,2870415,200,155,0
fixed,5,387,3020895,200,155,0
fixed,5,388,3181577,200,155,0
fixed,5,389,3157077,200,155,0
fixed,5,390,3121786,200,155,0
fixed,5,391,2987455,200,155,0
fixed,5,392,2914035,200,155,0
fixed,5,393,2789284,200,155,0
fixed,5,394,2878524,200,155,0
fixed,5,395,2872194,200,155,0
fixed,5,396,2968785,200,155,0
fixed,5,397,2937805,200,155,0
fixed,5,398,3059395,200,155,0
fixed,5,399,3362939,200,155,0
fixed,5,400,3366308,200,155,0
fixed,5,401,2964586,200,155,0
fixed,5,402,2914364,200,155,0
fixed,5,403,2907505,200,155,0
fixed,5,404,2867724,200,155,0
fixed,5,405,2999865,200,155,0
fixed,5,406,2887195,200,155,0
fixed,5,407,2859134,200,155,0
fixed,5,408,2849734,200,155,0
fixed,5,409,2920865,200,155,0
fixed,5,410,3307008,200,155,0
fixed,5,411,3722551,200,155,0
fixed,5,412,2981396,200,155,0
fixed,5,413,2898394,200,155,0
fixed,5,414,2786544,200,155,0
fixed,5,415,2797343,200,155,0
fixed,5,416,2845035,200,155,0
fixed,5,417,2852654,200,155,0
fixed,5,418,2919964,200,155,0
fixed,5,419,2900265,200,155,0
fixed,5,420,2983575,200,155,0
fixed,5,421,3097296,200,155,0
fixed,5,422,3005686,200,155,0
fixed,5,423,3331838,200,155,0
fixed,5,424,2954935,200,155,0
fixed,5,425,2894035,200,155,0
fixed,5,426,2830064,200,155,0
fixed,5,427,2865254,200,155,0
fixed,5,428,2782373,200,155,0
fixed,5,429,2782144,200,155,0
fixed,5,430,2769453,200,155,0
fixed,5,431,2766344,200,155,0
fixed,5,432,2902094,200,155,0
fixed,5,433,3119837,200,155,0
fixed,5,434,3261757,200,155,0
fixed,5,435,2963775,200,155,0
fixed,5,436,2882145,200,155,0
fixed,5,437,2833794,200,155,0
fixed,5,438,2892254,200,155,0
fixed,5,439,2768934,200,155,0
fixed,5,440,2781953,200,155,0
fixed,5,441,2866665,200,155,0
fixed,5,442,3045455,200,155,0
fixed,5,443,3025176,200,155,0
fixed,5,444,4340297,200,155,0
fixed,5,445,3216737,200,155,0
fixed,5,446,3010435,200,155,0
fixed,5,447,2941425,200,155,0
fixed,5,448,2859615,200,155,0
fixed,5,449,2892414,200,155,0
fixed,5,450,2932635,200,155,0
fixed,5,451,2915094,200,155,0
fixed,5,452,2841585,200,155,0
fixed,5,453,2904934,200,155,0
fixed,5,454,3071516,200,155,0
fixed,5,455,2996165,200,155,0
fixed,5,456,3142007,200,155,0
fixed,5,457,3143567,200,155,0
fixed,5,458,2889954,200,155,0
fixed,5,459,2920135,200,155,0
fixed,5,460,2839504,200,155,0
fixed,5,461,2834314,200,155,0
fixed,5,462,2817254,200,155,0
fixed,5,463,2841004,200,155,0
fixed,5,464,2872354,200,155,0
fixed,5,465,2908145,200,155,0
fixed,5,466,3033425,200,155,0
fixed,5,467,3463600,200,155,0
fixed,5,468,2915624,200,155,0
fixed,5,469,2878635,200,155,0
fixed,5,470,2871094,200,155,0
fixed,5,471,2792144,200,155,0
fixed,5,472,2823024,200,155,0
fixed,5,473,2890094,200,155,0
fixed,5,474,2892775,200,155,0
fixed,5,475,3081926,200,155,0
fixed,5,476,2917075,200,155,0
fixed,5,477,3158476,200,155,0
fixed,5,478,3306258,200,155,0
fixed,5,479,3071896,200,155,0
fixed,5,480,2859825,200,155,0
fixed,5,481,2833153,200,155,0
fixed,5,482,2833574,200,155,0
fixed,5,483,2856025,200,155,0
fixed,5,484,2801703,200,155,0
fixed,5,485,2835474,200,155,0
fixed,5,486,2768154,200,155,0
fixed,5,487,2901964,200,155,0
fixed,5,488,3004786,200,155,0
fixed,5,489,2838204,200,155,0
fixed,5,490,2847514,200,155,0
fixed,5,491,3248137,200,155,0
fixed,5,492,2885625,200,155,0
fixed,5,493,2825734,200,155,0
fixed,5,494,2855034,200,155,0
fixed,5,495,2855554,200,155,0
fixed,5,496,3611861,200,155,0
fixed,5,497,3158986,200,155,0
fixed,5,498,2953335,200,155,0
fixed,5,499,2933455,200,155,0
fixed,5,500,3336689,200,155,0
fixed,5,501,3353468,200,155,0
fixed,5,502,3056536,200,155,0
fixed,5,503,2932815,200,155,0
fixed,5,504,2846674,200,155,0
fixed,5,505,2819774,200,155,0
fixed,5,506,2751923,200,155,0
fixed,5,507,2809024,200,155,0
fixed,5,508,2766323,200,155,0
fixed,5,509,2741603,200,155,0
fixed,5,510,2831764,200,155,0
fixed,5,511,2989346,200,155,0
fixed,5,512,3265487,200,155,0
fixed,5,513,2957895,200,155,0
fixed,5,514,2892835,200,155,0
fixed,5,515,2792853,200,155,0
fixed,5,516,2806044,200,155,0
fixed,5,517,2885474,200,155,0
fixed,5,518,2835075,200,155,0
fixed,5,519,2821313,200,155,0
fixed,5,520,2794054,200,155,0
fixed,5,521,3083706,200,155,0
fixed,5,522,3240198,200,155,0
fixed,5,523,2925024,200,155,0
fixed,5,524,3299268,200,155,0
fixed,5,525,3115707,200,155,0
fixed,5,526,3303797,200,155,0
fixed,5,527,3085426,200,155,0
fixed,5,528,3176187,200,155,0
fixed,5,529,2921894,200,155,0
fixed,5,530,2962465,200,155,0
fixed,5,531,2891995,200,155,0
fixed,5,532,3014595,200,155,0
fixed,5,533,2979616,200,155,0
fixed,5,534,3335428,200,155,0
fixed,5,535,3066696,200,155,0
fixed,5,536,2947485,200,155,0
fixed,5,537,2942125,200,155,0
fixed,5,538,2851444,200,155,0
fixed,5,539,3654121,200,155,0
fixed,5,540,3061956,200,155,0
fixed,5,541,3016415,200,155,0
fixed,5,542,2844154,200,155,0
fixed,5,543,2971215,200,155,0
fixed,5,544,3057186,200,155,0
fixed,5,545,3092856,200,155,0
fixed,5,546,3004796,200,155,0
fixed,5,547,2854504,200,155,0
fixed,5,548,2956235,200,155,0
fixed,5,549,2915975,200,155,0
fixed,5,550,2963355,200,155,0
fixed,5,551,2963815,200,155,0
fixed,5,552,2916825,200,155,0
fixed,5,553,2868254,200,155,0
fixed,5,554,2992035,200,155,0
fixed,5,555,3137407,200,155,0
fixed,5,556,2917694,200,155,0
fixed,5,557,3154867,200,155,0
fixed,5,558,2889225,200,155,0
fixed,5,559,2862504,200,155,0
fixed,5,560,2819154,200,155,0
fixed,5,561,2915475,200,155,0
fixed,5,562,2906344,200,155,0
fixed,5,563,2994195,200,155,0
fixed,5,564,2847495,200,155,0
fixed,5,565,2898994,200,155,0
fixed,5,566,2953805,200,155,0
fixed,5,567,3146957,200,155,0
fixed,5,568,3123586,200,155,0
fixed,5,569,2899145,200,155,0
fixed,5,570,2951295,200,155,0
fixed,5,571,2862344,200,155,0
fixed,5,572,3354698,200,155,0
fixed,5,573,6495215,200,155,0
fixed,5,574,2922095,200,155,0
fixed,5,575,2791334,200,155,0
fixed,5,576,2838814,200,155,0
fixed,5,577,3068486,200,155,0
fixed,5,578,3202797,200,155,0
fixed,5,579,2835684,200,155,0
fixed,5,580,2826754,200,155,0
fixed,5,581,2869994,200,155,0
fixed,5,582,2854474,200,155,0
fixed,5,583,2887685,200,155,0
fixed,5,584,2842884,200,155,0
fixed,5,585,2824894,200,155,0
fixed,5,586,2783913,200,155,0
fixed,5,587,2917075,200,155,0
fixed,5,588,2960095,200,155,0
fixed,5,589,2815764,200,155,0
fixed,5,590,3267647,200,155,0
fixed,5,591,2875705,200,155,0
fixed,5,592,2869364,200,155,0
fixed,5,593,2951125,200,155,0
fixed,5,594,2984685,200,155,0
fixed,5,595,2880195,200,155,0
fixed,5,596,2882274,200,155,0
fixed,5,597,2922135,200,155,0
fixed,5,598,2938635,200,155,0
fixed,5,599,2978285,200,155,0
fixed,5,600,3311498,200,155,0
fixed,5,601,3293538,200,155,0
fixed,5,602,2969275,200,155,0
fixed,5,603,2948105,200,155,0
fixed,5,604,2961845,200,155,0
fixed,5,605,2931325,200,155,0
fixed,5,606,2832384,200,155,0
fixed,5,607,2813274,200,155,0
fixed,5,608,2833314,200,155,0
fixed,5,609,2824654,200,155,0
fixed,5,610,2958675,200,155,0
fixed,5,611,3192257,200,155,0
fixed,5,612,2942264,200,155,0
fixed,5,613,2832385,200,155,0
fixed,5,614,2957215,200,155,0
fixed,5,615,2843744,200,155,0
fixed,5,616,2783563,200,155,0
fixed,5,617,2866124,200,155,0
fixed,5,618,2817974,200,155,0
fixed,5,619,2810304,200,155,0
fixed,5,620,2807074,200,155,0
fixed,5,621,2952995,200,155,0
fixed,5,622,2978355,200,155,0
fixed,5,623,2829434,200,155,0
fixed,5,624,3086586,200,155,0
fixed,5,625,4293446,200,155,0
fixed,5,626,5303675,200,155,0
fixed,5,627,3032116,200,155,0
fixed,5,628,2979845,200,155,0
fixed,5,629,2975295,200,155,0
fixed,5,630,3003336,200,155,0
fixed,5,631,2945725,200,155,0
fixed,5,632,3000215,200,155,0
fixed,5,633,3132517,200,155,0
fixed,5,634,3256357,200,155,0
fixed,5,635,2840004,200,155,0
fixed,5,636,2813664,200,155,0
fixed,5,637,2811154,200,155,0
fixed,5,638,2919265,200,155,0
fixed,5,639,2876144,200,155,0
fixed,5,640,2835794,200,155,0
fixed,5,641,2887315,200,155,0
fixed,5,642,2901064,200,155,0
fixed,5,643,2947545,200,155,0
fixed,5,644,3115686,200,155,0
fixed,5,645,3156047,200,155,0
fixed,5,646,2810794,200,155,0
fixed,5,647,2903215,200,155,0
fixed,5,648,2806353,200,155,0
fixed,5,649,2965985,200,155,0
fixed,5,650,2902915,200,155,0
fixed,5,651,2836634,200,155,0
fixed,5,652,2920515,200,155,0
fixed,5,653,2833254,200,155,0
fixed,5,654,3019225,200,155,0
fixed,5,655,2954965,200,155,0
fixed,5,656,2893615,200,155,0
fixed,5,657,3217397,200,155,0
fixed,5,658,3031846,200,155,0
fixed,5,659,2928454,200,155,0
fixed,5,660,2876845,200,155,0
fixed,5,661,2925535,200,155,0
fixed,5,662,2930714,200,155,0
fixed,5,663,2973496,200,155,0
fixed,5,664,3018535,200,155,0
fixed,5,665,2928915,200,155,0
fixed,5,666,3017125,200,155,0
fixed,5,667,5930141,200,155,0
fixed,5,668,4961802,200,155,0
fixed,5,669,3278207,200,155,0
fixed,5,670,3025066,200,155,0
fixed,5,671,2868714,200,155,0
fixed,5,672,2856244,200,155,0
fixed,5,673,2784194,200,155,0
fixed,5,674,2902174,200,155,0
fixed,5,675,2933024,200,155,0
fixed,5,676,3223878,200,155,0
fixed,5,677,3179617,200,155,0
fixed,5,678,2968545,200,155,0
fixed,5,679,2985755,200,155,0
fixed,5,680,3088096,200,155,0
fixed,5,681,2952515,200,155,0
fixed,5,682,2986455,200,155,0
fixed,5,683,2857865,200,155,0
fixed,5,684,2833314,200,155,0
fixed,5,685,2929064,200,155,0
fixed,5,686,3011736,200,155,0
fixed,5,687,3055166,200,155,0
fixed,5,688,2965445,200,155,0
fixed,5,689,3148056,200,155,0
fixed,5,690,2831045,200,155,0
fixed,5,691,2920014,200,155,0
fixed,5,692,2852374,200,155,0
fixed,5,693,2852534,200,155,0
fixed,5,694,2789964,200,155,0
fixed,5,695,2817534,200,155,0
fixed,5,696,2770993,200,155,0
fixed,5,697,2857065,200,155,0
fixed,5,698,2903764,200,155,0
fixed,5,699,3202177,200,155,0
fixed,5,700,3111797,200,155,0
fixed,5,701,2831834,200,155,0
fixed,5,702,2869704,200,155,0
fixed,5,703,2777564,200,155,0
fixed,5,704,2817883,200,155,0
fixed,5,705,2810394,200,155,0
fixed,5,706,2858834,200,155,0
fixed,5,707,2899565,200,155,0
fixed,5,708,2927395,200,155,0
fixed,5,709,2925404,200,155,0
fixed,5,710,3195238,200,155,0
fixed,5,711,2991755,200,155,0
fixed,5,712,3017165,200,155,0
fixed,5,713,2885895,200,155,0
fixed,5,714,2911254,200,155,0
fixed,5,715,2882825,200,155,0
fixed,5,716,2874364,200,155,0
fixed,5,717,2910065,200,155,0
fixed,5,718,2884434,200,155,0
fixed,5,719,2895235,200,155,0
fixed,5,720,2983035,200,155,0
fixed,5,721,3055006,200,155,0
fixed,5,722,2943525,200,155,0
fixed,5,723,3188117,200,155,0
fixed,5,724,2883674,200,155,0
fixed,5,725,2874074,200,155,0
fixed,5,726,2851025,200,155,0
fixed,5,727,2910064,200,155,0
fixed,5,728,2862414,200,155,0
fixed,5,729,2862155,200,155,0
fixed,5,730,2872474,200,155,0
fixed,5,731,2916755,200,155,0
fixed,5,732,2976115,200,155,0
fixed,5,733,3172807,200,155,0
fixed,5,734,3117036,200,155,0
fixed,5,735,2851614,200,155,0
fixed,5,736,2856704,200,155,0
fixed,5,737,2873175,200,155,0
fixed,5,738,2842644,200,155,0
fixed,5,739,2889034,200,155,0
fixed,5,740,2908945,200,155,0
fixed,5,741,2848284,200,155,0
fixed,5,742,2889054,200,155,0
fixed,5,743,2946525,200,155,0
fixed,5,744,3219908,200,155,0
fixed,5,745,2971225,200,155,0
fixed,5,746,3033945,200,155,0
fixed,5,747,2913755,200,155,0
fixed,5,748,2868514,200,155,0
fixed,5,749,3013336,200,155,0
fixed,5,750,2866064,200,155,0
fixed,5,751,2899135,200,155,0
fixed,5,752,2819883,200,155,0
fixed,5,753,2825024,200,155,0
fixed,5,754,2975286,200,155,0
fixed,5,755,2952844,200,155,0
fixed,5,756,2833325,200,155,0
fixed,5,757,3116486,200,155,0
fixed,5,758,2855474,200,155,0
fixed,5,759,2882664,200,155,0
fixed,5,760,2876545,200,155,0
fixed,5,761,2856164,200,155,0
fixed,5,762,2920015,200,155,0
fixed,5,763,2889754,200,155,0
fixed,5,764,2881404,200,155,0
fixed,5,765,2882445,200,155,0
fixed,5,766,2842494,200,155,0
fixed,5,767,3102186,200,155,0
fixed,5,768,3155537,200,155,0
fixed,5,769,2951915,200,155,0
fixed,5,770,2894184,200,155,0
fixed,5,771,2873445,200,155,0
fixed,5,772,2853654,200,155,0
fixed,5,773,2795434,200,155,0
fixed,5,774,2782613,200,155,0
fixed,5,775,2761873,200,155,0
fixed,5,776,2779774,200,155,0
fixed,5,777,2834664,200,155,0
fixed,5,778,3293608,200,155,0
fixed,5,779,2865914,200,155,0
fixed,5,780,3406879,200,155,0
fixed,5,781,2872044,200,155,0
fixed,5,782,2903735,200,155,0
fixed,5,783,2874564,200,155,0
fixed,5,784,2870034,200,155,0
fixed,5,785,2893935,200,155,0
fixed,5,786,2878354,200,155,0
fixed,5,787,2815804,200,155,0
fixed,5,788,2963845,200,155,0
fixed,5,789,3036886,200,155,0
fixed,5,790,2793553,200,155,0
fixed,5,791,2843584,200,155,0
fixed,5,792,3032995,200,155,0
fixed,5,793,2907825,200,155,0
fixed,5,794,2810073,200,155,0
fixed,5,795,3012506,200,155,0
fixed,5,796,2915655,200,155,0
fixed,5,797,2933884,200,155,0
fixed,5,798,2852235,200,155,0
fixed,5,799,2801193,200,155,0
fixed,5,800,2840424,200,155,0
fixed,5,801,3063285,200,155,0
fixed,5,802,2905325,200,155,0
fixed,5,803,3085246,200,155,0
fixed,5,804,2939345,200,155,0
fixed,5,805,2841064,200,155,0
fixed,5,806,2900904,200,155,0
fixed,5,807,2841744,200,155,0
fixed,5,808,2791024,200,155,0
fixed,5,809,2755273,200,155,0
fixed,5,810,2770014,200,155,0
fixed,5,811,2838104,200,155,0
fixed,5,812,2938645,200,155,0
fixed,5,813,2911824,200,155,0
fixed,5,814,2835694,200,155,0
fixed,5,815,3148377,200,155,0
fixed,5,816,2903115,200,155,0
fixed,5,817,2915094,200,155,0
fixed,5,818,2877725,200,155,0
fixed,5,819,2842754,200,155,0
fixed,5,820,2799093,200,155,0
fixed,5,821,2845474,200,155,0
fixed,5,822,2994266,200,155,0
fixed,5,823,2994395,200,155,0
fixed,5,824,2871194,200,155,0
fixed,5,825,2865675,200,155,0
fixed,5,826,3187787,200,155,0
fixed,5,827,2812263,200,155,0
fixed,5,828,3037396,200,155,0
fixed,5,829,2841004,200,155,0
fixed,5,830,2871045,200,155,0
fixed,5,831,2868004,200,155,0
fixed,5,832,2805603,200,155,0
fixed,5,833,2781784,200,155,0
fixed,5,834,2887524,200,155,0
fixed,5,835,3228648,200,155,0
fixed,5,836,2828594,200,155,0
fixed,5,837,2980245,200,155,0
fixed,5,838,2998805,200,155,0
fixed,5,839,2847774,200,155,0
fixed,5,840,2855445,200,155,0
fixed,5,841,2875454,200,155,0
fixed,5,842,2823714,200,155,0
fixed,5,843,2829384,200,155,0
fixed,5,844,2778213,200,155,0
fixed,5,845,2857105,200,155,0
fixed,5,846,3025205,200,155,0
fixed,5,847,3006326,200,155,0
fixed,5,848,2863304,200,155,0
fixed,5,849,3210477,200,155,0
fixed,5,850,2849084,200,155,0
fixed,5,851,2837614,200,155,0
fixed,5,852,2850314,200,155,0
fixed,5,853,2830174,200,155,0
fixed,5,854,2837894,200,155,0
fixed,5,855,2773544,200,155,0
fixed,5,856,2865074,200,155,0
fixed,5,857,3116456,200,155,0
fixed,5,858,2906915,200,155,0
fixed,5,859,2866274,200,155,0
fixed,5,860,2895075,200,155,0
fixed,5,861,2997925,200,155,0
fixed,5,862,2835494,200,155,0
fixed,5,863,2779693,200,155,0
fixed,5,864,2863485,200,155,0
fixed,5,865,2866174,200,155,0
fixed,5,866,2785673,200,155,0
fixed,5,867,2716684,200,155,0
fixed,5,868,2890314,200,155,0
fixed,5,869,2951585,200,155,0
fixed,5,870,3042226,200,155,0
fixed,5,871,2825073,200,155,0
fixed,5,872,3085326,200,155,0
fixed,5,873,2877904,200,155,0
fixed,5,874,2886604,200,155,0
fixed,5,875,2810914,200,155,0
fixed,5,876,2842914,200,155,0
fixed,5,877,2781434,200,155,0
fixed,5,878,2843174,200,155,0
fixed,5,879,2919925,200,155,0
fixed,5,880,2948535,200,155,0
fixed,5,881,3178976,200,155,0
fixed,5,882,2824894,200,155,0
fixed,5,883,3078816,200,155,0
fixed,5,884,2903155,200,155,0
fixed,5,885,2769353,200,155,0
fixed,5,886,2876455,200,155,0
fixed,5,887,2873034,200,155,0
fixed,5,888,2798584,200,155,0
fixed,5,889,2810504,200,155,0
fixed,5,890,2816183,200,155,0
fixed,5,891,2997936,200,155,0
fixed,5,892,3126306,200,155,0
fixed,5,893,2877484,200,155,0
fixed,5,894,2845824,200,155,0
fixed,5,895,3114206,200,155,0
fixed,5,896,2715333,200,155,0
fixed,5,897,2823454,200,155,0
fixed,5,898,2786073,200,155,0
fixed,5,899,2865095,200,155,0
fixed,5,900,2898134,200,155,0
fixed,5,901,2878244,200,155,0
fixed,5,902,2871685,200,155,0
fixed,5,903,2939445,200,155,0
fixed,5,904,3185537,200,155,0
fixed,5,905,2813433,200,155,0
fixed,5,906,2899815,200,155,0
fixed,5,907,3064676,200,155,0
fixed,5,908,2868554,200,155,0
fixed,5,909,2893005,200,155,0
fixed,5,910,2851854,200,155,0
fixed,5,911,2782483,200,155,0
fixed,5,912,2824094,200,155,0
fixed,5,913,2837754,200,155,0
fixed,5,914,2854945,200,155,0
fixed,5,915,2960164,200,155,0
fixed,5,916,2915525,200,155,0
fixed,5,917,2842114,200,155,0
fixed,5,918,3102606,200,155,0
fixed,5,919,2838905,200,155,0
fixed,5,920,2781593,200,155,0
fixed,5,921,2739703,200,155,0
fixed,5,922,2760054,200,155,0
fixed,5,923,2679622,200,155,0
fixed,5,924,2648263,200,155,0
fixed,5,925,3257857,200,155,0
fixed,5,926,2945935,200,155,0
fixed,5,927,2934545,200,155,0
fixed,5,928,2823994,200,155,0
fixed,5,929,2979305,200,155,0
fixed,5,930,3121276,200,155,0
fixed,5,931,2869085,200,155,0
fixed,5,932,2885344,200,155,0
fixed,5,933,2883255,200,155,0
fixed,5,934,2844714,200,155,0
fixed,5,935,2821594,200,155,0
fixed,5,936,2805243,200,155,0
fixed,5,937,2851244,200,155,0
fixed,5,938,2887775,200,155,0
fixed,5,939,3001085,200,155,0
fixed,5,940,2875175,200,155,0
fixed,5,941,2972235,200,155,0
fixed,5,942,2846414,200,155,0
fixed,5,943,2877394,200,155,0
fixed,5,944,2801694,200,155,0
fixed,5,945,2854664,200,155,0
fixed,5,946,2856074,200,155,0
fixed,5,947,2861124,200,155,0
fixed,5,948,2772014,200,155,0
fixed,5,949,2861894,200,155,0
fixed,5,950,3370619,200,155,0
fixed,5,951,2971555,200,155,0
fixed,5,952,2933855,200,155,0
fixed,5,953,3087146,200,155,0
fixed,5,954,2875244,200,155,0
fixed,5,955,2855444,200,155,0
fixed,5,956,2891685,200,155,0
fixed,5,957,2861014,200,155,0
fixed,5,958,2851334,200,155,0
fixed,5,959,2789264,200,155,0
fixed,5,960,2900604,200,155,0
fixed,5,961,2970645,200,155,0
fixed,5,962,2846004,200,155,0
fixed,5,963,2805284,200,155,0
fixed,5,964,2929255,200,155,0
fixed,5,965,2989055,200,155,0
fixed,5,966,2900285,200,155,0
fixed,5,967,2820524,200,155,0
fixed,5,968,2933064,200,155,0
fixed,5,969,2808264,200,155,0
fixed,5,970,2795744,200,155,0
fixed,5,971,2851624,200,155,0
fixed,5,972,2866684,200,155,0
fixed,5,973,3228897,200,155,0
fixed,5,974,2834025,200,155,0
fixed,5,975,2914084,200,155,0
fixed,5,976,3036596,200,155,0
fixed,5,977,4157815,200,155,0
fixed,5,978,2797944,200,155,0
fixed,5,979,2877484,200,155,0
fixed,5,980,2834204,200,155,0
fixed,5,981,2830854,200,155,0
fixed,5,982,2843754,200,155,0
fixed,5,983,2899155,200,155,0
fixed,5,984,3247907,200,155,0
fixed,5,985,2904635,200,155,0
fixed,5,986,2902524,200,155,0
fixed,5,987,3028486,200,155,0
fixed,5,988,2950515,200,155,0
fixed,5,989,2842554,200,155,0
fixed,5,990,2815964,200,155,0
fixed,5,991,2892304,200,155,0
fixed,5,992,2806264,200,155,0
fixed,5,993,2801134,200,155,0
fixed,5,994,2928174,200,155,0
fixed,5,995,3043556,200,155,0
fixed,5,996,2892645,200,155,0
fixed,5,997,2864414,200,155,0
fixed,5,998,3018695,200,155,0
fixed,5,999,2886414,200,155,0
fixed,5,1000,2764283,200,155,0
fixed,6,1,3265257,200,155,0
fixed,6,2,4475058,200,155,0
fixed,6,3,3137427,200,155,0
fixed,6,4,3160706,200,155,0
fixed,6,5,3867193,200,155,0
fixed,6,6,5507277,200,155,0
fixed,6,7,5890870,200,155,0
fixed,6,8,3284087,200,155,0
fixed,6,9,3340589,200,155,0
fixed,6,10,5172343,200,155,0
fixed,6,11,3211388,200,155,0
fixed,6,12,3898382,200,155,0
fixed,6,13,3334849,200,155,0
fixed,6,14,3311208,200,155,0
fixed,6,15,3663711,200,155,0
fixed,6,16,3286897,200,155,0
fixed,6,17,2999606,200,155,0
fixed,6,18,2953425,200,155,0
fixed,6,19,4261196,200,155,0
fixed,6,20,3291348,200,155,0
fixed,6,21,2980755,200,155,0
fixed,6,22,3399279,200,155,0
fixed,6,23,3259777,200,155,0
fixed,6,24,3207827,200,155,0
fixed,6,25,3187737,200,155,0
fixed,6,26,3308688,200,155,0
fixed,6,27,3070466,200,155,0
fixed,6,28,3031786,200,155,0
fixed,6,29,2878314,200,155,0
fixed,6,30,3450729,200,155,0
fixed,6,31,2945505,200,155,0
fixed,6,32,2910805,200,155,0
fixed,6,33,3169217,200,155,0
fixed,6,34,2955555,200,155,0
fixed,6,35,2986445,200,155,0
fixed,6,36,3026965,200,155,0
fixed,6,37,3240308,200,155,0
fixed,6,38,2911194,200,155,0
fixed,6,39,2836274,200,155,0
fixed,6,40,2899015,200,155,0
fixed,6,41,3271438,200,155,0
fixed,6,42,2900064,200,155,0
fixed,6,43,2897575,200,155,0
fixed,6,44,2859584,200,155,0
fixed,6,45,2808723,200,155,0
fixed,6,46,2816034,200,155,0
fixed,6,47,3269778,200,155,0
fixed,6,48,3049896,200,155,0
fixed,6,49,2911694,200,155,0
fixed,6,50,3135057,200,155,0
fixed,6,51,3427999,200,155,0
fixed,6,52,3845462,200,155,0
fixed,6,53,3399329,200,155,0
fixed,6,54,3339698,200,155,0
fixed,6,55,3552950,200,155,0
fixed,6,56,3684672,200,155,0
fixed,6,57,3795892,200,155,0
fixed,6,58,3806372,200,155,0
fixed,6,59,3636131,200,155,0
fixed,6,60,3489569,200,155,0
fixed,6,61,3266388,200,155,0
fixed,6,62,2969715,200,155,0
fixed,6,63,3309398,200,155,0
fixed,6,64,2948215,200,155,0
fixed,6,65,2940905,200,155,0
fixed,6,66,2982585,200,155,0
fixed,6,67,3302848,200,155,0
fixed,6,68,3301758,200,155,0
fixed,6,69,2979035,200,155,0
fixed,6,70,2978845,200,155,0
fixed,6,71,2892054,200,155,0
fixed,6,72,3158437,200,155,0
fixed,6,73,2927705,200,155,0
fixed,6,74,2907864,200,155,0
fixed,6,75,2916095,200,155,0
fixed,6,76,2995886,200,155,0
fixed,6,77,2913634,200,155,0
fixed,6,78,3110096,200,155,0
fixed,6,79,2948105,200,155,0
fixed,6,80,3005706,200,155,0
fixed,6,81,2918434,200,155,0
fixed,6,82,2882975,200,155,0
fixed,6,83,3123906,200,155,0
fixed,6,84,3015416,200,155,0
fixed,6,85,2887994,200,155,0
fixed,6,86,3046756,200,155,0
fixed,6,87,2940415,200,155,0
fixed,6,88,2921645,200,155,0
fixed,6,89,2993875,200,155,0
fixed,6,90,3258627,200,155,0
fixed,6,91,3127527,200,155,0
fixed,6,92,3095646,200,155,0
fixed,6,93,2950115,200,155,0
fixed,6,94,3341738,200,155,0
fixed,6,95,2929285,200,155,0
fixed,6,96,2871954,200,155,0
fixed,6,97,4710460,200,155,0
fixed,6,98,2977775,200,155,0
fixed,6,99,3014006,200,155,0
fixed,6,100,3049305,200,155,0
fixed,6,101,3128357,200,155,0
fixed,6,102,2872344,200,155,0
fixed,6,103,2891405,200,155,0
fixed,6,104,3006265,200,155,0
fixed,6,105,3268198,200,155,0
fixed,6,106,2970665,200,155,0
fixed,6,107,2935564,200,155,0
fixed,6,108,2883985,200,155,0
fixed,6,109,2852034,200,155,0
fixed,6,110,2994055,200,155,0
fixed,6,111,3243198,200,155,0
fixed,6,112,3084186,200,155,0
fixed,6,113,2933365,200,155,0
fixed,6,114,2920594,200,155,0
fixed,6,115,2896215,200,155,0
fixed,6,116,3150856,200,155,0
fixed,6,117,2942265,200,155,0
fixed,6,118,2923425,200,155,0
fixed,6,119,2870744,200,155,0
fixed,6,120,2936555,200,155,0
fixed,6,121,2971665,200,155,0
fixed,6,122,2938065,200,155,0
fixed,6,123,3212797,200,155,0
fixed,6,124,2910165,200,155,0
fixed,6,125,2839924,200,155,0
fixed,6,126,2994535,200,155,0
fixed,6,127,3274648,200,155,0
fixed,6,128,2975685,200,155,0
fixed,6,129,3013505,200,155,0
fixed,6,130,2887095,200,155,0
fixed,6,131,2903724,200,155,0
fixed,6,132,2921585,200,155,0
fixed,6,133,3013106,200,155,0
fixed,6,134,3355568,200,155,0
fixed,6,135,2934045,200,155,0
fixed,6,136,3007405,200,155,0
fixed,6,137,3018716,200,155,0
fixed,6,138,3338108,200,155,0
fixed,6,139,2990585,200,155,0
fixed,6,140,2958135,200,155,0
fixed,6,141,2913325,200,155,0
fixed,6,142,2917205,200,155,0
fixed,6,143,2965935,200,155,0
fixed,6,144,3128046,200,155,0
fixed,6,145,2975325,200,155,0
fixed,6,146,3006056,200,155,0
fixed,6,147,3084626,200,155,0
fixed,6,148,3173907,200,155,0
fixed,6,149,3351738,200,155,0
fixed,6,150,2935625,200,155,0
fixed,6,151,2917724,200,155,0
fixed,6,152,2900165,200,155,0
fixed,6,153,2949375,200,155,0
fixed,6,154,2863144,200,155,0
fixed,6,155,2986475,200,155,0
fixed,6,156,3253188,200,155,0
fixed,6,157,2896414,200,155,0
fixed,6,158,2861714,200,155,0
fixed,6,159,2912215,200,155,0
fixed,6,160,3210757,200,155,0
fixed,6,161,3001626,200,155,0
fixed,6,162,2901384,200,155,0
fixed,6,163,2938585,200,155,0
fixed,6,164,2870274,200,155,0
fixed,6,165,2866505,200,155,0
fixed,6,166,3032225,200,155,0
fixed,6,167,3211647,200,155,0
fixed,6,168,3060876,200,155,0
fixed,6,169,2928515,200,155,0
fixed,6,170,2873014,200,155,0
fixed,6,171,2966115,200,155,0
fixed,6,172,3088156,200,155,0
fixed,6,173,2881554,200,155,0
fixed,6,174,2868274,200,155,0
fixed,6,175,2877074,200,155,0
fixed,6,176,2819074,200,155,0
fixed,6,177,3004086,200,155,0
fixed,6,178,3080866,200,155,0
fixed,6,179,2893264,200,155,0
fixed,6,180,2904735,200,155,0
fixed,6,181,2877284,200,155,0
fixed,6,182,2988935,200,155,0
fixed,6,183,3231137,200,155,0
fixed,6,184,2902965,200,155,0
fixed,6,185,2884194,200,155,0
fixed,6,186,2799133,200,155,0
fixed,6,187,2782144,200,155,0
fixed,6,188,2906974,200,155,0
fixed,6,189,3024696,200,155,0
fixed,6,190,3178027,200,155,0
fixed,6,191,2889654,200,155,0
fixed,6,192,2864124,200,155,0
fixed,6,193,2902655,200,155,0
fixed,6,194,3306658,200,155,0
fixed,6,195,2892824,200,155,0
fixed,6,196,2906985,200,155,0
fixed,6,197,2874594,200,155,0
fixed,6,198,2893745,200,155,0
fixed,6,199,2931605,200,155,0
fixed,6,200,2960364,200,155,0
fixed,6,201,3233117,200,155,0
fixed,6,202,2904444,200,155,0
fixed,6,203,2889085,200,155,0
fixed,6,204,2936815,200,155,0
fixed,6,205,3295648,200,155,0
fixed,6,206,3172176,200,155,0
fixed,6,207,3055366,200,155,0
fixed,6,208,2875925,200,155,0
fixed,6,209,2867924,200,155,0
fixed,6,210,2994865,200,155,0
fixed,6,211,3051366,200,155,0
fixed,6,212,2900784,200,155,0
fixed,6,213,2906795,200,155,0
fixed,6,214,2897475,200,155,0
fixed,6,215,2842713,200,155,0
fixed,6,216,3292828,200,155,0
fixed,6,217,3192057,200,155,0
fixed,6,218,3015076,200,155,0
fixed,6,219,2922954,200,155,0
fixed,6,220,2877375,200,155,0
fixed,6,221,2850094,200,155,0
fixed,6,222,2908094,200,155,0
fixed,6,223,3202448,200,155,0
fixed,6,224,3017295,200,155,0
fixed,6,225,2884574,200,155,0
fixed,6,226,2849615,200,155,0
fixed,6,227,2923794,200,155,0
fixed,6,228,3115547,200,155,0
fixed,6,229,3036265,200,155,0
fixed,6,230,2882275,200,155,0
fixed,6,231,2830444,200,155,0
fixed,6,232,2794183,200,155,0
fixed,6,233,2871855,200,155,0
fixed,6,234,2967915,200,155,0
fixed,6,235,3264057,200,155,0
fixed,6,236,2978565,200,155,0
fixed,6,237,2833134,200,155,0
fixed,6,238,3218738,200,155,0
fixed,6,239,3394628,200,155,0
fixed,6,240,3092076,200,155,0
fixed,6,241,3015546,200,155,0
fixed,6,242,3012215,200,155,0
fixed,6,243,3000656,200,155,0
fixed,6,244,3284048,200,155,0
fixed,6,245,3190656,200,155,0
fixed,6,246,3011196,200,155,0
fixed,6,247,2941485,200,155,0
fixed,6,248,2954155,200,155,0
fixed,6,249,3090136,200,155,0
fixed,6,250,3177767,200,155,0
fixed,6,251,3026215,200,155,0
fixed,6,252,3131747,200,155,0
fixed,6,253,3047285,200,155,0
fixed,6,254,3085257,200,155,0
fixed,6,255,3033125,200,155,0
fixed,6,256,3354128,200,155,0
fixed,6,257,3086157,200,155,0
fixed,6,258,4735950,200,155,0
fixed,6,259,3259137,200,155,0
fixed,6,260,3501360,200,155,0
fixed,6,261,3135146,200,155,0
fixed,6,262,3135727,200,155,0
fixed,6,263,2955245,200,155,0
fixed,6,264,2971305,200,155,0
fixed,6,265,3047636,200,155,0
fixed,6,266,3311288,200,155,0
fixed,6,267,3001805,200,155,0
fixed,6,268,2991675,200,155,0
fixed,6,269,2948145,200,155,0
fixed,6,270,3107936,200,155,0
fixed,6,271,3037285,200,155,0
fixed,6,272,2956835,200,155,0
fixed,6,273,2925675,200,155,0
fixed,6,274,2964055,200,155,0
fixed,6,275,3004815,200,155,0
fixed,6,276,3144507,200,155,0
fixed,6,277,3113366,200,155,0
fixed,6,278,3097686,200,155,0
fixed,6,279,2991226,200,155,0
fixed,6,280,2939975,200,155,0
fixed,6,281,3033595,200,155,0
fixed,6,282,3158767,200,155,0
fixed,6,283,3004035,200,155,0
fixed,6,284,3139447,200,155,0
fixed,6,285,3016605,200,155,0
fixed,6,286,3005616,200,155,0
fixed,6,287,3117896,200,155,0
fixed,6,288,3127026,200,155,0
fixed,6,289,3091186,200,155,0
fixed,6,290,2928185,200,155,0
fixed,6,291,3139267,200,155,0
fixed,6,292,4006714,200,155,0
fixed,6,293,2972115,200,155,0
fixed,6,294,2975115,200,155,0
fixed,6,295,2946555,200,155,0
fixed,6,296,2870414,200,155,0
fixed,6,297,2862724,200,155,0
fixed,6,298,2979035,200,155,0
fixed,6,299,3224768,200,155,0
fixed,6,300,3093036,200,155,0
fixed,6,301,2926555,200,155,0
fixed,6,302,2865584,200,155,0
fixed,6,303,3263467,200,155,0
fixed,6,304,2957815,200,155,0
fixed,6,305,2943775,200,155,0
fixed,6,306,2890364,200,155,0
fixed,6,307,2903394,200,155,0
fixed,6,308,2894305,200,155,0
fixed,6,309,3022935,200,155,0
fixed,6,310,2944465,200,155,0
fixed,6,311,2954575,200,155,0
fixed,6,312,3006895,200,155,0
fixed,6,313,2915165,200,155,0
fixed,6,314,3026386,200,155,0
fixed,6,315,3054145,200,155,0
fixed,6,316,3053176,200,155,0
fixed,6,317,3005536,200,155,0
fixed,6,318,3028285,200,155,0
fixed,6,319,3018106,200,155,0
fixed,6,320,3201597,200,155,0
fixed,6,321,3319508,200,155,0
fixed,6,322,2886944,200,155,0
fixed,6,323,2873184,200,155,0
fixed,6,324,2847885,200,155,0
fixed,6,325,2909094,200,155,0
fixed,6,326,3097206,200,155,0
fixed,6,327,2908005,200,155,0
fixed,6,328,2867674,200,155,0
fixed,6,329,2887765,200,155,0
fixed,6,330,2865644,200,155,0
fixed,6,331,2936165,200,155,0
fixed,6,332,2988995,200,155,0
fixed,6,333,2999835,200,155,0
fixed,6,334,2899335,200,155,0
fixed,6,335,2858644,200,155,0
fixed,6,336,2867704,200,155,0
fixed,6,337,3143267,200,155,0
fixed,6,338,2828304,200,155,0
fixed,6,339,2832354,200,155,0
fixed,6,340,2805433,200,155,0
fixed,6,341,2791934,200,155,0
fixed,6,342,2882864,200,155,0
fixed,6,343,3016396,200,155,0
fixed,6,344,2785553,200,155,0
fixed,6,345,2796824,200,155,0
fixed,6,346,2849814,200,155,0
fixed,6,347,2801294,200,155,0
fixed,6,348,2949884,200,155,0
fixed,6,349,3092367,200,155,0
fixed,6,350,3000325,200,155,0
fixed,6,351,2928095,200,155,0
fixed,6,352,2870754,200,155,0
fixed,6,353,2889165,200,155,0
fixed,6,354,2891224,200,155,0
fixed,6,355,2985965,200,155,0
fixed,6,356,3082636,200,155,0
fixed,6,357,2909555,200,155,0
fixed,6,358,2865594,200,155,0
fixed,6,359,2946405,200,155,0
fixed,6,360,3162587,200,155,0
fixed,6,361,2892544,200,155,0
fixed,6,362,2872684,200,155,0
fixed,6,363,2831804,200,155,0
fixed,6,364,2841134,200,155,0
fixed,6,365,2954375,200,155,0
fixed,6,366,2929845,200,155,0
fixed,6,367,3081686,200,155,0
fixed,6,368,2898235,200,155,0
fixed,6,369,2845574,200,155,0
fixed,6,370,2934005,200,155,0
fixed,6,371,3214837,200,155,0
fixed,6,372,2896434,200,155,0
fixed,6,373,2909775,200,155,0
fixed,6,374,2903044,200,155,0
fixed,6,375,2822144,200,155,0
fixed,6,376,2887034,200,155,0
fixed,6,377,3082697,200,155,0
fixed,6,378,2899894,200,155,0
fixed,6,379,2892664,200,155,0
fixed,6,380,2869955,200,155,0
fixed,6,381,2811804,200,155,0
fixed,6,382,3549149,200,155,0
fixed,6,383,3034436,200,155,0
fixed,6,384,2912265,200,155,0
fixed,6,385,2837404,200,155,0
fixed,6,386,2863244,200,155,0
fixed,6,387,2883024,200,155,0
fixed,6,388,3411289,200,155,0
fixed,6,389,5248645,200,155,0
fixed,6,390,4638799,200,155,0
fixed,6,391,2910624,200,155,0
fixed,6,392,3031346,200,155,0
fixed,6,393,2952665,200,155,0
fixed,6,394,3286608,200,155,0
fixed,6,395,2838384,200,155,0
fixed,6,396,2815324,200,155,0
fixed,6,397,2859324,200,155,0
fixed,6,398,3464829,200,155,0
fixed,6,399,3209357,200,155,0
fixed,6,400,2920805,200,155,0
fixed,6,401,2821874,200,155,0
fixed,6,402,5035732,200,155,0
fixed,6,403,3523880,200,155,0
fixed,6,404,2943705,200,155,0
fixed,6,405,2903314,200,155,0
fixed,6,406,3367129,200,155,0
fixed,6,407,2897794,200,155,0
fixed,6,408,3331998,200,155,0
fixed,6,409,3021176,200,155,0
fixed,6,410,3200157,200,155,0
fixed,6,411,6098282,200,155,0
fixed,6,412,4504248,200,155,0
fixed,6,413,3125756,200,155,0
fixed,6,414,2927405,200,155,0
fixed,6,415,2955465,200,155,0
fixed,6,416,2929474,200,155,0
fixed,6,417,3133037,200,155,0
fixed,6,418,3205387,200,155,0
fixed,6,419,3080916,200,155,0
fixed,6,420,3005516,200,155,0
fixed,6,421,2905474,200,155,0
fixed,6,422,2997695,200,155,0
fixed,6,423,3294458,200,155,0
fixed,6,424,3033346,200,155,0
fixed,6,425,2999585,200,155,0
fixed,6,426,2952895,200,155,0
fixed,6,427,2913585,200,155,0
fixed,6,428,2909804,200,155,0
fixed,6,429,2917825,200,155,0
fixed,6,430,3035446,200,155,0
fixed,6,431,2865444,200,155,0
fixed,6,432,2893784,200,155,0
fixed,6,433,2901965,200,155,0
fixed,6,434,3326318,200,155,0
fixed,6,435,2878794,200,155,0
fixed,6,436,2835344,200,155,0
fixed,6,437,2831374,200,155,0
fixed,6,438,2928225,200,155,0
fixed,6,439,2911875,200,155,0
fixed,6,440,3030205,200,155,0
fixed,6,441,2801224,200,155,0
fixed,6,442,2815254,200,155,0
fixed,6,443,2763503,200,155,0
fixed,6,444,2790073,200,155,0
fixed,6,445,2908184,200,155,0
fixed,6,446,3184467,200,155,0
fixed,6,447,2866284,200,155,0
fixed,6,448,2919925,200,155,0
fixed,6,449,2936495,200,155,0
fixed,6,450,2918234,200,155,0
fixed,6,451,3056396,200,155,0
fixed,6,452,3073826,200,155,0
fixed,6,453,2933515,200,155,0
fixed,6,454,2898174,200,155,0
fixed,6,455,2834264,200,155,0
fixed,6,456,2841864,200,155,0
fixed,6,457,3214947,200,155,0
fixed,6,458,2812863,200,155,0
fixed,6,459,2820774,200,155,0
fixed,6,460,2805164,200,155,0
fixed,6,461,2776023,200,155,0
fixed,6,462,2788934,200,155,0
fixed,6,463,2890515,200,155,0
fixed,6,464,3146056,200,155,0
fixed,6,465,2778483,200,155,0
fixed,6,466,2748974,200,155,0
fixed,6,467,2741553,200,155,0
fixed,6,468,2953015,200,155,0
fixed,6,469,2981375,200,155,0
fixed,6,470,2845054,200,155,0
fixed,6,471,2799594,200,155,0
fixed,6,472,2824364,200,155,0
fixed,6,473,2837134,200,155,0
fixed,6,474,2969795,200,155,0
fixed,6,475,3248307,200,155,0
fixed,6,476,2897375,200,155,0
fixed,6,477,2820534,200,155,0
fixed,6,478,2769113,200,155,0
fixed,6,479,2832794,200,155,0
fixed,6,480,3250867,200,155,0
fixed,6,481,2816064,200,155,0
fixed,6,482,2865694,200,155,0
fixed,6,483,2829314,200,155,0
fixed,6,484,2787894,200,155,0
fixed,6,485,2817914,200,155,0
fixed,6,486,2845404,200,155,0
fixed,6,487,3084216,200,155,0
fixed,6,488,2879154,200,155,0
fixed,6,489,2833424,200,155,0
fixed,6,490,2841564,200,155,0
fixed,6,491,3046406,200,155,0
fixed,6,492,2970065,200,155,0
fixed,6,493,2842724,200,155,0
fixed,6,494,2810714,200,155,0
fixed,6,495,2798053,200,155,0
fixed,6,496,3091686,200,155,0
fixed,6,497,2959975,200,155,0
fixed,6,498,3347839,200,155,0
fixed,6,499,2907834,200,155,0
fixed,6,500,2905835,200,155,0
fixed,6,501,2865054,200,155,0
fixed,6,502,2986815,200,155,0
fixed,6,503,3228108,200,155,0
fixed,6,504,2837124,200,155,0
fixed,6,505,2816453,200,155,0
fixed,6,506,2797004,200,155,0
fixed,6,507,2848344,200,155,0
fixed,6,508,2895215,200,155,0
fixed,6,509,2987075,200,155,0
fixed,6,510,2899314,200,155,0
fixed,6,511,2888145,200,155,0
fixed,6,512,2873964,200,155,0
fixed,6,513,2831284,200,155,0
fixed,6,514,3056416,200,155,0
fixed,6,515,2936695,200,155,0
fixed,6,516,2912144,200,155,0
fixed,6,517,2865704,200,155,0
fixed,6,518,2803904,200,155,0
fixed,6,519,2847184,200,155,0
fixed,6,520,2865494,200,155,0
fixed,6,521,3412529,200,155,0
fixed,6,522,3074036,200,155,0
fixed,6,523,2984555,200,155,0
fixed,6,524,3061966,200,155,0
fixed,6,525,3312868,200,155,0
fixed,6,526,2960135,200,155,0
fixed,6,527,2936015,200,155,0
fixed,6,528,3049546,200,155,0
fixed,6,529,2816924,200,155,0
fixed,6,530,2958255,200,155,0
fixed,6,531,2963225,200,155,0
fixed,6,532,3242257,200,155,0
fixed,6,533,2911875,200,155,0
fixed,6,534,2849454,200,155,0
fixed,6,535,2802673,200,155,0
fixed,6,536,2833084,200,155,0
fixed,6,537,3359219,200,155,0
fixed,6,538,3166466,200,155,0
fixed,6,539,2999496,200,155,0
fixed,6,540,3140596,200,155,0
fixed,6,541,2900225,200,155,0
fixed,6,542,3076446,200,155,0
fixed,6,543,2808774,200,155,0
fixed,6,544,2790103,200,155,0
fixed,6,545,2782264,200,155,0
fixed,6,546,2883134,200,155,0
fixed,6,547,2915385,200,155,0
fixed,6,548,3178087,200,155,0
fixed,6,549,2886494,200,155,0
fixed,6,550,2889214,200,155,0
fixed,6,551,2826173,200,155,0
fixed,6,552,2821864,200,155,0
fixed,6,553,2832104,200,155,0
fixed,6,554,2945855,200,155,0
fixed,6,555,3069776,200,155,0
fixed,6,556,2963095,200,155,0
fixed,6,557,2876794,200,155,0
fixed,6,558,2887565,200,155,0
fixed,6,559,3263797,200,155,0
fixed,6,560,2921625,200,155,0
fixed,6,561,2929465,200,155,0
fixed,6,562,3014115,200,155,0
fixed,6,563,2881734,200,155,0
fixed,6,564,2927235,200,155,0
fixed,6,565,2942015,200,155,0
fixed,6,566,3186987,200,155,0
fixed,6,567,2806084,200,155,0
fixed,6,568,2795623,200,155,0
fixed,6,569,2755334,200,155,0
fixed,6,570,2995225,200,155,0
fixed,6,571,3168367,200,155,0
fixed,6,572,3023385,200,155,0
fixed,6,573,2923755,200,155,0
fixed,6,574,2924445,200,155,0
fixed,6,575,2927855,200,155,0
fixed,6,576,3281977,200,155,0
fixed,6,577,2949955,200,155,0
fixed,6,578,2846964,200,155,0
fixed,6,579,2822674,200,155,0
fixed,6,580,2806634,200,155,0
fixed,6,581,2970065,200,155,0
fixed,6,582,3164757,200,155,0
fixed,6,583,2858984,200,155,0
fixed,6,584,2857024,200,155,0
fixed,6,585,2869454,200,155,0
fixed,6,586,2824524,200,155,0
fixed,6,587,2976075,200,155,0
fixed,6,588,2868114,200,155,0
fixed,6,589,3053946,200,155,0
fixed,6,590,2899055,200,155,0
fixed,6,591,3832272,200,155,0
fixed,6,592,2904344,200,155,0
fixed,6,593,3151006,200,155,0
fixed,6,594,2868824,200,155,0
fixed,6,595,2866575,200,155,0
fixed,6,596,2837264,200,155,0
fixed,6,597,2823123,200,155,0
fixed,6,598,2901925,200,155,0
fixed,6,599,2986595,200,155,0
fixed,6,600,3258578,200,155,0
fixed,6,601,2895634,200,155,0
fixed,6,602,2890435,200,155,0
fixed,6,603,2814093,200,155,0
fixed,6,604,3064996,200,155,0
fixed,6,605,2874354,200,155,0
fixed,6,606,2821744,200,155,0
fixed,6,607,2883665,200,155,0
fixed,6,608,2864244,200,155,0
fixed,6,609,2930125,200,155,0
fixed,6,610,3156906,200,155,0
fixed,6,611,2890375,200,155,0
fixed,6,612,2826074,200,155,0
fixed,6,613,2777603,200,155,0
fixed,6,614,2798894,200,155,0
fixed,6,615,2933275,200,155,0
fixed,6,616,3132616,200,155,0
fixed,6,617,2867904,200,155,0
fixed,6,618,2789044,200,155,0
fixed,6,619,2801423,200,155,0
fixed,6,620,2805684,200,155,0
fixed,6,621,2933125,200,155,0
fixed,6,622,2913224,200,155,0
fixed,6,623,3080747,200,155,0
fixed,6,624,2915794,200,155,0
fixed,6,625,3013356,200,155,0
fixed,6,626,4663119,200,155,0
fixed,6,627,3193997,200,155,0
fixed,6,628,2863504,200,155,0
fixed,6,629,2966075,200,155,0
fixed,6,630,2967235,200,155,0
fixed,6,631,3019396,200,155,0
fixed,6,632,2918294,200,155,0
fixed,6,633,3175507,200,155,0
fixed,6,634,2937995,200,155,0
fixed,6,635,2890865,200,155,0
fixed,6,636,2849724,200,155,0
fixed,6,637,2955544,200,155,0
fixed,6,638,3077247,200,155,0
fixed,6,639,2845554,200,155,0
fixed,6,640,2889054,200,155,0
fixed,6,641,2806414,200,155,0
fixed,6,642,2813143,200,155,0
fixed,6,643,2959165,200,155,0
fixed,6,644,3013145,200,155,0
fixed,6,645,2848724,200,155,0
fixed,6,646,2857424,200,155,0
fixed,6,647,2793144,200,155,0
fixed,6,648,2771393,200,155,0
fixed,6,649,3043236,200,155,0
fixed,6,650,2788613,200,155,0
fixed,6,651,2841514,200,155,0
fixed,6,652,2803704,200,155,0
fixed,6,653,2748363,200,155,0
fixed,6,654,2882975,200,155,0
fixed,6,655,2865594,200,155,0
fixed,6,656,3082116,200,155,0
fixed,6,657,2987305,200,155,0
fixed,6,658,2992085,200,155,0
fixed,6,659,2749884,200,155,0
fixed,6,660,2901204,200,155,0
fixed,6,661,3119776,200,155,0
fixed,6,662,2929725,200,155,0
fixed,6,663,2751284,200,155,0
fixed,6,664,2964975,200,155,0
fixed,6,665,2937864,200,155,0
fixed,6,666,2971985,200,155,0
fixed,6,667,5889140,200,155,0
fixed,6,668,3052026,200,155,0
fixed,6,669,2949515,200,155,0
fixed,6,670,2858574,200,155,0
fixed,6,671,3141477,200,155,0
fixed,6,672,2827483,200,155,0
fixed,6,673,2812894,200,155,0
fixed,6,674,2866884,200,155,0
fixed,6,675,2809374,200,155,0
fixed,6,676,2830714,200,155,0
fixed,6,677,2971985,200,155,0
fixed,6,678,2841154,200,155,0
fixed,6,679,2766254,200,155,0
fixed,6,680,3000995,200,155,0
fixed,6,681,2783143,200,155,0
fixed,6,682,3116947,200,155,0
fixed,6,683,3044876,200,155,0
fixed,6,684,2965935,200,155,0
fixed,6,685,2843533,200,155,0
fixed,6,686,2875315,200,155,0
fixed,6,687,2773873,200,155,0
fixed,6,688,2864344,200,155,0
fixed,6,689,2917935,200,155,0
fixed,6,690,2973035,200,155,0
fixed,6,691,2840744,200,155,0
fixed,6,692,2851684,200,155,0
fixed,6,693,2761334,200,155,0
fixed,6,694,2998255,200,155,0
fixed,6,695,2862014,200,155,0
fixed,6,696,2740043,200,155,0
fixed,6,697,2836364,200,155,0
fixed,6,698,2837574,200,155,0
fixed,6,699,2843674,200,155,0
fixed,6,700,2857634,200,155,0
fixed,6,701,3151297,200,155,0
fixed,6,702,2852214,200,155,0
fixed,6,703,2815444,200,155,0
fixed,6,704,2840244,200,155,0
fixed,6,705,2864344,200,155,0
fixed,6,706,3130406,200,155,0
fixed,6,707,2843944,200,155,0
fixed,6,708,2757794,200,155,0
fixed,6,709,2776083,200,155,0
fixed,6,710,2805264,200,155,0
fixed,6,711,2887724,200,155,0
fixed,6,712,2951735,200,155,0
fixed,6,713,2792744,200,155,0
fixed,6,714,2824844,200,155,0
fixed,6,715,2822463,200,155,0
fixed,6,716,2806324,200,155,0
fixed,6,717,3055336,200,155,0
fixed,6,718,2932915,200,155,0
fixed,6,719,2834844,200,155,0
fixed,6,720,2830184,200,155,0
fixed,6,721,2769353,200,155,0
fixed,6,722,2771964,200,155,0
fixed,6,723,2850944,200,155,0
fixed,6,724,3040935,200,155,0
fixed,6,725,2852995,200,155,0
fixed,6,726,2828443,200,155,0
fixed,6,727,2801294,200,155,0
fixed,6,728,2787503,200,155,0
fixed,6,729,2991386,200,155,0
fixed,6,730,2876764,200,155,0
fixed,6,731,2845904,200,155,0
fixed,6,732,2821034,200,155,0
fixed,6,733,2823644,200,155,0
fixed,6,734,2787443,200,155,0
fixed,6,735,2872035,200,155,0
fixed,6,736,3147476,200,155,0
fixed,6,737,2837094,200,155,0
fixed,6,738,2786804,200,155,0
fixed,6,739,2752853,200,155,0
fixed,6,740,2827614,200,155,0
fixed,6,741,3106826,200,155,0
fixed,6,742,2758144,200,155,0
fixed,6,743,2793313,200,155,0
fixed,6,744,2818554,200,155,0
fixed,6,745,2827414,200,155,0
fixed,6,746,2897344,200,155,0
fixed,6,747,2946555,200,155,0
fixed,6,748,2862154,200,155,0
fixed,6,749,2821104,200,155,0
fixed,6,750,2969655,200,155,0
fixed,6,751,2818854,200,155,0
fixed,6,752,3001365,200,155,0
fixed,6,753,2852344,200,155,0
fixed,6,754,2739654,200,155,0
fixed,6,755,2715233,200,155,0
fixed,6,756,2717672,200,155,0
fixed,6,757,2711723,200,155,0
fixed,6,758,2744644,200,155,0
fixed,6,759,3371628,200,155,0
fixed,6,760,2819774,200,155,0
fixed,6,761,2747583,200,155,0
fixed,6,762,2666633,200,155,0
fixed,6,763,2754903,200,155,0
fixed,6,764,2901384,200,155,0
fixed,6,765,2793284,200,155,0
fixed,6,766,2745333,200,155,0
fixed,6,767,2778134,200,155,0
fixed,6,768,2713943,200,155,0
fixed,6,769,2722113,200,155,0
fixed,6,770,2806393,200,155,0
fixed,6,771,3063646,200,155,0
fixed,6,772,2783664,200,155,0
fixed,6,773,2689822,200,155,0
fixed,6,774,2815424,200,155,0
fixed,6,775,2864485,200,155,0
fixed,6,776,3125256,200,155,0
fixed,6,777,2848374,200,155,0
fixed,6,778,2778383,200,155,0
fixed,6,779,2817254,200,155,0
fixed,6,780,2803764,200,155,0
fixed,6,781,2908354,200,155,0
fixed,6,782,3009236,200,155,0
fixed,6,783,2755053,200,155,0
fixed,6,784,2888955,200,155,0
fixed,6,785,2831963,200,155,0
fixed,6,786,2829754,200,155,0
fixed,6,787,2875025,200,155,0
fixed,6,788,3048756,200,155,0
fixed,6,789,2781953,200,155,0
fixed,6,790,2790303,200,155,0
fixed,6,791,2887465,200,155,0
fixed,6,792,2792134,200,155,0
fixed,6,793,2825393,200,155,0
fixed,6,794,2855344,200,155,0
fixed,6,795,3116847,200,155,0
fixed,6,796,2807684,200,155,0
fixed,6,797,3100536,200,155,0
fixed,6,798,2862734,200,155,0
fixed,6,799,3110216,200,155,0
fixed,6,800,2823754,200,155,0
fixed,6,801,2823104,200,155,0
fixed,6,802,2831314,200,155,0
fixed,6,803,2772083,200,155,0
fixed,6,804,2820344,200,155,0
fixed,6,805,2830124,200,155,0
fixed,6,806,3108636,200,155,0
fixed,6,807,2866094,200,155,0
fixed,6,808,2771914,200,155,0
fixed,6,809,2820234,200,155,0
fixed,6,810,2838184,200,155,0
fixed,6,811,3084736,200,155,0
fixed,6,812,2829564,200,155,0
fixed,6,813,2780333,200,155,0
fixed,6,814,2751223,200,155,0
fixed,6,815,2749934,200,155,0
fixed,6,816,2892034,200,155,0
fixed,6,817,3012206,200,155,0
fixed,6,818,2845283,200,155,0
fixed,6,819,2798893,200,155,0
fixed,6,820,2768463,200,155,0
fixed,6,821,2788094,200,155,0
fixed,6,822,2865564,200,155,0
fixed,6,823,3035396,200,155,0
fixed,6,824,2821174,200,155,0
fixed,6,825,2816444,200,155,0
fixed,6,826,2822243,200,155,0
fixed,6,827,2846764,200,155,0
fixed,6,828,3150707,200,155,0
fixed,6,829,3185277,200,155,0
fixed,6,830,3012045,200,155,0
fixed,6,831,2825194,200,155,0
fixed,6,832,2808654,200,155,0
fixed,6,833,2950235,200,155,0
fixed,6,834,3228067,200,155,0
fixed,6,835,2784224,200,155,0
fixed,6,836,2744023,200,155,0
fixed,6,837,2746723,200,155,0
fixed,6,838,2724003,200,155,0
fixed,6,839,2767103,200,155,0
fixed,6,840,2997686,200,155,0
fixed,6,841,3161617,200,155,0
fixed,6,842,2784053,200,155,0
fixed,6,843,2757473,200,155,0
fixed,6,844,2779064,200,155,0
fixed,6,845,2918894,200,155,0
fixed,6,846,3077337,200,155,0
fixed,6,847,2914024,200,155,0
fixed,6,848,2933845,200,155,0
fixed,6,849,2968995,200,155,0
fixed,6,850,2941945,200,155,0
fixed,6,851,2960525,200,155,0
fixed,6,852,2846924,200,155,0
fixed,6,853,2809413,200,155,0
fixed,6,854,2767244,200,155,0
fixed,6,855,2759593,200,155,0
fixed,6,856,2856404,200,155,0
fixed,6,857,3294888,200,155,0
fixed,6,858,2781314,200,155,0
fixed,6,859,2741543,200,155,0
fixed,6,860,2769293,200,155,0
fixed,6,861,2895825,200,155,0
fixed,6,862,2893224,200,155,0
fixed,6,863,2909065,200,155,0
fixed,6,864,3152556,200,155,0
fixed,6,865,2846164,200,155,0
fixed,6,866,2877775,200,155,0
fixed,6,867,2854144,200,155,0
fixed,6,868,2964495,200,155,0
fixed,6,869,2976255,200,155,0
fixed,6,870,2821194,200,155,0
fixed,6,871,2816514,200,155,0
fixed,6,872,2780243,200,155,0
fixed,6,873,2815294,200,155,0
fixed,6,874,2902684,200,155,0
fixed,6,875,3080027,200,155,0
fixed,6,876,2768933,200,155,0
fixed,6,877,2800103,200,155,0
fixed,6,878,2774144,200,155,0
fixed,6,879,2953185,200,155,0
fixed,6,880,3411019,200,155,0
fixed,6,881,2806853,200,155,0
fixed,6,882,2770644,200,155,0
fixed,6,883,2723043,200,155,0
fixed,6,884,2720943,200,155,0
fixed,6,885,2951405,200,155,0
fixed,6,886,3021685,200,155,0
fixed,6,887,2902175,200,155,0
fixed,6,888,2811994,200,155,0
fixed,6,889,2861464,200,155,0
fixed,6,890,2805883,200,155,0
fixed,6,891,2993306,200,155,0
fixed,6,892,3150096,200,155,0
fixed,6,893,2828754,200,155,0
fixed,6,894,3001055,200,155,0
fixed,6,895,2827934,200,155,0
fixed,6,896,2796053,200,155,0
fixed,6,897,2898955,200,155,0
fixed,6,898,3156536,200,155,0
fixed,6,899,2813734,200,155,0
fixed,6,900,2833744,200,155,0
fixed,6,901,2839944,200,155,0
fixed,6,902,2944425,200,155,0
fixed,6,903,3215257,200,155,0
fixed,6,904,2851544,200,155,0
fixed,6,905,2854454,200,155,0
fixed,6,906,2824414,200,155,0
fixed,6,907,2937105,200,155,0
fixed,6,908,2862034,200,155,0
fixed,6,909,2959655,200,155,0
fixed,6,910,3084156,200,155,0
fixed,6,911,2865314,200,155,0
fixed,6,912,2892115,200,155,0
fixed,6,913,2844804,200,155,0
fixed,6,914,3009345,200,155,0
fixed,6,915,2993085,200,155,0
fixed,6,916,2859295,200,155,0
fixed,6,917,2766383,200,155,0
fixed,6,918,2801634,200,155,0
fixed,6,919,2828873,200,155,0
fixed,6,920,2960666,200,155,0
fixed,6,921,2850094,200,155,0
fixed,6,922,2838864,200,155,0
fixed,6,923,2775003,200,155,0
fixed,6,924,2869024,200,155,0
fixed,6,925,2834174,200,155,0
fixed,6,926,3194447,200,155,0
fixed,6,927,2810014,200,155,0
fixed,6,928,2831134,200,155,0
fixed,6,929,2711363,200,155,0
fixed,6,930,2808683,200,155,0
fixed,6,931,2865655,200,155,0
fixed,6,932,4057254,200,155,0
fixed,6,933,2914834,200,155,0
fixed,6,934,2827164,200,155,0
fixed,6,935,2817794,200,155,0
fixed,6,936,2846054,200,155,0
fixed,6,937,3551890,200,155,0
fixed,6,938,2867054,200,155,0
fixed,6,939,3548230,200,155,0
fixed,6,940,3052326,200,155,0
fixed,6,941,2791574,200,155,0
fixed,6,942,2860344,200,155,0
fixed,6,943,2944205,200,155,0
fixed,6,944,2928554,200,155,0
fixed,6,945,2741104,200,155,0
fixed,6,946,2745543,200,155,0
fixed,6,947,2852264,200,155,0
fixed,6,948,2921344,200,155,0
fixed,6,949,2970495,200,155,0
fixed,6,950,2834635,200,155,0
fixed,6,951,5150093,200,155,0
fixed,6,952,2865974,200,155,0
fixed,6,953,3006035,200,155,0
fixed,6,954,2938975,200,155,0
fixed,6,955,2849494,200,155,0
fixed,6,956,2865954,200,155,0
fixed,6,957,2865134,200,155,0
fixed,6,958,3251797,200,155,0
fixed,6,959,3149327,200,155,0
fixed,6,960,2837224,200,155,0
fixed,6,961,2805144,200,155,0
fixed,6,962,2791083,200,155,0
fixed,6,963,2763753,200,155,0
fixed,6,964,2871785,200,155,0
fixed,6,965,2932964,200,155,0
fixed,6,966,3162166,200,155,0
fixed,6,967,2852234,200,155,0
fixed,6,968,2853414,200,155,0
fixed,6,969,2891175,200,155,0
fixed,6,970,2903384,200,155,0
fixed,6,971,3052036,200,155,0
fixed,6,972,2925415,200,155,0
fixed,6,973,2822754,200,155,0
fixed,6,974,3591740,200,155,0
fixed,6,975,3256417,200,155,0
fixed,6,976,2840034,200,155,0
fixed,6,977,3241178,200,155,0
fixed,6,978,2867674,200,155,0
fixed,6,979,2820894,200,155,0
fixed,6,980,2745253,200,155,0
fixed,6,981,2838744,200,155,0
fixed,6,982,3125266,200,155,0
fixed,6,983,2850024,200,155,0
fixed,6,984,2798094,200,155,0
fixed,6,985,2779763,200,155,0
fixed,6,986,2775934,200,155,0
fixed,6,987,2885224,200,155,0
fixed,6,988,2897755,200,155,0
fixed,6,989,5639127,200,155,0
fixed,6,990,3372369,200,155,0
fixed,6,991,3006685,200,155,0
fixed,6,992,3230948,200,155,0
fixed,6,993,2941534,200,155,0
fixed,6,994,2851564,200,155,0
fixed,6,995,2854364,200,155,0
fixed,6,996,2826074,200,155,0
fixed,6,997,2809364,200,155,0
fixed,6,998,2886315,200,155,0
fixed,6,999,3095716,200,155,0
fixed,6,1000,2875464,200,155,0
